id,kind,paper_line,paper_section,description,reported_value,underlying_full_precision,numerator_denominator,result_artifact,location_in_artifact,generating_code,artifact_match,independent_recomputation,status,verification_command,notes
N001,result,242-244,Exp1 / between-family,Pfam-JSD rho at the earliest and latest layers,rho ~ 0.1-0.2,"L0 0.20984, L1 0.26324, L2 0.26890; L28 0.16496, L29 0.11390, L30/31 0.19265",,figure_data/exp1_between_family_by_layer.csv,"rows baseline=pfam_jsd, layer in {0,1,2,28,29,30,31}, column rho","scripts/baselines/ot_between_family_sweep.py:36-66 (baseline_matrices, score_wasserstein)",PARTIAL,YES (max |diff| 8.3e-17 vs my recomputation),MISMATCH (upper bound),"uv run python - <<'PY'
import pandas as pd
d=pd.read_csv('figure_data/exp1_between_family_by_layer.csv')
print(d[(d.baseline=='pfam_jsd')&(d.layer.isin([0,1,2,28,29,30,31]))][['layer','rho']])
PY","True for layers 28-31 (0.114-0.193) and layer 0 (0.210). Layers 1-2 are 0.263-0.269, above the stated 0.2 ceiling; layers 3-8 are 0.474-0.522, far above it."
N002,result,244-245,Exp1 / between-family,"Pfam-JSD rho in the middle of the model, layers 10-26",rho ~ 0.5-0.58,"min 0.40883 (L26), max 0.56977 (L12)",,figure_data/exp1_between_family_by_layer.csv,"rows baseline=pfam_jsd, layer 10..26, column rho",scripts/baselines/ot_between_family_sweep.py:36-66,PARTIAL,YES (8.3e-17),MISMATCH (range),"uv run python - <<'PY'
import pandas as pd
d=pd.read_csv('figure_data/exp1_between_family_by_layer.csv')
s=d[(d.baseline=='pfam_jsd')&d.layer.between(10,26)];print(s[['layer','rho']].to_string(index=False));print('min',s.rho.min(),'max',s.rho.max())
PY","Only layers 10-15 reach 0.50+. Layers 16-26 are 0.409-0.458. Max is 0.570, not 0.58. Stated as if it held across 10-26."
N003,result,245,Exp1 / between-family,"Pfam-JSD sits above both compositional controls, layers 10-26",qualitative,"holds at layers 10-24; fails at L25 (pfam 0.4189 < kmer 0.4261) and L26 (0.4088 < kmer 0.4477, < gc 0.4140)",24 of 32 layer-comparisons in range hold,figure_data/exp1_between_family_by_layer.csv,"pivot layer x baseline, rows 10..26",scripts/baselines/ot_between_family_sweep.py,PARTIAL,YES,MISMATCH (scope),"uv run python - <<'PY'
import pandas as pd
d=pd.read_csv('figure_data/exp1_between_family_by_layer.csv')
p=d.pivot(index='layer',columns='baseline',values='rho');print(p.loc[10:26].round(4))
PY",Claim is correct for layers 10-24 only.
N004,result,242-243,Exp1 / between-family,"Earliest and latest layers correlate moderately-to-highly with composition, particularly GC",qualitative,"GC: L0 0.6860, L1 0.5717, L29 0.5952, L30/31 0.6036; k-mer L1 0.6438 > GC 0.5717",,figure_data/exp1_between_family_by_layer.csv,"rows baseline in {gc_content,kmer}, layers 0-2 and 28-31",scripts/baselines/ot_between_family_sweep.py,YES,YES,PROBABLY CORRECT,"uv run python - <<'PY'
import pandas as pd
d=pd.read_csv('figure_data/exp1_between_family_by_layer.csv')
p=d.pivot(index='layer',columns='baseline',values='rho');print(p.loc[[0,1,2,28,29,30,31]].round(4))
PY","Holds except at layer 1, where k-mer (0.644) exceeds GC (0.572). Layer 2 is low for every baseline (0.17-0.27)."
N005,result,252-253,Exp1 / within-family,Median across-layer Spearman between the k-mer and species-tree per-family curves,0.913,0.912723 (n=48),,results/layer_sweep_summaries/mammalian-orthologs-cdsmask-48fam/within_family_vs_layer_metric_pairs.csv,"rows metric_a='k-mer composition (CDS)', metric_b='species tree (mammal)', column spearman_across_layers, median",scripts/layer_sweep_summary.py (metric-pair roll-up); upstream scripts/mammalian_orthologs/mammal_score.py --distance geodesic,"YES (exact, geodesic roll-up)",YES (0.916 / 0.891 from the angular tables),AMBIGUOUS (stale artifact),"uv run python - <<'PY'
import pandas as pd
g=pd.read_csv('results/layer_sweep_summaries/mammalian-orthologs-cdsmask-48fam/within_family_vs_layer_metric_pairs.csv')
A=pd.read_csv('results/layer_sweep_summaries/mammalian-orthologs-cdsmask-48fam/within_family_vs_layer_graphfree_metric_pairs.csv')
for nm,df,ka in ((""geodesic (matches the paper)"",g,'k-mer composition (CDS)'),(""angular (backs figures 2-3)"",A,'k-mer composition (CDS, k=6)')):
    for mb in ('species tree (mammal)','patristic tree'):
        s=df[(df.metric_a==ka)&(df.metric_b==mb)].spearman_across_layers
        print('%-28s %-22s n=%d median=%.4f min=%.4f max=%.4f'%(nm,mb,len(s),s.median(),s.min(),s.max()))
PY","Matches the GEODESIC roll-up exactly, but figures 2-3 and figure_data/exp1_within_family_by_layer.csv are built from the ANGULAR tables (0.916040 in the ANGULAR tables the figures use). Text and figure are from different distance metrics."
N006,result,253,Exp1 / within-family,Minimum of that distribution,0.173,0.172901,,results/layer_sweep_summaries/mammalian-orthologs-cdsmask-48fam/within_family_vs_layer_metric_pairs.csv,"same rows, min",scripts/layer_sweep_summary.py (metric-pair roll-up); upstream scripts/mammalian_orthologs/mammal_score.py --distance geodesic,"YES (exact, geodesic roll-up)",YES (0.916 / 0.891 from the angular tables),AMBIGUOUS (stale artifact),"uv run python - <<'PY'
import pandas as pd
g=pd.read_csv('results/layer_sweep_summaries/mammalian-orthologs-cdsmask-48fam/within_family_vs_layer_metric_pairs.csv')
A=pd.read_csv('results/layer_sweep_summaries/mammalian-orthologs-cdsmask-48fam/within_family_vs_layer_graphfree_metric_pairs.csv')
for nm,df,ka in ((""geodesic (matches the paper)"",g,'k-mer composition (CDS)'),(""angular (backs figures 2-3)"",A,'k-mer composition (CDS, k=6)')):
    for mb in ('species tree (mammal)','patristic tree'):
        s=df[(df.metric_a==ka)&(df.metric_b==mb)].spearman_across_layers
        print('%-28s %-22s n=%d median=%.4f min=%.4f max=%.4f'%(nm,mb,len(s),s.median(),s.min(),s.max()))
PY","Matches the GEODESIC roll-up exactly, but figures 2-3 and figure_data/exp1_within_family_by_layer.csv are built from the ANGULAR tables (0.000917 in the angular tables). Text and figure are from different distance metrics."
N007,result,253,Exp1 / within-family,Maximum of that distribution,0.988,0.988310,,results/layer_sweep_summaries/mammalian-orthologs-cdsmask-48fam/within_family_vs_layer_metric_pairs.csv,"same rows, max",scripts/layer_sweep_summary.py (metric-pair roll-up); upstream scripts/mammalian_orthologs/mammal_score.py --distance geodesic,"YES (exact, geodesic roll-up)",YES (0.916 / 0.891 from the angular tables),AMBIGUOUS (stale artifact),"uv run python - <<'PY'
import pandas as pd
g=pd.read_csv('results/layer_sweep_summaries/mammalian-orthologs-cdsmask-48fam/within_family_vs_layer_metric_pairs.csv')
A=pd.read_csv('results/layer_sweep_summaries/mammalian-orthologs-cdsmask-48fam/within_family_vs_layer_graphfree_metric_pairs.csv')
for nm,df,ka in ((""geodesic (matches the paper)"",g,'k-mer composition (CDS)'),(""angular (backs figures 2-3)"",A,'k-mer composition (CDS, k=6)')):
    for mb in ('species tree (mammal)','patristic tree'):
        s=df[(df.metric_a==ka)&(df.metric_b==mb)].spearman_across_layers
        print('%-28s %-22s n=%d median=%.4f min=%.4f max=%.4f'%(nm,mb,len(s),s.median(),s.min(),s.max()))
PY","Matches the GEODESIC roll-up exactly, but figures 2-3 and figure_data/exp1_within_family_by_layer.csv are built from the ANGULAR tables (0.991201 in the angular tables). Text and figure are from different distance metrics."
N008,result,253-254,Exp1 / within-family,Median across-layer Spearman between the k-mer and gene-tree (patristic) curves,0.862,0.862144 (n=47),,results/layer_sweep_summaries/mammalian-orthologs-cdsmask-48fam/within_family_vs_layer_metric_pairs.csv,"rows metric_b='patristic tree', median",scripts/layer_sweep_summary.py (metric-pair roll-up); upstream scripts/mammalian_orthologs/mammal_score.py --distance geodesic,"YES (exact, geodesic roll-up)",YES (0.916 / 0.891 from the angular tables),AMBIGUOUS (stale artifact),"uv run python - <<'PY'
import pandas as pd
g=pd.read_csv('results/layer_sweep_summaries/mammalian-orthologs-cdsmask-48fam/within_family_vs_layer_metric_pairs.csv')
A=pd.read_csv('results/layer_sweep_summaries/mammalian-orthologs-cdsmask-48fam/within_family_vs_layer_graphfree_metric_pairs.csv')
for nm,df,ka in ((""geodesic (matches the paper)"",g,'k-mer composition (CDS)'),(""angular (backs figures 2-3)"",A,'k-mer composition (CDS, k=6)')):
    for mb in ('species tree (mammal)','patristic tree'):
        s=df[(df.metric_a==ka)&(df.metric_b==mb)].spearman_across_layers
        print('%-28s %-22s n=%d median=%.4f min=%.4f max=%.4f'%(nm,mb,len(s),s.median(),s.min(),s.max()))
PY","Matches the GEODESIC roll-up exactly, but figures 2-3 and figure_data/exp1_within_family_by_layer.csv are built from the ANGULAR tables (0.890742 in the angular tables). Text and figure are from different distance metrics."
N009,result,254,Exp1 / within-family,Minimum of that distribution,-0.256,-0.256113,,results/layer_sweep_summaries/mammalian-orthologs-cdsmask-48fam/within_family_vs_layer_metric_pairs.csv,"same rows, min",scripts/layer_sweep_summary.py (metric-pair roll-up); upstream scripts/mammalian_orthologs/mammal_score.py --distance geodesic,"YES (exact, geodesic roll-up)",YES (0.916 / 0.891 from the angular tables),AMBIGUOUS (stale artifact),"uv run python - <<'PY'
import pandas as pd
g=pd.read_csv('results/layer_sweep_summaries/mammalian-orthologs-cdsmask-48fam/within_family_vs_layer_metric_pairs.csv')
A=pd.read_csv('results/layer_sweep_summaries/mammalian-orthologs-cdsmask-48fam/within_family_vs_layer_graphfree_metric_pairs.csv')
for nm,df,ka in ((""geodesic (matches the paper)"",g,'k-mer composition (CDS)'),(""angular (backs figures 2-3)"",A,'k-mer composition (CDS, k=6)')):
    for mb in ('species tree (mammal)','patristic tree'):
        s=df[(df.metric_a==ka)&(df.metric_b==mb)].spearman_across_layers
        print('%-28s %-22s n=%d median=%.4f min=%.4f max=%.4f'%(nm,mb,len(s),s.median(),s.min(),s.max()))
PY","Matches the GEODESIC roll-up exactly, but figures 2-3 and figure_data/exp1_within_family_by_layer.csv are built from the ANGULAR tables (-0.248763 in the angular tables). Text and figure are from different distance metrics."
N010,result,254,Exp1 / within-family,Maximum of that distribution,0.993,0.993022,,results/layer_sweep_summaries/mammalian-orthologs-cdsmask-48fam/within_family_vs_layer_metric_pairs.csv,"same rows, max",scripts/layer_sweep_summary.py (metric-pair roll-up); upstream scripts/mammalian_orthologs/mammal_score.py --distance geodesic,"YES (exact, geodesic roll-up)",YES (0.916 / 0.891 from the angular tables),AMBIGUOUS (stale artifact),"uv run python - <<'PY'
import pandas as pd
g=pd.read_csv('results/layer_sweep_summaries/mammalian-orthologs-cdsmask-48fam/within_family_vs_layer_metric_pairs.csv')
A=pd.read_csv('results/layer_sweep_summaries/mammalian-orthologs-cdsmask-48fam/within_family_vs_layer_graphfree_metric_pairs.csv')
for nm,df,ka in ((""geodesic (matches the paper)"",g,'k-mer composition (CDS)'),(""angular (backs figures 2-3)"",A,'k-mer composition (CDS, k=6)')):
    for mb in ('species tree (mammal)','patristic tree'):
        s=df[(df.metric_a==ka)&(df.metric_b==mb)].spearman_across_layers
        print('%-28s %-22s n=%d median=%.4f min=%.4f max=%.4f'%(nm,mb,len(s),s.median(),s.min(),s.max()))
PY","Matches the GEODESIC roll-up exactly, but figures 2-3 and figure_data/exp1_within_family_by_layer.csv are built from the ANGULAR tables (0.993401 in the angular tables). Text and figure are from different distance metrics."
N011,dataset,252,Exp1 / within-family,Number of families the medians are computed over,48 families,48 for the k-mer/species-tree pair; 47 for the k-mer/gene-tree pair (one family has no FastTree gene tree),48 / 47,results/layer_sweep_summaries/mammalian-orthologs-cdsmask-48fam/within_family_vs_layer_metric_pairs.csv,"row counts per (metric_a, metric_b)",scripts/layer_sweep_summary.py,PARTIAL,YES,MISMATCH (n for the gene-tree pair),"uv run python -c ""import pandas as pd;d=pd.read_csv('results/layer_sweep_summaries/mammalian-orthologs-cdsmask-48fam/within_family_vs_layer_metric_pairs.csv');print(d.groupby(['metric_a','metric_b']).size())""","The gene-tree median (N008) is over 47 families, not 48."
N012,result,320-321,Exp2 / controls,Fraction of codons changed by the synonymous recode,59.2%,"59.1420% (my recomputation, pooled over all codons of all 11,288 CDS)","2,862,579 changed / 4,840,183 codons",NONE — this number is in no stored artifact,n/a,scripts/controls/make_control_sequences.py:202-215 (synonymous_recode),NO ARTIFACT,YES (59.14%),MINOR ROUNDING DISCREPANCY,"uv run python /opt/dlami/nvme/.../scratchpad/recode_stats.py   # audit script, see PAPER_NUMBER_AUDIT.md Appendix A","Codon-change fraction is not persisted anywhere. My recomputation gives 59.14%, which rounds to 59.1%, not 59.2%. The recode is stochastic, so a 0.06 pp difference between draws is plausible."
N013,result,321,Exp2 / controls,Fraction of coding bases altered by the synonymous recode,22.9%,22.8522% pooled (my recomputation); 22.8193% as the mean of per-sequence rates in the stored table,"3,318,272 changed / 14,520,549 bases",figure_data/exp2_control_identity.csv,"row condition=synonymous_recode, column frac_bases_changed (0.228193)",scripts/controls/control_sequence_identity.py:280-289 (summarise_identity),YES (0.2282 -> 22.8%),YES (pooled 22.85% -> 22.9%),VERIFIED,"uv run python - <<'PY'
import pandas as pd
d=pd.read_csv('figure_data/exp2_control_identity.csv')
print(d.loc[d.condition=='synonymous_recode',['condition','frac_bases_changed','frac_changes_at_p3','p1_identity','p2_identity','p3_identity']].T)
PY",The paper's 22.9% matches the POOLED rate (22.85%); the stored table reports the mean of per-sequence rates (22.82% -> 22.8%). Both are defensible; they differ in the last digit.
N014,result,321,Exp2 / controls,Share of the recode's base changes that sit at codon position 3,81.7%,81.7539% pooled (my recomputation); 81.8393% in the stored table,"2,712,818 p3 changes / 3,318,272 total changes",figure_data/exp2_control_identity.csv,"row condition=synonymous_recode, column frac_changes_at_p3 (0.818393)",scripts/controls/control_sequence_identity.py:284-289,YES (0.8184 -> 81.8%),YES (pooled 81.75%),VERIFIED,"uv run python - <<'PY'
import pandas as pd
d=pd.read_csv('figure_data/exp2_control_identity.csv')
print(d.loc[d.condition=='synonymous_recode',['condition','frac_changes_at_p3']])
PY",Pooled 81.75% truncates to 81.7%; the stored per-sequence mean is 81.84% -> 81.8%. Same 0.1 pp convention question as N013.
N015,result,342-343,Exp2 / results,"Synonymous-recode between-family rho, layers 2 through 27",0.97-0.99,"min 0.960086 (L27), max 0.997136 (L2); three layers fall below 0.97 (L8 0.9625, L27 0.9601)",,figure_data/exp2_control_preservation.csv,"rows axis=between_family, condition=synonymous_recode, layer 2..27, column rho",scripts/mammalian_orthologs/mammal_controls_score.py:373-382,PARTIAL,"YES (recomputed at L15: 0.986308, exact)",MINOR DISCREPANCY (range),"uv run python - <<'PY'
import pandas as pd
d=pd.read_csv('figure_data/exp2_control_preservation.csv')
s=d[(d.axis=='between_family')&(d.condition=='synonymous_recode')&d.layer.between(2,27)];print(s[['layer','rho']].to_string(index=False));print('min',s.rho.min(),'max',s.rho.max())
PY",Actual range is 0.960-0.997. The stated 0.97 floor is exceeded downward at layers 8 and 27.
N016,result,343-344,Exp2 / results,Synonymous-recode between-family rho in the final blocks,0.88-0.90,"L28 0.883076, L29 0.892622, L30 0.904152, L31 0.904152",,figure_data/exp2_control_preservation.csv,"rows axis=between_family, condition=synonymous_recode, layer 28..31",scripts/mammalian_orthologs/mammal_controls_score.py,YES,YES,VERIFIED (after rounding),"uv run python - <<'PY'
import pandas as pd
d=pd.read_csv('figure_data/exp2_control_preservation.csv')
print(d[(d.axis=='between_family')&(d.condition=='synonymous_recode')&(d.layer>=28)][['layer','rho']])
PY",0.9042 rounds to 0.90. Note blocks 30 and 31 are identical because Evo2 returns identical hidden states there (see N076).
N017,result,345-346,Exp2 / results,Shuffle rungs consistently rank 6-mer > 4-mer > dinucleotide > GC across layers,qualitative ordering,The strict ordering holds at 16 of 32 layers. 6-mer > 4-mer at 22/32; 4-mer > dinuc at 25/32; dinuc > GC at 32/32.,16 / 32 layers,figure_data/exp2_control_preservation.csv,"rows axis=between_family, the four shuffle conditions, all layers",scripts/mammalian_orthologs/mammal_controls_score.py,NO,YES,INCORRECT,"uv run python - <<'PY'
import pandas as pd
d=pd.read_csv('figure_data/exp2_control_preservation.csv')
p=d[d.axis=='between_family'].pivot(index='layer',columns='condition',values='rho');ok=(p.kmer6_shuffle>p.kmer4_shuffle)&(p.kmer4_shuffle>p.dinuc_shuffle)&(p.dinuc_shuffle>p.gc_match);print('strict ordering holds at layers:',list(ok[ok].index));print('fails at:',list(ok[~ok].index))
PY","Only 'GC-matched is lowest' is consistent (32/32). The 6-mer/4-mer/dinucleotide ordering is not; the three curves overlap through most of the mid-stack. Mean-over-layers ordering does follow the stated rank (0.799/0.795/0.789/0.763), so the claim would be defensible as a statement about the means."
N018,result,350,Exp2 / results,Rho reached by shuffles that preserve only k-mer statistics,0.7-0.85,Across all layers the four shuffle rungs span 0.5195-0.9885; over layers 10-27 they span 0.6499-0.8259.,,figure_data/exp2_control_preservation.csv,"rows axis=between_family, the four shuffle conditions",scripts/mammalian_orthologs/mammal_controls_score.py,PARTIAL,YES,AMBIGUOUS,"uv run python - <<'PY'
import pandas as pd
d=pd.read_csv('figure_data/exp2_control_preservation.csv')
p=d[d.axis=='between_family'].pivot(index='layer',columns='condition',values='rho')[['kmer6_shuffle','kmer4_shuffle','dinuc_shuffle','gc_match']];print(p.round(4).to_string());print('all layers %.4f-%.4f'%(p.min().min(),p.max().max()));print('layers 10-27 %.4f-%.4f'%(p.loc[10:27].min().min(),p.loc[10:27].max().max()))
PY",No layer range is given in the sentence. 0.7-0.85 describes the mid-stack; the early layers reach 0.99 and the final blocks fall to 0.52.
N019,result,355-356,Exp2 / results,Within-family synonymous-recode rho in the middle layers,rho ~ 0.6-0.72,"layers 10-26: min 0.623247 (L13), max 0.721595 (L24)",mean over 48 families per layer,figure_data/exp2_control_preservation.csv,"rows axis=within_family, condition=synonymous_recode, mean of rho over family, layer 10..26",scripts/mammalian_orthologs/mammal_controls_score.py:354,YES,YES,VERIFIED FROM RESULT ARTIFACT,"uv run python - <<'PY'
import pandas as pd
d=pd.read_csv('figure_data/exp2_control_preservation.csv')
w=d[d.axis=='within_family'].groupby(['layer','condition'])['rho'].mean().unstack();print(w['synonymous_recode'].loc[10:26].round(4).to_string())
PY",
N020,result,356-357,Exp2 / results,Within-family shuffle rho in the middle layers,0.4-0.5,layers 10-26: 0.4117-0.6477 (the 0.4-0.5 band holds for layers 10-23; layers 24-26 sit at 0.577-0.648),,figure_data/exp2_control_preservation.csv,"rows axis=within_family, four shuffle conditions, mean over family",scripts/mammalian_orthologs/mammal_controls_score.py,PARTIAL,YES,MINOR DISCREPANCY (range),"uv run python - <<'PY'
import pandas as pd
d=pd.read_csv('figure_data/exp2_control_preservation.csv')
w=d[d.axis=='within_family'].groupby(['layer','condition'])['rho'].mean().unstack();print(w[['kmer6_shuffle','kmer4_shuffle','dinuc_shuffle','gc_match']].loc[10:26].round(4).to_string())
PY",
N021,result,355-356,Exp2 / results,The synonymous recode is the highest within-family rung,qualitative,"Among figure 4's five rungs it is highest at 27 of 32 layers; k-mer/dinucleotide shuffles beat it at layers 0, 3, 29, 30, 31.",27 / 32 layers,figure_data/exp2_control_preservation.csv,"rows axis=within_family, mean over family, all conditions",scripts/controls/plot_control_wasserstein.py (plots ORDINARY_CONTROLS only),PARTIAL,YES,PROBABLY CORRECT,"uv run python - <<'PY'
import pandas as pd
d=pd.read_csv('figure_data/exp2_control_preservation.csv')
w=d[d.axis=='within_family'].groupby(['layer','condition'])['rho'].mean().unstack()[['synonymous_recode','kmer6_shuffle','kmer4_shuffle','dinuc_shuffle','gc_match']];print(w.round(4).to_string());print('recode is the max at layers:',[int(L) for L in w.index if w.loc[L].idxmax()=='synonymous_recode'])
PY","True over the middle of the stack, which is where the sentence sits."
N022,param,394,Exp2 / matched control,Base-change rate shared by the two paired-p3 arms,14.8%,"14.7228% (my recomputation over the same 11,288 CDS)","2,137,832 edited codons x 1 base / 14,520,549 bases",NONE — not persisted,n/a,scripts/controls/make_control_sequences.py:255-282 (paired_p3),NO ARTIFACT,YES (14.72%),MINOR DISCREPANCY,"uv run python audit_scripts/paired_p3_stats.py   # audit script, Appendix A","Eligibility is DETERMINISTIC given the sequence set, so this is not sampling noise: 44.1684/3 = 14.7228. The paper's 14.8 = 44.4/3."
N023,param,395,Exp2 / matched control,Share of codons that are paired-p3 eligible,44.4%,44.1684% (my recomputation); 44.1688% over sense codons; 44.2721% over sense non-stop codons; 44.0630% as the mean of per-sequence rates,"2,137,832 eligible / 4,840,183 codons",NONE — not persisted,n/a,scripts/controls/make_control_sequences.py:230-243 (_p3_alternatives),NO ARTIFACT,YES (44.17%),AMBIGUOUS,uv run python audit_scripts/paired_p3_stats.py,"No denominator I tried reaches 44.4%. Deterministic, so the 0.23 pp gap points at a different sequence set rather than a different draw."
N024,result,396,Exp2 / matched control,Amino-acid identity retained by the nonsynonymous arm,~55.6%,55.7279% (my recomputation),"2,691,010 unchanged aa / 4,828,842 sense non-stop codons",NONE — not persisted,n/a,scripts/controls/make_control_sequences.py:255-282,NO ARTIFACT,YES (55.73%),AMBIGUOUS,uv run python audit_scripts/paired_p3_stats.py,"The paper's 55.6 = 100 - 44.4, i.e. derived from N023 rather than measured. Measured value is 55.73%."
N025,result,381-386,Exp2 / matched control,"Protein disruption: little effect in the earliest layers, a modest mid-stack decrease, a substantially larger decrease in the final layers",qualitative,"missense_subset minus synonymous_recode between-family rho: L0-2 +0.0103, L3-9 +0.0029, L10-23 -0.0261, L24-27 -0.0307, L28-31 -0.1603",,figure_data/exp2_control_preservation.csv,"rows axis=between_family, conditions missense_subset and synonymous_recode, all layers",scripts/mammalian_orthologs/mammal_controls_score.py,YES,YES (recomputed at L15: 0.952650 exact),VERIFIED,"uv run python - <<'PY'
import pandas as pd
d=pd.read_csv('figure_data/exp2_control_preservation.csv')
p=d[d.axis=='between_family'].pivot(index='layer',columns='condition',values='rho');g=p.missense_subset-p.synonymous_recode;print(g.round(4).to_string());print({k:round(g.loc[s:e].mean(),4) for k,(s,e) in {'L0-2':(0,2),'L3-9':(3,9),'L10-23':(10,23),'L24-27':(24,27),'L28-31':(28,31)}.items()})
PY","The paired_p3 arm shows the same shape but larger (L10-23 -0.080, L28-31 -0.205). Figure 12's missense arm is being re-embedded right now (see the stale-results section)."
N026,result,508-509,Exp3 / direction geometry,Leave-one-out cosine is near zero through layers 9-20,~0,median LOO cos: -0.0826 to -0.0090 across layers 9-20,,figure_data/exp3_direction_layer_stats.csv,"panel=paired103, layer 9..20, column loo_median",scripts/steering/platypus/figures.py; upstream stage2 direction estimation,YES,NOT ATTEMPTED (needs the paired-panel embeddings),VERIFIED FROM RESULT ARTIFACT,"uv run python - <<'PY'
import pandas as pd
d=pd.read_csv('figure_data/exp3_direction_layer_stats.csv')
print(d.loc[d.layer.between(9,20),['layer','loo_median','loo_mean']].round(4).to_string(index=False))
PY",
N027,result,509,Exp3 / direction geometry,LOO cosine rises from layer ~21,~21,"L21 0.0126, L22 0.0705, L23 0.2201, L24 0.4917, L25 0.5527, L26 0.6811, L27 0.7299",,figure_data/exp3_direction_layer_stats.csv,"panel=paired103, layer 21..27, column loo_median",scripts/steering/platypus/figures.py,YES,NOT ATTEMPTED,VERIFIED FROM RESULT ARTIFACT,"uv run python - <<'PY'
import pandas as pd
d=pd.read_csv('figure_data/exp3_direction_layer_stats.csv')
print(d.loc[d.layer.between(21,27),['layer','loo_median']].round(4).to_string(index=False))
PY",
N028,result,509-510,Exp3 / direction geometry,LOO cosine saturates near 1.0 at layers 28-31,near 1.0,"L28 0.7988, L29 0.7723, L30 0.9764, L31 0.9764",,figure_data/exp3_direction_layer_stats.csv,"panel=paired103, layer 28..31, column loo_median",scripts/steering/platypus/figures.py,PARTIAL,NOT ATTEMPTED,PROBABLY CORRECT,"uv run python - <<'PY'
import pandas as pd
d=pd.read_csv('figure_data/exp3_direction_layer_stats.csv')
print(d.loc[d.layer>=28,['layer','loo_median','loo_mean','delta_norm_cv']].round(4).to_string(index=False))
PY",'Near 1.0' is generous for layers 28-29 (0.77-0.80). Layers 30 and 31 are identical because Evo2 returns identical hidden states there.
N029,result,513-514,Exp3 / direction geometry,Magnitude spread is relatively higher through layers 9-23,qualitative,"delta_norm_cv 2.3685 (L9) declining to 1.7555 (L23), against 0.32-0.68 at layers 24-27",,figure_data/exp3_direction_layer_stats.csv,"panel=paired103, column delta_norm_cv",scripts/steering/platypus/figures.py (8b_magnitude_spread),YES,NOT ATTEMPTED,VERIFIED FROM RESULT ARTIFACT,"uv run python - <<'PY'
import pandas as pd
d=pd.read_csv('figure_data/exp3_direction_layer_stats.csv')
print(d[['layer','delta_norm_median','delta_norm_cv']].round(4).to_string(index=False))
PY",
N030,result,514-515,Exp3 / direction geometry,Magnitude spread reaches a global minimum at layer 27,layer 27,"delta_norm_cv minimum 0.3226 at layer 27 (next lowest 0.4043 at L26, 0.4244 at L6)",,figure_data/exp3_direction_layer_stats.csv,"panel=paired103, column delta_norm_cv, argmin",scripts/steering/platypus/figures.py,YES,NOT ATTEMPTED,VERIFIED FROM RESULT ARTIFACT,"uv run python - <<'PY'
import pandas as pd
d=pd.read_csv('figure_data/exp3_direction_layer_stats.csv')
print('argmin layer',int(d.loc[d.delta_norm_cv.idxmin(),'layer']),'=',round(d.delta_norm_cv.min(),4));print(d.nsmallest(4,'delta_norm_cv')[['layer','delta_norm_cv']].to_string(index=False))
PY",
N031,result,596,Exp3 / steering results,"Stratum 0 private-bp recovery, unsteered",~42%,legacy pct_private_correct = 42.187 | headline pct_autapomorphy_correct = 39.807 | pairwise pct_diagnostic_correct = 41.860,gene-mean then stratum-mean over ~80 genes,"results/2026-08-08_platypus-strat-400/stage4_cds_mean_blocks27/stage4_scores.csv ; FROZEN COPY (checksummed, gitignored): .frozen/2026-08-31/results/2026-08-08_platypus-strat-400/stage4_cds_mean_blocks27/stage4_scores.csv","rows condition in {unsteered, add_a4.0}, column pct_private_correct, grouped by gene then stratum",scripts/steering/platypus/strat/stage4_steer.py (legacy) / stage4_rescore_nt.py (current),YES against the LEGACY column only,YES,AMBIGUOUS (superseded metric),"uv run python - <<'PY'
import pandas as pd
d=pd.read_csv('results/2026-08-08_platypus-strat-400/stage4_cds_mean_blocks27/stage4_scores.csv')
n=pd.read_csv('results/2026-08-08_platypus-strat-400/stage4_cds_mean_blocks27/stage4_scores_nt.csv')
c=['unsteered','add_a4.0']
for src,col in ((d,'pct_private_correct'),(n,'pct_diagnostic_correct'),(n,'pct_autapomorphy_correct')):
    g=src[src.condition.isin(c)].groupby(['gene','stratum','condition'])[col].mean().reset_index()
    print(col);print(g.pivot_table(index='stratum',columns='condition',values=col,aggfunc='mean')[c].round(3));print()
PY","The paper's numbers match pct_private_correct, which strat_metric.py labels 'PRE-FIX pairwise ... historical only ... NOT the private metric'. Figures 7-8 plot pct_autapomorphy_correct, which the paper's own definition of 'private' describes. The legacy column is NOT in figure_data/, so this number cannot be checked from the tracked tables at all. FROZEN: the legacy table is byte-identical to .frozen/2026-08-31/... (sha256 c3a5e8112c9c879b0cb92d18d4f3b4ecdae2754a6c08d6e952f1abe64d17c54f, pinned at .frozen/2026-08-31/MANIFEST.sha256:19130), but .frozen/ is gitignored (.gitignore:116) and the later .frozen/figure_data_pre_refactor_2026-09-01 freeze carries only stage4_scores_nt.csv. The metric is regenerable from generations.jsonl.gz, which is retained in both copies."
N032,result,596-597,Exp3 / steering results,Stratum 0 private-bp recovery at alpha = 4,~46%,legacy pct_private_correct = 45.696 | headline pct_autapomorphy_correct = 44.028 | pairwise pct_diagnostic_correct = 45.183,gene-mean then stratum-mean over ~80 genes,"results/2026-08-08_platypus-strat-400/stage4_cds_mean_blocks27/stage4_scores.csv ; FROZEN COPY (checksummed, gitignored): .frozen/2026-08-31/results/2026-08-08_platypus-strat-400/stage4_cds_mean_blocks27/stage4_scores.csv","rows condition in {unsteered, add_a4.0}, column pct_private_correct, grouped by gene then stratum",scripts/steering/platypus/strat/stage4_steer.py (legacy) / stage4_rescore_nt.py (current),YES against the LEGACY column only,YES,AMBIGUOUS (superseded metric),"uv run python - <<'PY'
import pandas as pd
d=pd.read_csv('results/2026-08-08_platypus-strat-400/stage4_cds_mean_blocks27/stage4_scores.csv')
n=pd.read_csv('results/2026-08-08_platypus-strat-400/stage4_cds_mean_blocks27/stage4_scores_nt.csv')
c=['unsteered','add_a4.0']
for src,col in ((d,'pct_private_correct'),(n,'pct_diagnostic_correct'),(n,'pct_autapomorphy_correct')):
    g=src[src.condition.isin(c)].groupby(['gene','stratum','condition'])[col].mean().reset_index()
    print(col);print(g.pivot_table(index='stratum',columns='condition',values=col,aggfunc='mean')[c].round(3));print()
PY","The paper's numbers match pct_private_correct, which strat_metric.py labels 'PRE-FIX pairwise ... historical only ... NOT the private metric'. Figures 7-8 plot pct_autapomorphy_correct, which the paper's own definition of 'private' describes. The legacy column is NOT in figure_data/, so this number cannot be checked from the tracked tables at all. FROZEN: the legacy table is byte-identical to .frozen/2026-08-31/... (sha256 c3a5e8112c9c879b0cb92d18d4f3b4ecdae2754a6c08d6e952f1abe64d17c54f, pinned at .frozen/2026-08-31/MANIFEST.sha256:19130), but .frozen/ is gitignored (.gitignore:116) and the later .frozen/figure_data_pre_refactor_2026-09-01 freeze carries only stage4_scores_nt.csv. The metric is regenerable from generations.jsonl.gz, which is retained in both copies."
N035,result,598,Exp3 / steering results,"Stratum 4 private-bp recovery, unsteered",~36%,legacy pct_private_correct = 36.362 | headline pct_autapomorphy_correct = 31.691 | pairwise pct_diagnostic_correct = 36.314,gene-mean then stratum-mean over ~80 genes,"results/2026-08-08_platypus-strat-400/stage4_cds_mean_blocks27/stage4_scores.csv ; FROZEN COPY (checksummed, gitignored): .frozen/2026-08-31/results/2026-08-08_platypus-strat-400/stage4_cds_mean_blocks27/stage4_scores.csv","rows condition in {unsteered, add_a4.0}, column pct_private_correct, grouped by gene then stratum",scripts/steering/platypus/strat/stage4_steer.py (legacy) / stage4_rescore_nt.py (current),YES against the LEGACY column only,YES,AMBIGUOUS (superseded metric),"uv run python - <<'PY'
import pandas as pd
d=pd.read_csv('results/2026-08-08_platypus-strat-400/stage4_cds_mean_blocks27/stage4_scores.csv')
n=pd.read_csv('results/2026-08-08_platypus-strat-400/stage4_cds_mean_blocks27/stage4_scores_nt.csv')
c=['unsteered','add_a4.0']
for src,col in ((d,'pct_private_correct'),(n,'pct_diagnostic_correct'),(n,'pct_autapomorphy_correct')):
    g=src[src.condition.isin(c)].groupby(['gene','stratum','condition'])[col].mean().reset_index()
    print(col);print(g.pivot_table(index='stratum',columns='condition',values=col,aggfunc='mean')[c].round(3));print()
PY","The paper's numbers match pct_private_correct, which strat_metric.py labels 'PRE-FIX pairwise ... historical only ... NOT the private metric'. Figures 7-8 plot pct_autapomorphy_correct, which the paper's own definition of 'private' describes. The legacy column is NOT in figure_data/, so this number cannot be checked from the tracked tables at all. FROZEN: the legacy table is byte-identical to .frozen/2026-08-31/... (sha256 c3a5e8112c9c879b0cb92d18d4f3b4ecdae2754a6c08d6e952f1abe64d17c54f, pinned at .frozen/2026-08-31/MANIFEST.sha256:19130), but .frozen/ is gitignored (.gitignore:116) and the later .frozen/figure_data_pre_refactor_2026-09-01 freeze carries only stage4_scores_nt.csv. The metric is regenerable from generations.jsonl.gz, which is retained in both copies."
N036,result,598,Exp3 / steering results,Stratum 4 private-bp recovery at alpha = 4,~44%,legacy pct_private_correct = 44.035 | headline pct_autapomorphy_correct = 41.640 | pairwise pct_diagnostic_correct = 44.051,gene-mean then stratum-mean over ~80 genes,"results/2026-08-08_platypus-strat-400/stage4_cds_mean_blocks27/stage4_scores.csv ; FROZEN COPY (checksummed, gitignored): .frozen/2026-08-31/results/2026-08-08_platypus-strat-400/stage4_cds_mean_blocks27/stage4_scores.csv","rows condition in {unsteered, add_a4.0}, column pct_private_correct, grouped by gene then stratum",scripts/steering/platypus/strat/stage4_steer.py (legacy) / stage4_rescore_nt.py (current),YES against the LEGACY column only,YES,AMBIGUOUS (superseded metric),"uv run python - <<'PY'
import pandas as pd
d=pd.read_csv('results/2026-08-08_platypus-strat-400/stage4_cds_mean_blocks27/stage4_scores.csv')
n=pd.read_csv('results/2026-08-08_platypus-strat-400/stage4_cds_mean_blocks27/stage4_scores_nt.csv')
c=['unsteered','add_a4.0']
for src,col in ((d,'pct_private_correct'),(n,'pct_diagnostic_correct'),(n,'pct_autapomorphy_correct')):
    g=src[src.condition.isin(c)].groupby(['gene','stratum','condition'])[col].mean().reset_index()
    print(col);print(g.pivot_table(index='stratum',columns='condition',values=col,aggfunc='mean')[c].round(3));print()
PY","The paper's numbers match pct_private_correct, which strat_metric.py labels 'PRE-FIX pairwise ... historical only ... NOT the private metric'. Figures 7-8 plot pct_autapomorphy_correct, which the paper's own definition of 'private' describes. The legacy column is NOT in figure_data/, so this number cannot be checked from the tracked tables at all. FROZEN: the legacy table is byte-identical to .frozen/2026-08-31/... (sha256 c3a5e8112c9c879b0cb92d18d4f3b4ecdae2754a6c08d6e952f1abe64d17c54f, pinned at .frozen/2026-08-31/MANIFEST.sha256:19130), but .frozen/ is gitignored (.gitignore:116) and the later .frozen/figure_data_pre_refactor_2026-09-01 freeze carries only stage4_scores_nt.csv. The metric is regenerable from generations.jsonl.gz, which is retained in both copies."
N033,result,597,Exp3 / steering results,"Stratum 0 amino-acid identity, unsteered",~17%,17.169,gene-mean then stratum-mean,figure_data/exp3_steering_outcomes.csv,"rows condition in {unsteered, add_a4.0}, column aa_id_to_target, mean by stratum",scripts/steering/platypus/strat/stage4_rescore_nt.py,YES,YES (identical in stage4_scores.csv and stage4_scores_nt.csv),VERIFIED,"uv run python - <<'PY'
import pandas as pd
d=pd.read_csv('figure_data/exp3_steering_outcomes.csv')
c=['unsteered','add_a4.0'];print(d[d.condition.isin(c)].pivot_table(index='stratum',columns='condition',values='aa_id_to_target',aggfunc='mean')[c].round(3))
PY","Means over genes, not medians (the medians are ~14-16% everywhere and do not reproduce these numbers). aa_id_to_target is byte-identical in stage4_scores.csv and stage4_scores_nt.csv (48,484 rows, max |diff| 0.0), so unlike the private-bp metric this column was never redefined and is fully checkable from figure_data/."
N034,result,597,Exp3 / steering results,Stratum 0 amino-acid identity at alpha = 4,~15%,14.771,gene-mean then stratum-mean,figure_data/exp3_steering_outcomes.csv,"rows condition in {unsteered, add_a4.0}, column aa_id_to_target, mean by stratum",scripts/steering/platypus/strat/stage4_rescore_nt.py,YES,YES (identical in stage4_scores.csv and stage4_scores_nt.csv),VERIFIED,"uv run python - <<'PY'
import pandas as pd
d=pd.read_csv('figure_data/exp3_steering_outcomes.csv')
c=['unsteered','add_a4.0'];print(d[d.condition.isin(c)].pivot_table(index='stratum',columns='condition',values='aa_id_to_target',aggfunc='mean')[c].round(3))
PY","Means over genes, not medians (the medians are ~14-16% everywhere and do not reproduce these numbers). aa_id_to_target is byte-identical in stage4_scores.csv and stage4_scores_nt.csv (48,484 rows, max |diff| 0.0), so unlike the private-bp metric this column was never redefined and is fully checkable from figure_data/."
N037,result,598-599,Exp3 / steering results,"Stratum 4 amino-acid identity, unsteered",~36%,35.664,gene-mean then stratum-mean,figure_data/exp3_steering_outcomes.csv,"rows condition in {unsteered, add_a4.0}, column aa_id_to_target, mean by stratum",scripts/steering/platypus/strat/stage4_rescore_nt.py,YES,YES (identical in stage4_scores.csv and stage4_scores_nt.csv),VERIFIED,"uv run python - <<'PY'
import pandas as pd
d=pd.read_csv('figure_data/exp3_steering_outcomes.csv')
c=['unsteered','add_a4.0'];print(d[d.condition.isin(c)].pivot_table(index='stratum',columns='condition',values='aa_id_to_target',aggfunc='mean')[c].round(3))
PY","Means over genes, not medians (the medians are ~14-16% everywhere and do not reproduce these numbers). aa_id_to_target is byte-identical in stage4_scores.csv and stage4_scores_nt.csv (48,484 rows, max |diff| 0.0), so unlike the private-bp metric this column was never redefined and is fully checkable from figure_data/."
N038,result,599,Exp3 / steering results,Stratum 4 amino-acid identity at alpha = 4,~19%,18.591,gene-mean then stratum-mean,figure_data/exp3_steering_outcomes.csv,"rows condition in {unsteered, add_a4.0}, column aa_id_to_target, mean by stratum",scripts/steering/platypus/strat/stage4_rescore_nt.py,YES,YES (identical in stage4_scores.csv and stage4_scores_nt.csv),VERIFIED,"uv run python - <<'PY'
import pandas as pd
d=pd.read_csv('figure_data/exp3_steering_outcomes.csv')
c=['unsteered','add_a4.0'];print(d[d.condition.isin(c)].pivot_table(index='stratum',columns='condition',values='aa_id_to_target',aggfunc='mean')[c].round(3))
PY","Means over genes, not medians (the medians are ~14-16% everywhere and do not reproduce these numbers). aa_id_to_target is byte-identical in stage4_scores.csv and stage4_scores_nt.csv (48,484 rows, max |diff| 0.0), so unlike the private-bp metric this column was never redefined and is fully checkable from figure_data/."
N039,result,582-583,Exp3 / steering results,Private base-pair recovery improves over unsteered in every stratum,qualitative,mean per-gene delta at alpha=1: +1.482 / +2.229 / +1.930 / +2.692 / +4.949 pp (autapomorphy metric),,figure_data/exp3_steering_outcomes.csv,"conditions unsteered and add_a1.0, column pct_autapomorphy_correct, paired by gene",scripts/steering/platypus/strat/steering_delta_strip.py,YES,YES,VERIFIED,"uv run python - <<'PY'
import pandas as pd
d=pd.read_csv('figure_data/exp3_steering_outcomes.csv')
u=d[d.condition=='unsteered'].set_index('gene');a=d[d.condition=='add_a1.0'].set_index('gene');k=u.index.intersection(a.index);z=(a.loc[k,['pct_autapomorphy_correct','aa_id_to_target']]-u.loc[k,['pct_autapomorphy_correct','aa_id_to_target']]);z['stratum']=u.loc[k,'stratum'];print(z.groupby('stratum').mean().round(3))
PY",Holds for both the autapomorphy and the pairwise metric.
N040,result,583-584,Exp3 / steering results,The improvement mostly grows with conservation,qualitative,+1.48 / +2.23 / +1.93 / +2.69 / +4.95 pp — monotone apart from stratum 2,,figure_data/exp3_steering_outcomes.csv,as N039,scripts/steering/platypus/strat/steering_delta_strip.py,YES,YES,VERIFIED,see N039,"results_n400.md reports rho = +0.115 (p = 0.022) for this gradient at alpha = 1, and notes it disappears (+0.032, p = 0.52) once the unsteered baseline is partialled out. That caveat is not in the manuscript."
N041,result,584-585,Exp3 / steering results,"Amino-acid identity change turns increasingly negative in more conserved genes, 'with the exception of stratum four'",exception = stratum four,"mean delta aa identity at alpha=1: s0 +0.059, s1 -0.956, s2 -2.325, s3 -0.614, s4 -5.096",,figure_data/exp3_steering_outcomes.csv,"conditions unsteered and add_a1.0, column aa_id_to_target, paired by gene, mean by stratum",scripts/steering/platypus/strat/steering_delta_strip.py,NO,YES,INCORRECT,see N039,"Stratum 4 is the MOST negative value and therefore the strongest case for the trend, not the exception. The break in monotonicity is at stratum THREE (-0.614). Likely an off-by-one in the stratum index."
N042,result,587-588,Exp3 / steering results,Indel burden and premature stops do not shift significantly across strata,qualitative,delta indel (% of generated bp) at alpha=1 by stratum: -0.050 / -0.129 / -0.183 / +0.001 / +0.354; delta premature_stop: -0.091 / -0.017 / -0.086 / -0.092 / -0.067,,figure_data/exp3_steering_outcomes.csv,"columns indel_bp, gen_bp, premature_stop, paired by gene",scripts/steering/platypus/strat/steering_delta_strip.py,YES,YES,PROBABLY CORRECT,"uv run python - <<'PY'
import pandas as pd
d=pd.read_csv('figure_data/exp3_steering_outcomes.csv')
u=d[d.condition=='unsteered'].set_index('gene');a=d[d.condition=='add_a1.0'].set_index('gene');k=u.index.intersection(a.index);import pandas as pd;z=pd.DataFrame({'stratum':u.loc[k,'stratum'],'d_indel_pct':100*(a.loc[k,'indel_bp']/a.loc[k,'gen_bp']-u.loc[k,'indel_bp']/u.loc[k,'gen_bp']),'d_prem_stop':a.loc[k,'premature_stop']-u.loc[k,'premature_stop']});print(z.groupby('stratum').mean().round(4))
PY",No significance test is reported anywhere for this claim; 'significantly' is used informally.
N043,result,641-642,Exp3 / site directionality,Platypus-choice rate C rises with alpha and saturates around alpha = 2-3,qualitative,"level C at private sites: base 51.406, then 52.966 / 53.759 / 54.727 / 54.744 / 54.375 for alpha 0.5/1/2/3/4",,figure_data/exp3_site_directionality_summary.csv,"rows site_set=private, condition add_a{0.5,1,2,3,4}, columns base_C, lvl_C, d_C",scripts/steering/platypus/strat/site_directionality.py,YES,"NOT ATTEMPTED (needs the generated sequences, not tracked)",VERIFIED FROM RESULT ARTIFACT,"uv run python - <<'PY'
import pandas as pd
d=pd.read_csv('figure_data/exp3_site_directionality_summary.csv')
c=['add_a0.5','add_a1.0','add_a2.0','add_a3.0','add_a4.0'];s=d[(d.site_set=='private')&d.condition.isin(c)].set_index('condition').reindex(c);print(s[['n_genes_total','n_sites_mean','base_L','lvl_L','d_L','base_C','lvl_C','d_C']].round(3))
PY",
N044,result,642-643,Exp3 / site directionality,"C decreases at the strongest setting, alpha = 4",qualitative,d_C 3.338 at alpha=3 falls to 2.968 at alpha=4,,figure_data/exp3_site_directionality_summary.csv,"rows site_set=private, column d_C",scripts/steering/platypus/strat/site_directionality.py,YES,NOT ATTEMPTED,VERIFIED FROM RESULT ARTIFACT,see N043,
N045,result,645-646,Exp3 / site directionality,Leave-human rate L increases monotonically,qualitative,"lvl_L 71.144 / 73.765 / 76.576 / 78.468 / 79.430 over alpha 0.5-4, from a base of 70.255",,figure_data/exp3_site_directionality_summary.csv,"rows site_set=private, columns base_L, lvl_L",scripts/steering/platypus/strat/site_directionality.py,YES,NOT ATTEMPTED,VERIFIED FROM RESULT ARTIFACT,see N043,
N046,result,646,Exp3 / site directionality,L moves over a substantially wider range than C,[give the axis ranges here],d_L spans 0.890 to 9.175 pp; d_C spans 1.560 to 3.338 pp,,figure_data/exp3_site_directionality_summary.csv,"rows site_set=private, columns d_L and d_C",scripts/steering/platypus/strat/site_directionality.py,YES,NOT ATTEMPTED,VERIFIED FROM RESULT ARTIFACT,see N043,The manuscript contains a literal placeholder '[give the axis ranges here]' at this point.
N047,result,657-661,Exp3 / site directionality,"At non-private mismatch sites, increasing alpha does not strengthen the platypus signal",qualitative,d_C at shared_not_private sites: +0.905 / +0.838 / +0.085 / -0.374 / -0.865 over alpha 0.5-4,,figure_data/exp3_site_directionality_summary.csv,"rows site_set=shared_not_private, column d_C",scripts/steering/platypus/strat/site_directionality.py,YES,NOT ATTEMPTED,VERIFIED FROM RESULT ARTIFACT,"uv run python - <<'PY'
import pandas as pd
d=pd.read_csv('figure_data/exp3_site_directionality_summary.csv')
c=['add_a0.5','add_a1.0','add_a2.0','add_a3.0','add_a4.0'];print(d[(d.site_set=='shared_not_private')&d.condition.isin(c)].set_index('condition').reindex(c)[['base_C','lvl_C','d_C','base_L','lvl_L','d_L']].round(3))
PY",
N048,result,668-669,Exp3 / what the model generates,"GC3 of generations, unsteered",61%,60.73 (mean) / 61.57 (median),"mean over ~4,781 (gene, condition, sample) rows",figure_data/exp3_codon_substitutions.csv,"rows condition=unsteered, column gc3","scripts/steering/platypus/strat/gc_codon_figures.py:437-460 (panel_gc_by_position, plots the mean)",YES,YES,VERIFIED,"uv run python - <<'PY'
import pandas as pd
d=pd.read_csv('figure_data/exp3_codon_substitutions.csv')
c=['unsteered','add_a0.5','add_a1.0','add_a2.0','add_a3.0','add_a4.0'];print(d[d.condition.isin(c)].groupby('condition')[['gc1','gc2','gc3']].mean().reindex(c).round(2))
PY","The figure plots the mean, and the means reproduce all six numbers to the nearest percent."
N049,result,669,Exp3 / what the model generates,GC3 of generations at alpha = 4,91%,90.56 (mean) / 91.02 (median),"mean over ~4,781 (gene, condition, sample) rows",figure_data/exp3_codon_substitutions.csv,"rows condition=add_a4.0, column gc3","scripts/steering/platypus/strat/gc_codon_figures.py:437-460 (panel_gc_by_position, plots the mean)",YES,YES,VERIFIED,"uv run python - <<'PY'
import pandas as pd
d=pd.read_csv('figure_data/exp3_codon_substitutions.csv')
c=['unsteered','add_a0.5','add_a1.0','add_a2.0','add_a3.0','add_a4.0'];print(d[d.condition.isin(c)].groupby('condition')[['gc1','gc2','gc3']].mean().reindex(c).round(2))
PY","The figure plots the mean, and the means reproduce all six numbers to the nearest percent."
N050,result,669,Exp3 / what the model generates,"GC1 of generations, unsteered",58%,58.24 (mean),"mean over ~4,781 (gene, condition, sample) rows",figure_data/exp3_codon_substitutions.csv,"rows condition=unsteered, column gc1","scripts/steering/platypus/strat/gc_codon_figures.py:437-460 (panel_gc_by_position, plots the mean)",YES,YES,VERIFIED,"uv run python - <<'PY'
import pandas as pd
d=pd.read_csv('figure_data/exp3_codon_substitutions.csv')
c=['unsteered','add_a0.5','add_a1.0','add_a2.0','add_a3.0','add_a4.0'];print(d[d.condition.isin(c)].groupby('condition')[['gc1','gc2','gc3']].mean().reindex(c).round(2))
PY","The figure plots the mean, and the means reproduce all six numbers to the nearest percent."
N051,result,669-670,Exp3 / what the model generates,GC1 of generations at alpha = 4,83%,82.79 (mean),"mean over ~4,781 (gene, condition, sample) rows",figure_data/exp3_codon_substitutions.csv,"rows condition=add_a4.0, column gc1","scripts/steering/platypus/strat/gc_codon_figures.py:437-460 (panel_gc_by_position, plots the mean)",YES,YES,VERIFIED,"uv run python - <<'PY'
import pandas as pd
d=pd.read_csv('figure_data/exp3_codon_substitutions.csv')
c=['unsteered','add_a0.5','add_a1.0','add_a2.0','add_a3.0','add_a4.0'];print(d[d.condition.isin(c)].groupby('condition')[['gc1','gc2','gc3']].mean().reindex(c).round(2))
PY","The figure plots the mean, and the means reproduce all six numbers to the nearest percent."
N052,result,670,Exp3 / what the model generates,"GC2 of generations, unsteered",48%,47.91 (mean),"mean over ~4,781 (gene, condition, sample) rows",figure_data/exp3_codon_substitutions.csv,"rows condition=unsteered, column gc2","scripts/steering/platypus/strat/gc_codon_figures.py:437-460 (panel_gc_by_position, plots the mean)",YES,YES,VERIFIED,"uv run python - <<'PY'
import pandas as pd
d=pd.read_csv('figure_data/exp3_codon_substitutions.csv')
c=['unsteered','add_a0.5','add_a1.0','add_a2.0','add_a3.0','add_a4.0'];print(d[d.condition.isin(c)].groupby('condition')[['gc1','gc2','gc3']].mean().reindex(c).round(2))
PY","The figure plots the mean, and the means reproduce all six numbers to the nearest percent."
N053,result,670,Exp3 / what the model generates,GC2 of generations at alpha = 4,73%,73.23 (mean),"mean over ~4,781 (gene, condition, sample) rows",figure_data/exp3_codon_substitutions.csv,"rows condition=add_a4.0, column gc2","scripts/steering/platypus/strat/gc_codon_figures.py:437-460 (panel_gc_by_position, plots the mean)",YES,YES,VERIFIED,"uv run python - <<'PY'
import pandas as pd
d=pd.read_csv('figure_data/exp3_codon_substitutions.csv')
c=['unsteered','add_a0.5','add_a1.0','add_a2.0','add_a3.0','add_a4.0'];print(d[d.condition.isin(c)].groupby('condition')[['gc1','gc2','gc3']].mean().reindex(c).round(2))
PY","The figure plots the mean, and the means reproduce all six numbers to the nearest percent."
N054,result,670,Exp3 / what the model generates,Platypus CDS GC3 reference level,66.6%,66.6319 (mean of gc3_platypus over 398 reference windows); the median is 67.186,mean over 398 genes,figure_data/exp3_generation_reference_windows.csv,"column gc3_platypus, mean",scripts/steering/platypus/strat/gc_codon_figures.py:378 (m = float(R[key].mean())),YES,YES,VERIFIED,"uv run python - <<'PY'
import pandas as pd
d=pd.read_csv('figure_data/exp3_generation_reference_windows.csv')
print(d[['gc_human','gc3_human','gc_platypus','gc3_platypus']].agg(['mean','median']).round(3))
PY","The reference line is drawn as the MEAN, matching 66.6%. Note the published figure 10 right panel plots OVERALL GC (platypus 55.7%), not GC3 — the GC3-vs-reference panel is a diagnostic that is not in the publication figure."
N055,result,670-671,Exp3 / what the model generates,Median GC3 crosses the platypus level between alpha = 1 and alpha = 2,between alpha 1 and 2,"median GC3: unsteered 61.56, alpha=0.5 70.26, alpha=1 79.40, alpha=2 88.59 - already above 66.6 at alpha = 0.5",,figure_data/exp3_generation_composition.csv,"column gc3, median by condition","scripts/steering/platypus/strat/gc_codon_figures.py (panel_gc, col='gc3')",NO,YES,INCORRECT,"uv run python - <<'PY'
import pandas as pd
d=pd.read_csv('figure_data/exp3_generation_composition.csv')
c=['unsteered','add_a0.5','add_a1.0','add_a2.0','add_a3.0','add_a4.0'];print(d[d.condition.isin(c)].groupby('condition')[['gc','gc3']].agg(['mean','median']).reindex(c).round(2))
PY","The crossing happens between unsteered and alpha = 0.5, not between alpha = 1 and alpha = 2. Same conclusion using the codon table's gc3 (61.57 -> 70.32)."
N056,result,671-673,Exp3 / what the model generates,"Overall GC scales monotonically with alpha, reaching 80-something percent at alpha = 4",80-something %,overall GC mean: 55.62 / 60.67 / 65.50 / 74.23 / 78.98 / 82.21 (median 83.06 at alpha = 4),,figure_data/exp3_generation_composition.csv,"column gc, mean/median by condition","scripts/steering/platypus/strat/gc_codon_figures.py (panel_gc, col='gc')",YES,YES,VERIFIED,see N055,
N057,dataset,141-142,Exp1-2 / Data,Number of HGNC gene groups in the panel,48,"48 keys in gene_families, 48 in family_order, 48 x 48 W2 matrix, 48 families in every within-family table",,scripts/families_data.json,key gene_families (48 entries); mirrored in figure_data/exp1_within_family_by_layer.csv,scripts/gene_families.py,YES,YES,VERIFIED,"uv run python -c ""import json;d=json.load(open('scripts/families_data.json'));print(len(d['gene_families']),'families');print(sum(len(v) for v in d['gene_families'].values()),'gene entries')""",
N058,dataset,"142, 146",Exp1-2 / Data,Number of human paralogs in the panel,"1,144","1,144 gene entries across 48 families, but only 1,143 DISTINCT symbols (STEAP1 is listed in both steap_metalloreductase and serine_protease)",1144 entries / 1143 unique,scripts/families_data.json,"key gene_families, total list length vs set size",scripts/gene_families.py,YES,YES,VERIFIED (with a duplicate),"uv run python -c ""import json,collections;d=json.load(open('scripts/families_data.json'));g=d['gene_families'];c=collections.Counter(x for v in g.values() for x in v);print('entries',sum(c.values()),'unique',len(c));print('duplicated:',[k for k,n in c.items() if n>1])""","Downstream the panel resolves to 1,062 human genes with orthologs, 1,061 ortholog groups in the manifest, 1,034 embedded groups and 11,288 embedded loci. None of those analysis-stage counts appear in the manuscript."
N059,dataset,144-145,Exp1-2 / Data,Families with fewer than four protein-coding paralogs were excluded,threshold 4,TWO families in the shipped panel are below it: heme_oxygenase (2 paralogs) and nitric_oxide_synthase (3). Both are in the 48 x 48 between-family matrix and in the within-family tables.,2 of 48 families violate the stated rule,scripts/families_data.json + results/2026-07-16_mammalian-orthologs-transcript_cdsmask/blocks15/betweenfam_ot_metadata.json,gene_families lists; fam_order in the OT metadata,scripts/gene_families.py,NO,YES,INCORRECT,"uv run python -c ""import json;g=json.load(open('scripts/families_data.json'))['gene_families'];print(sorted((len(v),k) for k,v in g.items())[:4])""; uv run python -c ""import json;m=json.load(open('results/2026-07-16_mammalian-orthologs-transcript_cdsmask/blocks15/betweenfam_ot_metadata.json'));print([f for f in m['fam_order'] if f in ('heme_oxygenase','nitric_oxide_synthase')])""","The code applies MIN_MEMBERS = 8 EMBEDDED LOCI (mammal_between.py:28) and MIN_SP = 10 species per ortholog group (mammal_score.py:25). Neither is a paralog-count filter, and no >=4-paralog filter exists in the publication path."
N060,dataset,148,Exp1-2 / Data,Size of the fixed mammalian panel,24 mammals,"24 entries in SPECIES, including human and platypus",,scripts/mammalian_orthologs/resolve_orthologs.py,"dict SPECIES, lines 24-49",same file,YES,YES,VERIFIED,"uv run python -c ""import sys;sys.path.insert(0,'scripts/mammalian_orthologs');from resolve_orthologs import SPECIES;print(len(SPECIES));print(sorted(SPECIES))""",
N061,dataset,148-151,Exp1-2 / Data,Clade breakdown of the 24-mammal panel,"6 primates, 4 glires, 10 laurasiatherians, + elephant, armadillo, opossum, platypus","primate 6, glires 4, laurasiatheria 10, afrotheria 1, xenarthra 1, marsupial 1, monotreme 1 = 24",6+4+10+4 = 24,scripts/mammalian_orthologs/resolve_orthologs.py,dict SPECIES clade values,same file,YES,YES,VERIFIED,"uv run python -c ""import sys,collections;sys.path.insert(0,'scripts/mammalian_orthologs');from resolve_orthologs import SPECIES;print(collections.Counter(v[1] for v in SPECIES.values()))""",
N062,dataset,151-152,Exp1-2 / Data,"Orthologs drawn from the remaining species, human as anchor",23 species,23 non-human species in the panel; ortholog_resolution.csv contains exactly 23 species,24 - 1 = 23,data/mammalian_orthologs/ortholog_resolution.csv,"column species, nunique",scripts/mammalian_orthologs/resolve_orthologs.py,YES,YES,VERIFIED,"uv run python -c ""import pandas as pd;d=pd.read_csv('data/mammalian_orthologs/ortholog_resolution.csv');print(d.species.nunique(),'species;',d.human_gene.nunique(),'human genes;',len(d),'rows')""",
N063,param,152-155,Exp1-2 / Data,"Compara high-confidence filter, described as >25% identity plus GOC/WGA or identity plus tree compliance",>25% identity,NO SUCH FILTER IS APPLIED in the Experiment 1-2 path. The only filter is type == 'ortholog_one2one'.,,data/cache/mammal_homology/*.json,"each cached record has only {protein_id, id, species, method_link_type, taxonomy_level, type} - no is_high_confidence and no percent identity",scripts/mammalian_orthologs/resolve_orthologs.py:83 (format=condensed) and :154 (type filter),NO,YES,INCORRECT (method),"uv run python -c ""import json,glob;d=json.load(open(sorted(glob.glob('data/cache/mammal_homology/*.json'))[0]));print(sorted(d[0].keys()))""; grep -n 'ortholog_one2one' scripts/mammalian_orthologs/resolve_orthologs.py","The REST call uses format=condensed, which does not return the high-confidence flag or percent identity, so the described filter cannot have run. Experiment 3 IS built on a high-confidence set (stage0_config.json: n_one2one_hiconf = 11135, via BioMart) - the claim is correct there, wrong in the Experiment 1-2 Data section."
N064,param,157-158,Exp1-2 / Data,Ortholog groups with fewer than 10 represented species excluded from within-group analyses,10 species,"MIN_SP = 10; 611 analyzable groups survive on the published transcript_cdsmask panel (of 1,034 embedded groups)",611 / 1034 groups,scripts/mammalian_orthologs/mammal_score.py,"constant MIN_SP at line 25, applied at line 85","scripts/mammalian_orthologs/mammal_score.py:25,85 and assemble_datasets.py:22",YES,YES,VERIFIED,grep -n 'MIN_SP' scripts/mammalian_orthologs/mammal_score.py scripts/mammalian_orthologs/assemble_datasets.py; grep -n 'analyzable groups' logs/mammal_cdsmask_natural.log,"The manuscript never states the resulting N (611 groups, 11,288 loci). Each per-family within-family rho is a mean over only ~5-25 groups."
N065,param,210-213,Exp1 / baselines,Number of MamPhy posterior trees drawn,100 trees,100 tree blocks in the pruned nexus; sample_size: 100 in the VertLife pruning config,,data/mammalian_orthologs/tree/vertlife_pruned/output.nex,100 'tree ...' statements; config.yaml sample_size: 100,"scripts/mammalian_orthologs/build_species_tree.py:43,68",YES,YES,VERIFIED,grep -c '^tree ' data/mammalian_orthologs/tree/vertlife_pruned/output.nex; grep -n 'sample_size' data/mammalian_orthologs/tree/vertlife_pruned/config.yaml,
N066,param,205-208,Exp1 / baselines,Pfam HMM emission profile dimensionality,20-dimensional,"np.array(hmm.match_emissions)[1:] is (M, 20); mean over positions gives a 20-vector",,scripts/baselines/pfam_hmm_jsd.py,"function fetch_mean_emission, lines 21-31",same file,YES,YES,VERIFIED,"sed -n '21,31p' scripts/baselines/pfam_hmm_jsd.py","IMPORTANT CAVEAT (not a manuscript number, but it conditions N001-N003): only 38 DISTINCT Pfam accessions cover the 48 families. Eight GPCR families all map to PF00001, three GTPase families to PF00071, two ADAM families to PF01421, so 32 of the 1,128 family pairs have a Pfam-JSD of exactly 0 by construction. Removing those pairs lowers the mid-stack Pfam rho by about 0.02 (0.5698 -> 0.5470 at layer 12), so the effect is real but small."
N067,dataset,452-454,Exp3 / Data,Five equal-sized conservation strata and their identity bins,"50-64, 65-73, 73-80, 81-88, 88-100 %","observed per-stratum min/max: 50.17-64.50, 64.71-72.83, 72.91-80.47, 80.67-87.96, 88.10-100.00",,figure_data/exp3_panel.csv,"group by stratum, min/max of perc_id_hp",scripts/steering/platypus/strat/stage0_pool.py (stratum_edges in stage0_config.json),YES,YES,VERIFIED,"uv run python - <<'PY'
import pandas as pd
d=pd.read_csv('figure_data/exp3_panel.csv')
print(d.groupby('stratum')['perc_id_hp'].agg(['count','min','max']).round(4))
PY",
N068,dataset,454,Exp3 / Data,Pairs sampled per stratum,80 pairs,80 / 80 / 80 / 80 / 80,400 total,figure_data/exp3_panel.csv,value_counts of stratum,scripts/steering/platypus/strat/stage1_qc.py,YES,YES,VERIFIED,"uv run python -c ""import pandas as pd;print(pd.read_csv('figure_data/exp3_panel.csv').stratum.value_counts().sort_index())""","Also verified in results/2026-08-08_platypus-strat-400/stage1/stage1_summary.json (n_kept 400, per_stratum all 80, n_examined 558)."
N069,dataset,481-482,Exp3 / direction estimation,Size of the paired human-platypus set used for the contrastive direction,n = 400,400 pairs in the panel; the per-gene direction table has 400 genes for the strat400 panel and 103 for the paired panel; generation and scoring use 398,400 sampled / 398 analyzed,figure_data/exp3_panel.csv and figure_data/exp3_direction_per_gene_by_layer.csv,400 rows; panel column values paired103 (103 genes) and strat400 (400 genes),"scripts/steering/platypus/strat/stage2_embed.py, stage3_gates.py",YES,YES,VERIFIED (with an unstated attrition),"uv run python -c ""import pandas as pd;d=pd.read_csv('figure_data/exp3_direction_per_gene_by_layer.csv');print(d.groupby('panel').gene.nunique());print(pd.read_csv('figure_data/exp3_steering_outcomes.csv').gene.nunique(),'genes in the steering outcomes')""","Two genes (ENSG00000183036, ENSG00000138495) were dropped for having <20 diagnostic sites, so every Experiment 3 result number is over 398 genes. The manuscript only ever says 400."
N070,dataset,456-457,Exp3 / Data,Minimum human-platypus protein identity,no less than 50%,minimum perc_id_hp in the panel is 50.1736,,figure_data/exp3_panel.csv,"column perc_id_hp, min",scripts/steering/platypus/strat/stage0_pool.py,YES,YES,VERIFIED,"uv run python -c ""import pandas as pd;print(pd.read_csv('figure_data/exp3_panel.csv').perc_id_hp.min())""",
N071,dataset,508,Exp3 / direction geometry,Size of the paired panel used for figures 6a/6b,~100 genes,103 genes,,figure_data/exp3_direction_per_gene_by_layer.csv,"rows panel=paired103, gene nunique",scripts/steering/platypus/figures.py,YES,NOT ATTEMPTED,VERIFIED,"uv run python -c ""import pandas as pd;d=pd.read_csv('figure_data/exp3_direction_per_gene_by_layer.csv');print(d[d.panel=='paired103'].gene.nunique())""",
N072,dataset,"558-559, 609",Exp3 / scoring,Outgroup used to define 'private' platypus bases,the other 24 mammalian species,"At most 22 other species (24 - human - platypus). Observed per-gene voting depth: median 19, max 22, min 2.",max 22 / median 19,figure_data/exp3_steering_outcomes.csv,column n_voting_species,scripts/steering/platypus/strat/sites_nt.py,NO,YES,INCORRECT,"uv run python -c ""import pandas as pd;d=pd.read_csv('figure_data/exp3_steering_outcomes.csv');print(d.n_voting_species.describe());print(d.n_voting_species.value_counts().sort_index())""","Appears twice (lines 558-559 and 609). The Experiments 1-2 panel is 24 mammals TOTAL including human and platypus, and per-site voting depth is usually well below even 22 because not every ortholog is present for every gene. The related phrasing at line 655 and line 729 ('our 24-mammal panel', 'our 24-mammal set') is correct."
N073,dataset,239,Exp1 / figure 1 caption,Calculated for all 32 layers of Evo2,32 layers,"32 blocks are extracted, but blocks.30 and blocks.31 return BYTE-IDENTICAL hidden states (200/200 sampled loci), so the figures plot 31 distinct layers with the last point duplicated.",200 / 200 loci identical,data/cache/mammal_embed/transcript_cdsmask/*.npy,"array rows 30 and 31 of each (32, 4096) stack","scripts/evo2/evo2_embedding.py:9-10 (N_BLOCKS = 32, LAYER_NAMES)",YES (32 rows exist),YES (rows 30 and 31 are equal),PROBABLY CORRECT (with a caveat),"uv run python -c ""import numpy as np,glob;fs=sorted(glob.glob('data/cache/mammal_embed/transcript_cdsmask/*__*.npy'))[:200];print(sum(np.array_equal(np.load(f)[30],np.load(f)[31]) for f in fs),'/',len(fs),'loci have blocks30 == blocks31')""","Visible in every by-layer table: exp1_between_family_by_layer, exp2_control_preservation and exp3_direction_layer_stats all carry identical rows for layers 30 and 31."
N074,param,103,Methods,Base model,Evo2-7B,MODEL_NAME = 'evo2_7b',,scripts/evo2/evo2_embedding.py,line 8,same file,YES,n/a,VERIFIED,grep -n 'MODEL_NAME' scripts/evo2/evo2_embedding.py,
N075,param,103-104,Methods,Hardware,a single NVIDIA A10G GPU,README.md: AWS g5.8xlarge with one NVIDIA A10G,,README.md,Requirements section,n/a,YES,n/a,VERIFIED FROM DOCUMENTATION,grep -n 'A10G' README.md,
N076,param,104-105,Methods,Gene inputs centered and clipped at 100 kb,100 kb,"NO 100 kb clip exists in the published mammalian-ortholog path. 1,487 of 16,734 stored loci (8.9%) exceed 100 kb, up to 1,522,218 bp.",1487 / 16734 loci over 100 kb,data/mammalian_orthologs/loci/*.json,"key locus_seq, length","the only EVO2_MAX_LEN = 100_000 in the repo is deprecated/publication-obsolete-shared/files/scripts/sample_human_genes.py:36, from the retired human-paralog panel",NO,YES,INCORRECT (method),"uv run python -c ""import json,glob,numpy as np;L=[len(json.load(open(f))['locus_seq']) for f in glob.glob('data/mammalian_orthologs/loci/*.json') if 'locus_seq' in json.load(open(f))];L=np.array(L);print('n',len(L),'median',int(np.median(L)),'max',L.max());print('over 100kb:',(L>100000).sum());print('over 192kb:',(L>192000).sum())""; grep -rn '100_000' deprecated/publication-obsolete-shared/files/scripts/sample_human_genes.py","What actually happens: contiguous 8,000 bp windows up to MAX_WINDOWS = 24 (embed_cds_masked_mammal.py:57), i.e. an effective 192 kb budget. Beyond that the windows are EVENLY SPACED rather than contiguous, so 712 loci (4.25%) are sampled with gaps rather than fully tiled - which also qualifies the paper's 're-stitched before aggregation'."
N077,param,106,Methods,Long inputs tiled into windows above this length,">8,000 bp",EVO2_WINDOW = 8000,,scripts/mammalian_orthologs/embed_cds_masked_mammal.py,"line 40, used by _window_bounds at line 61",same file,YES,n/a,VERIFIED,"sed -n '40p;60,70p' scripts/mammalian_orthologs/embed_cds_masked_mammal.py","MAX_WINDOWS = 24 (line 57) is an additional, unstated cap - see N076."
N078,param,107-109,Methods,Vectors formed by mean-pooling the second half of token positions,second half,"half = len(allpos) // 2; out[i] = allpos[half:].mean(axis=0), over CDS positions in transcript order",,scripts/mammalian_orthologs/embed_cds_masked_mammal.py,lines 95-98,same file,YES,n/a,VERIFIED,"sed -n '92,99p' scripts/mammalian_orthologs/embed_cds_masked_mammal.py",
N079,param,109-110,Methods,Vectors are L2-normalized,L2,l2_normalize applied per gene after optional standardization (standardize is False in the published run),,results/2026-07-16_mammalian-orthologs-transcript_cdsmask/blocks15/betweenfam_ot_metadata.json,"key preprocessing: {l2_normalize: true, standardize: false}",scripts/baselines/ot_between_family.py:49-68,YES,YES,VERIFIED,"uv run python -c ""import json;print(json.load(open('results/2026-07-16_mammalian-orthologs-transcript_cdsmask/blocks15/betweenfam_ot_metadata.json'))['preprocessing'])""",
N080,param,164-178,Exp1 / metrics,Between-family distance is the 2-Wasserstein over angular cost,2-Wasserstein,"cost = theta**2 with theta = arccos(clip(cos,-1,1))/pi; exact POT emd2 solver; uniform weights within family",,results/2026-07-16_mammalian-orthologs-transcript_cdsmask/blocks15/betweenfam_ot_metadata.json,"keys preprocessing.cost, solver.kind, preprocessing.weights","scripts/baselines/ot_between_family.py:55-58, 73-80",YES,YES,VERIFIED,"uv run python -c ""import json;m=json.load(open('results/2026-07-16_mammalian-orthologs-transcript_cdsmask/blocks15/betweenfam_ot_metadata.json'));print(m['preprocessing']['cost']);print(m['solver']);print(m['preprocessing']['weights']);print('n_genes',m['n_genes'],'pot',m['pot_version'])""","Matches the manuscript formula exactly, including the outer square root."
N081,param,220-222,Exp1 / baselines,k-mer composition baseline uses 6-mers,k = 6,"kmer_distance_matrix(..., k=6) in both the within-family and between-family paths",,scripts/baselines/kmer_sequence_divergence.py,"function kmer_distance_matrix, default k = 6, line 43",scripts/mammalian_orthologs/mammal_score.py:93 and mammal_between.py:47,YES,YES,VERIFIED,grep -n 'k=6\|k: int = 6' scripts/baselines/kmer_sequence_divergence.py scripts/mammalian_orthologs/mammal_score.py scripts/mammalian_orthologs/mammal_between.py,
N082,param,215-217,Exp1 / baselines,Gene-tree baseline built with MAFFT v7 and FastTree v2,"MAFFT v7, FastTree v2",mafft v7.505 (2022/Apr/10); FastTree Version 2.1.11 Double precision,,installed binaries on the reference machine,"/usr/bin/mafft, /usr/bin/FastTree","scripts/baselines/protein_alignment_patristic.py:109,126",YES,YES,VERIFIED,mafft --version; FastTree 2>&1 | head -1,No version is pinned in the repo; this reflects the machine the run was executed on.
N083,param,"146, 449",Data,Ensembl Compara release,116,REL = 'release-116'; stage0_config.json ensembl_release: 116,,scripts/mammalian_orthologs/download_bulk.py and results/2026-08-08_platypus-strat-400/../2026-08-05_platypus-strat-pilot/stage0/stage0_config.json,line 16 / key ensembl_release,scripts/mammalian_orthologs/download_bulk.py:16,YES,YES,VERIFIED,"grep -n 'release-116' scripts/mammalian_orthologs/download_bulk.py; uv run python -c ""import json;print(json.load(open('results/2026-08-05_platypus-strat-pilot/stage0/stage0_config.json'))['ensembl_release'])""",
N084,param,450,Exp3 / Data,MMseqs2 release,release 15,mmseqs version reports 15-6f452+ds-2,,installed binary,/usr/bin/mmseqs,scripts/steering/platypus/strat/stage0_pool.py:113-125,YES,YES,VERIFIED,mmseqs version,"Clustering parameters are not in the manuscript: min_seq_id 0.3, coverage 0.5 (stage0_config.json), producing 6,961 blocks of which 5,027 are singletons."
N085,param,"455, 459, 537",Exp3 / Data + intervention,Prompt length,90 bp,"every prefix_human and prefix_platypus string is exactly 90 characters, for all 400 pairs",400/400 pairs,figure_data/exp3_panel.csv,"columns prefix_human, prefix_platypus, string length",scripts/steering/platypus/strat/stage1_qc.py,YES,YES,VERIFIED,"uv run python -c ""import pandas as pd;d=pd.read_csv('figure_data/exp3_panel.csv');print(sorted(d.prefix_human.str.len().unique()),sorted(d.prefix_platypus.str.len().unique()))""",
N086,param,538-539,Exp3 / intervention,Prompt is the first 30-codon indel-free window,first 30-codon window,max_start_codon: 30 in stage1_summary.json; 90 bp = 30 codons,,results/2026-08-08_platypus-strat-400/stage1/stage1_summary.json,key max_start_codon,scripts/steering/platypus/strat/stage1_qc.py,YES,YES,VERIFIED,"uv run python -c ""import json;print(json.load(open('results/2026-08-08_platypus-strat-400/stage1/stage1_summary.json')))""","108 of 558 candidates were rejected for window_starts_too_late, i.e. no indel-free 30-codon window within the first 30 codons."
N087,param,539,Exp3 / intervention,Generation length,"the next 1,000 bp",gen_bp: 1000 in the stage4 config; observed gen_bp per gene ranges 126-1000 because generation stops at the end of the CDS,,results/2026-08-08_platypus-strat-400/stage4_cds_mean_blocks27/stage4_config.json and figure_data/exp3_steering_outcomes.csv,key gen_bp / column gen_bp,scripts/steering/platypus/strat/stage4_steer.py,YES,YES,VERIFIED (as a cap),"uv run python -c ""import json;c=json.load(open('results/2026-08-08_platypus-strat-400/stage4_cds_mean_blocks27/stage4_config.json'));print({k:c[k] for k in ('gen_bp','max_gen_bp','temperature','top_k','decoding','n_genes','dropped','seed','min_sites')})""",
N088,param,539,Exp3 / intervention,Decoding temperature,0.7,temperature: 0.7 in the stage4 config and in every row of the outcomes table,,results/2026-08-08_platypus-strat-400/stage4_cds_mean_blocks27/stage4_config.json,key temperature,scripts/steering/platypus/strat/stage4_steer.py,YES,YES,VERIFIED,see N087,The manuscript omits the truncation: decoding is 'top-4 truncation then temperature 0.7' (top_k: 4). That is a real sampling parameter and it is missing from the methods.
N089,param,541,Exp3 / intervention,Steering strengths tested,"alpha in {0.5, 1, 2, 3, 4}","conditions add_a0.5, add_a1.0, add_a2.0, add_a3.0, add_a4.0 all present, each over 398 genes",,figure_data/exp3_steering_outcomes.csv,column condition,scripts/steering/platypus/strat/stage4_steer.py,YES,YES,VERIFIED,"uv run python -c ""import pandas as pd;d=pd.read_csv('figure_data/exp3_steering_outcomes.csv');print(sorted(d.condition.unique()))""","Many more conditions exist in the arm dir (random, cross_gene, gc_removed, cone_removed, panel_*, and a full _L24 layer-24 ladder). The manuscript describes only the alpha ladder."
N090,param,313-316,Exp2 / controls,Shuffle orders tested,"k = 2, 4, 6","dinuc_shuffle, kmer4_shuffle, kmer6_shuffle in ORDINARY_CONTROLS, all scored at all 32 layers",,scripts/controls/make_control_sequences.py,"ORDINARY_CONTROLS, lines 8-14",same file,YES,YES,VERIFIED,"sed -n '8,16p' scripts/controls/make_control_sequences.py",
N091,param,561,Exp3 / scoring,Premature stops reported per 100 codons,per 100 codons,"column premature_stop; unsteered mean 0.5609, falling to 0.3958 at alpha = 4",,figure_data/exp3_steering_outcomes.csv,column premature_stop,scripts/steering/platypus/strat/stage4_rescore_nt.py,YES,YES,VERIFIED FROM RESULT ARTIFACT,"uv run python -c ""import pandas as pd;d=pd.read_csv('figure_data/exp3_steering_outcomes.csv');c=['unsteered','add_a1.0','add_a4.0'];print(d[d.condition.isin(c)].groupby('condition')[['premature_stop','n_stop_codons','indel_bp','gen_bp']].mean().reindex(c).round(4))""",
N092,external,462,Exp3 / Data,"Prior work used a 1,000-3,000 bp prompt, at least 11x larger than ours","1,000-3,000 bp; >=11x",arithmetic only: 1000 / 90 = 11.1,1000 / 90,external citation,n/a,n/a,n/a,n/a,EXTERNAL (arithmetic checks out),n/a,"The 1,000-3,000 bp figure is from a cited paper and cannot be checked in this repo. The '>=11x' follows correctly from 1000/90."
N093,external,51,Background,Evo2 SAE work used the 40B parameter model,40B,n/a,,external citation,n/a,n/a,n/a,n/a,EXTERNAL - NOT REPO-VERIFIABLE,n/a,Cited from another publication; outside the scope of a repository provenance audit.
N094,external,53-54,Background,Maiwald et al. found more than 100 annotation-associated features,>100,n/a,,external citation,n/a,n/a,n/a,n/a,EXTERNAL - NOT REPO-VERIFIABLE,n/a,Cited from another publication; outside the scope of a repository provenance audit.
N095,external,55,Background,Causal steering of the A1408G antibiotic-resistance mutation,A1408G,n/a,,external citation,n/a,n/a,n/a,n/a,EXTERNAL - NOT REPO-VERIFIABLE,n/a,Cited from another publication; outside the scope of a repository provenance audit.
N096,external,57,Background,5-mer-preserving decoys recovered roughly 85% of the enhancer-probe probability,~85%,n/a,,external citation,n/a,n/a,n/a,n/a,EXTERNAL - NOT REPO-VERIFIABLE,n/a,Cited from another publication; outside the scope of a repository provenance audit.
N097,external,71-72,Background,XGBoost on 1-4-mer statistics predicts phylogenetic-subspace activations at ~0.9 correlation,~0.9,n/a,,external citation,n/a,n/a,n/a,n/a,EXTERNAL - NOT REPO-VERIFIABLE,n/a,Cited from another publication; outside the scope of a repository provenance audit.
N098,external,64,Background,Ali's scope was limited to three transcription factors,3,n/a,,external citation,n/a,n/a,n/a,n/a,EXTERNAL - NOT REPO-VERIFIABLE,n/a,Cited from another publication; outside the scope of a repository provenance audit.
N099,external,66,Background,Goodfire blog post date,August 2025,n/a,,external citation,n/a,n/a,n/a,n/a,EXTERNAL - NOT REPO-VERIFIABLE,n/a,Cited from another publication; outside the scope of a repository provenance audit.
