mode,layer,predictor,role,outcome,n,rho,p,rho_partial,p_partial
cds_mean,27,background_rate,primary,loo_cos,399,-0.197,7.662729407772258e-05,-0.111,0.025967211335619206
cds_mean,27,background_rate,primary,loo_cos_pc1,399,-0.269,4.599268324126571e-08,-0.119,0.017177085620718607
cds_mean,27,background_rate,primary,delta_norm,399,0.034,0.49750965976072997,-0.027,0.5884357682547579
cds_mean,27,focal_residual,primary,loo_cos,399,0.112,0.02479734226622738,0.145,0.003762098892654636
cds_mean,27,focal_residual,primary,loo_cos_pc1,399,-0.164,0.0009902121474055332,-0.08,0.11071991115802923
cds_mean,27,focal_residual,primary,delta_norm,399,0.367,3.4722175406095776e-14,0.337,4.524727916188357e-12
cds_mean,27,human_residual,primary,loo_cos,399,0.079,0.11537752226937877,0.007,0.8837605125315916
cds_mean,27,human_residual,primary,loo_cos_pc1,399,0.093,0.06302877790361411,0.01,0.8428547142893574
cds_mean,27,human_residual,primary,delta_norm,399,-0.005,0.9166311228269889,0.003,0.9500404234297131
cds_mean,27,tree_len,legacy,loo_cos,399,-0.194,9.797185674337465e-05,-0.111,0.026774934152101807
cds_mean,27,tree_len,legacy,loo_cos_pc1,399,-0.304,5.26072030783894e-10,-0.15,0.002718362968392049
cds_mean,27,tree_len,legacy,delta_norm,399,0.11,0.028597614218391836,0.045,0.366273920041451
cds_mean,27,diameter,legacy,loo_cos,399,-0.259,1.5758168740783293e-07,-0.125,0.01218692241083946
cds_mean,27,diameter,legacy,loo_cos_pc1,399,-0.394,2.8374644191830755e-16,-0.198,6.567509646724666e-05
cds_mean,27,diameter,legacy,delta_norm,399,0.177,0.0003868918631746989,0.139,0.0054559671248791955
cds_mean,27,focal_target_dist,legacy,loo_cos,399,-0.06,0.23427456042300498,-0.035,0.4795091082973889
cds_mean,27,focal_target_dist,legacy,loo_cos_pc1,399,-0.272,3.2572631134979936e-08,-0.17,0.0006505225434222194
cds_mean,27,focal_target_dist,legacy,delta_norm,399,0.26,1.3820491731597574e-07,0.198,6.81838586094208e-05
cds_mean,27,mean_target_dist,legacy,loo_cos,399,-0.098,0.05096629363611354,-0.055,0.27465611078367325
cds_mean,27,mean_target_dist,legacy,loo_cos_pc1,399,-0.305,4.868825789003589e-10,-0.181,0.0002816699583699944
cds_mean,27,mean_target_dist,legacy,delta_norm,399,0.265,7.581480082510458e-08,0.208,2.7689287264010446e-05
cds_mean,27,treeness,legacy,loo_cos,399,0.097,0.05179454426688295,-0.055,0.27493792631189773
cds_mean,27,treeness,legacy,loo_cos_pc1,399,0.091,0.06997636916177562,-0.027,0.591164110535902
cds_mean,27,treeness,legacy,delta_norm,399,-0.135,0.006852076728260835,-0.197,7.4841210198545e-05
cds_mean,27,dN_background_yn,dnds_primary,loo_cos,382,-0.191,0.00017978029760212091,-0.109,0.03328896439602121
cds_mean,27,dN_background_yn,dnds_primary,loo_cos_pc1,382,-0.23,5.705714326680171e-06,-0.112,0.028271188203704736
cds_mean,27,dN_background_yn,dnds_primary,delta_norm,382,0.031,0.5434536497690334,0.008,0.882359145284219
cds_mean,27,omega_background_yn,dnds_primary,loo_cos,382,0.071,0.168084083182637,0.08,0.11821523992097732
cds_mean,27,omega_background_yn,dnds_primary,loo_cos_pc1,382,-0.047,0.3612021690760082,0.002,0.975913379810212
cds_mean,27,omega_background_yn,dnds_primary,delta_norm,382,0.125,0.014864587941187451,0.079,0.12364101488699827
cds_mean,27,dN_hp_yn,dnds_primary,loo_cos,382,-0.034,0.5118944530507704,-0.017,0.7353250034510694
cds_mean,27,dN_hp_yn,dnds_primary,loo_cos_pc1,382,-0.213,2.6776826773195176e-05,-0.131,0.010559420154235019
cds_mean,27,dN_hp_yn,dnds_primary,delta_norm,382,0.271,7.673749597484204e-08,0.213,2.5900766523180574e-05
cds_mean,27,omega_hp_yn,dnds_primary,loo_cos,382,0.053,0.3046489978882383,0.066,0.19980450908590783
cds_mean,27,omega_hp_yn,dnds_primary,loo_cos_pc1,382,-0.014,0.7843434925763924,0.066,0.19707537059394506
cds_mean,27,omega_hp_yn,dnds_primary,delta_norm,382,0.064,0.21342088866658085,0.005,0.9249836867060605
cds_mean,27,omega_m0,dnds_primary,loo_cos,383,0.024,0.6402045301351932,0.083,0.10520259562192211
cds_mean,27,omega_m0,dnds_primary,loo_cos_pc1,383,-0.105,0.03993008146389792,0.016,0.759696201931059
cds_mean,27,omega_m0,dnds_primary,delta_norm,383,0.082,0.10976027392352034,0.028,0.5880496929036046
cds_mean,27,omega_plat_m2,dnds_primary,loo_cos,383,0.012,0.8116812379927905,0.005,0.9172974860078635
cds_mean,27,omega_plat_m2,dnds_primary,loo_cos_pc1,383,-0.009,0.8627442482523875,-0.003,0.9475483510766025
cds_mean,27,omega_plat_m2,dnds_primary,delta_norm,383,0.019,0.7055917508460686,-0.006,0.9109330843797336
cds_mean,27,omega_bg_m2,dnds_primary,loo_cos,383,0.019,0.7173557235771691,0.084,0.09888090001857767
cds_mean,27,omega_bg_m2,dnds_primary,loo_cos_pc1,383,-0.112,0.02772397564557482,0.01,0.8382121946909045
cds_mean,27,omega_bg_m2,dnds_primary,delta_norm,383,0.086,0.09301636442296653,0.039,0.44987021875797184
cds_mean,27,dS_background_yn,dnds_negative_control,loo_cos,382,-0.296,3.877808530935758e-09,-0.255,4.2044716964432926e-07
cds_mean,27,dS_background_yn,dnds_negative_control,loo_cos_pc1,382,-0.206,4.788250572754775e-05,-0.139,0.0063701799729079306
cds_mean,27,dS_background_yn,dnds_negative_control,delta_norm,382,-0.122,0.01747009995376184,-0.134,0.008866760450260884
cds_mean,27,dS_hp_yn,dnds_negative_control,loo_cos,382,-0.119,0.019954179903387825,-0.091,0.07616444674238951
cds_mean,27,dS_hp_yn,dnds_negative_control,loo_cos_pc1,382,-0.298,2.769783428115132e-09,-0.257,3.4857095668991816e-07
cds_mean,27,dS_hp_yn,dnds_negative_control,delta_norm,382,0.28,2.4636814415232486e-08,0.26,2.6299073555358343e-07
cds_mean,27,tree_dS_m0,dnds_negative_control,loo_cos,383,-0.269,9.342979718026187e-08,-0.226,7.720489845332466e-06
cds_mean,27,tree_dS_m0,dnds_negative_control,loo_cos_pc1,383,-0.256,3.818322268897527e-07,-0.191,0.00017410394669074142
cds_mean,27,tree_dS_m0,dnds_negative_control,delta_norm,383,0.076,0.13993540375282942,0.048,0.34431208968798993
cds_mean,27,perc_id_hp,frame,loo_cos,399,0.092,0.0656510413849739,0.083,0.0978939036129131
cds_mean,27,perc_id_hp,frame,loo_cos_pc1,399,0.289,3.952153653352984e-09,0.192,0.00011032290949546563
cds_mean,27,perc_id_hp,frame,delta_norm,399,-0.233,2.547820036231943e-06,-0.159,0.0014777397580391612
