layer,grouping,group,n,coherence,isotropic_floor,loo_mean,loo_median,cos_group_vs_pooled
0,family,arf_gtpase,16,0.6863579429184945,0.25,0.6591474226232773,0.7814022845162487,0.9693180113190563
0,family,cytochrome_p450,4,0.758181078804153,0.5,0.5772591307576733,0.6219261429596963,0.9418473808611885
0,family,hox,26,0.3290903967845814,0.19611613513818404,0.2546657129181895,0.45448541581449875,-0.5841000130251364
0,family,rab_gtpase,35,0.45871727194793677,0.1690308509457033,0.434655733773076,0.5975417445708279,0.9762486268241416
0,family,ras_gtpases,14,0.47311496755345445,0.2672612419124244,0.3782217942902724,0.5175529328746465,0.9353883752317163
0,family,rho_gtpase,8,0.5653514490325169,0.35355339059327373,0.48686200031915877,0.8212126181596348,0.9533491454460423
0,superfamily,cytochrome_p450,4,0.758181078804153,0.5,0.5772591307576733,0.6219261429596963,0.9418473808611885
0,superfamily,hox,26,0.3290903967845814,0.19611613513818404,0.2546657129181895,0.45448541581449875,-0.5841000130251364
0,superfamily,small_GTPase,73,0.49926385021755937,0.11704114719613057,0.4879276717271487,0.7109837721096312,0.9877451130642325
1,family,arf_gtpase,16,0.509045661895212,0.25,0.44403786588711724,0.5615171559841593,0.9464306027121377
1,family,cytochrome_p450,4,0.7003765293845027,0.5,0.44801249701801205,0.46980831415250957,0.8492970240650224
1,family,hox,26,0.31143307127562403,0.19611613513818404,0.2063229996604203,0.32358271236907526,-0.18456841582489866
1,family,rab_gtpase,35,0.3796010750447761,0.1690308509457033,0.3383847646484667,0.3563114907338818,0.9582087749626216
1,family,ras_gtpases,14,0.3871893877659824,0.2672612419124244,0.24099915622254534,0.27182531115515707,0.8441808915023501
1,family,rho_gtpase,8,0.535939544197993,0.35355339059327373,0.40378658272133644,0.4809825205603474,0.8983751576515887
1,superfamily,cytochrome_p450,4,0.7003765293845027,0.5,0.44801249701801205,0.46980831415250957,0.8492970240650224
1,superfamily,hox,26,0.31143307127562403,0.19611613513818404,0.2063229996604203,0.32358271236907526,-0.18456841582489866
1,superfamily,small_GTPase,73,0.3922121621939512,0.11704114719613057,0.3723791653155913,0.433282962310293,0.9792824527485406
2,family,arf_gtpase,16,0.5032926526144587,0.25,0.4087318598162136,0.28863177254898364,0.9907511001268398
2,family,cytochrome_p450,4,0.6627417729770665,0.5,0.39354520341462074,0.3969296909842269,0.17837502429117796
2,family,hox,26,0.2867492063302557,0.19611613513818404,0.1558379503730619,0.2361509607677429,-0.49343768244338254
2,family,rab_gtpase,35,0.2981336947621882,0.1690308509457033,0.18167840453208026,0.160624833686186,0.9922405668528658
2,family,ras_gtpases,14,0.3713341344604797,0.2672612419124244,0.1846123121123804,0.17678289670744374,0.8646791781232104
2,family,rho_gtpase,8,0.4012619249852001,0.35355339059327373,-0.07605463989622112,0.012832316074237151,0.9872261058221529
2,superfamily,cytochrome_p450,4,0.6627417729770665,0.5,0.39354520341462074,0.3969296909842269,0.17837502429117796
2,superfamily,hox,26,0.2867492063302557,0.19611613513818404,0.1558379503730619,0.2361509607677429,-0.49343768244338254
2,superfamily,small_GTPase,73,0.3270841839764707,0.11704114719613057,0.2383475011038889,0.14667736719083596,0.9967730222385743
3,family,arf_gtpase,16,0.4243695711232262,0.25,0.3394231661054703,0.14016211989450877,0.9645405533017937
3,family,cytochrome_p450,4,0.5997526551316772,0.5,0.2384331833522434,0.27185077483560943,0.24604051030849966
3,family,hox,26,0.3105144322333345,0.19611613513818404,0.18642931564757842,0.23342706474529534,-0.08461118381290805
3,family,rab_gtpase,35,0.25460120694579635,0.1690308509457033,0.14292563045062218,0.0802527333051239,0.9758893160750287
3,family,ras_gtpases,14,0.34634176333010674,0.2672612419124244,0.14077299202430452,0.15634383792047357,0.7745115236765845
3,family,rho_gtpase,8,0.4077850434289791,0.35355339059327373,-0.012175254955640778,0.06890905188344587,0.9601222925021327
3,superfamily,cytochrome_p450,4,0.5997526551316772,0.5,0.2384331833522434,0.27185077483560943,0.24604051030849966
3,superfamily,hox,26,0.3105144322333345,0.19611613513818404,0.18642931564757842,0.23342706474529534,-0.08461118381290805
3,superfamily,small_GTPase,73,0.2700059209473537,0.11704114719613057,0.20042056412227643,0.09459051481814275,0.9864132431408332
4,family,arf_gtpase,16,0.3842387263372577,0.25,0.26470369444669795,0.2027450585646015,0.7625483380869748
4,family,cytochrome_p450,4,0.6200553834784265,0.5,0.2868745465658273,0.30519669204227584,0.6598257723461702
4,family,hox,26,0.3375186951547388,0.19611613513818404,0.23852199570317476,0.2516781581998182,0.48986628647767977
4,family,rab_gtpase,35,0.254972370158447,0.1690308509457033,0.14801263730594383,0.22162839814554217,0.8953197283220355
4,family,ras_gtpases,14,0.32428378193644253,0.2672612419124244,0.10407113151839355,0.16111338455495733,0.7181581812145054
4,family,rho_gtpase,8,0.45191342640676657,0.35355339059327373,0.1783271045785487,0.17199649209100712,0.8034735444847196
4,superfamily,cytochrome_p450,4,0.6200553834784265,0.5,0.2868745465658273,0.30519669204227584,0.6598257723461702
4,superfamily,hox,26,0.3375186951547388,0.19611613513818404,0.23852199570317476,0.2516781581998182,0.48986628647767977
4,superfamily,small_GTPase,73,0.26316740315186793,0.11704114719613057,0.21334520765396703,0.2499981510410088,0.9299592150254691
5,family,arf_gtpase,16,0.38282910169355133,0.25,0.253522813553638,0.23365110900447572,0.734452241005135
5,family,cytochrome_p450,4,0.6419419990495226,0.5,0.31448402107433404,0.33892342370892437,0.7427453839868412
5,family,hox,26,0.4069354767489027,0.19611613513818404,0.3331991301822637,0.33390301182340526,0.6461388465071813
5,family,rab_gtpase,35,0.27590464977662804,0.1690308509457033,0.17253774636794186,0.22080542297111622,0.8991355999780071
5,family,ras_gtpases,14,0.3535345302483948,0.2672612419124244,0.1524490463367485,0.1738990556858944,0.711719661477252
5,family,rho_gtpase,8,0.483622783572651,0.35355339059327373,0.24525621751027885,0.24547552228285713,0.8323591214294732
5,superfamily,cytochrome_p450,4,0.6419419990495226,0.5,0.31448402107433404,0.33892342370892437,0.7427453839868412
5,superfamily,hox,26,0.4069354767489027,0.19611613513818404,0.3331991301822637,0.33390301182340526,0.6461388465071813
5,superfamily,small_GTPase,73,0.2881918808432676,0.11704114719613057,0.24000568363803282,0.2969394219817633,0.9203944937910644
6,family,arf_gtpase,16,0.38434469775348884,0.25,0.23691699702976998,0.26423282242160134,0.566613745291702
6,family,cytochrome_p450,4,0.6469242747464201,0.5,0.3643618966327907,0.47163293306313175,0.7765448292927861
6,family,hox,26,0.4568925692349786,0.19611613513818404,0.39566929182752986,0.379615406069814,0.6909134777201734
6,family,rab_gtpase,35,0.2675795491884939,0.1690308509457033,0.1655079683744356,0.18029952867361007,0.8586361941129028
6,family,ras_gtpases,14,0.34525602263715716,0.2672612419124244,0.1306062653079209,0.15972189978824133,0.7810791677786236
6,family,rho_gtpase,8,0.47809510679560924,0.35355339059327373,0.24609982583419293,0.2666352077873609,0.7896120249732526
6,superfamily,cytochrome_p450,4,0.6469242747464201,0.5,0.3643618966327907,0.47163293306313175,0.7765448292927861
6,superfamily,hox,26,0.4568925692349786,0.19611613513818404,0.39566929182752986,0.379615406069814,0.6909134777201734
6,superfamily,small_GTPase,73,0.27666846479704177,0.11704114719613057,0.22859527632002916,0.28401124059539595,0.8821830960527265
7,family,arf_gtpase,16,0.34752540803752113,0.25,0.14713701828484102,0.18704335298990707,0.5658976593810345
7,family,cytochrome_p450,4,0.5970067306064599,0.5,0.27401461934762616,0.3881813744758775,0.8309525990880076
7,family,hox,26,0.4431626230759643,0.19611613513818404,0.3790521672510164,0.36881025493480873,0.7135920572741384
7,family,rab_gtpase,35,0.25949870586663343,0.1690308509457033,0.16829055504916585,0.25750043736602474,0.8925498934446338
7,family,ras_gtpases,14,0.32329054062046203,0.2672612419124244,0.06658768459600571,0.12911687172058617,0.7590253750952449
7,family,rho_gtpase,8,0.4958523000791695,0.35355339059327373,0.2968937020073101,0.3511176082107479,0.8353839792422105
7,superfamily,cytochrome_p450,4,0.5970067306064599,0.5,0.27401461934762616,0.3881813744758775,0.8309525990880076
7,superfamily,hox,26,0.4431626230759643,0.19611613513818404,0.3790521672510164,0.36881025493480873,0.7135920572741384
7,superfamily,small_GTPase,73,0.259265233239363,0.11704114719613057,0.20750555974651166,0.2859532382402853,0.9104990223629643
8,family,arf_gtpase,16,0.3438699465350554,0.25,0.13472651509828978,0.17539027191284554,0.5081731557924599
8,family,cytochrome_p450,4,0.5578959296955792,0.5,0.19348862889785123,0.28890136009682954,0.8543576570763195
8,family,hox,26,0.43419465025904835,0.19611613513818404,0.36762529471371663,0.42129297400588417,0.7507481686210907
8,family,rab_gtpase,35,0.2501396901267202,0.1690308509457033,0.161839982573796,0.3500329769239346,0.9066169091041592
8,family,ras_gtpases,14,0.30169143587804825,0.2672612419124244,0.0003899099678110355,0.07431387099990178,0.7074844477813167
8,family,rho_gtpase,8,0.5297908487320567,0.35355339059327373,0.36929027252414004,0.4776273970341338,0.8638862851452566
8,superfamily,cytochrome_p450,4,0.5578959296955792,0.5,0.19348862889785123,0.28890136009682954,0.8543576570763195
8,superfamily,hox,26,0.43419465025904835,0.19611613513818404,0.36762529471371663,0.42129297400588417,0.7507481686210907
8,superfamily,small_GTPase,73,0.24962836550438863,0.11704114719613057,0.19867003487945617,0.345080326437611,0.9146250217889185
9,family,arf_gtpase,16,0.3875839845682777,0.25,0.3169977924677711,0.3732309216960339,0.994134701183629
9,family,cytochrome_p450,4,0.49426214156990633,0.5,0.04772500174819447,0.14150708166326859,-0.3513398930680872
9,family,hox,26,0.3908922538644937,0.19611613513818404,0.3192387273610406,0.5450766339651107,-0.7376327717966736
9,family,rab_gtpase,35,0.17122421343214686,0.1690308509457033,-0.07281845575896427,-0.08528522259115573,0.9980138884267482
9,family,ras_gtpases,14,0.23596899053604306,0.2672612419124244,-0.0911236677541752,-0.09835723112263613,0.9731710763791581
9,family,rho_gtpase,8,0.3474417522225018,0.35355339059327373,-0.18727297643276303,-0.3754047564417675,0.9973753533389321
9,superfamily,cytochrome_p450,4,0.49426214156990633,0.5,0.04772500174819447,0.14150708166326859,-0.3513398930680872
9,superfamily,hox,26,0.3908922538644937,0.19611613513818404,0.3192387273610406,0.5450766339651107,-0.7376327717966736
9,superfamily,small_GTPase,73,0.17497089059113247,0.11704114719613057,0.06035275720383405,0.13061078330071899,0.9979181803372826
10,family,arf_gtpase,16,0.38732180172578956,0.25,0.309708854689112,0.3271419073137948,0.98872110142343
10,family,cytochrome_p450,4,0.5154811527880478,0.5,0.1092884373691265,0.16620522030129675,-0.2915938021763264
10,family,hox,26,0.3856362055133494,0.19611613513818404,0.30714849523987203,0.49070069270116673,-0.6305339596461521
10,family,rab_gtpase,35,0.17616960423466246,0.1690308509457033,-0.0651938051938198,-0.11780568374902207,0.9966001360265285
10,family,ras_gtpases,14,0.2391313600423881,0.2672612419124244,-0.12402029310893344,-0.09961537694449218,0.9545960053618254
10,family,rho_gtpase,8,0.33511408232885376,0.35355339059327373,-0.1878451667207549,-0.37314782577581546,0.9942324158042714
10,superfamily,cytochrome_p450,4,0.5154811527880478,0.5,0.1092884373691265,0.16620522030129675,-0.2915938021763264
10,superfamily,hox,26,0.3856362055133494,0.19611613513818404,0.30714849523987203,0.49070069270116673,-0.6305339596461521
10,superfamily,small_GTPase,73,0.17297745170297518,0.11704114719613057,0.05610263267109924,0.024075383861053557,0.9958629643178245
11,family,arf_gtpase,16,0.3783510757408923,0.25,0.3006194027539655,0.31123108396450627,0.986954507899041
11,family,cytochrome_p450,4,0.5033482262783874,0.5,0.09021410441369115,0.1239723063611142,-0.29556451954701113
11,family,hox,26,0.38072478655973807,0.19611613513818404,0.30098236264079814,0.510267456659854,-0.6142163680826701
11,family,rab_gtpase,35,0.17619075653943772,0.1690308509457033,-0.06469430178232878,-0.11877003970918919,0.9959661301383157
11,family,ras_gtpases,14,0.23843256482338615,0.2672612419124244,-0.12755792743340408,-0.0826376607415006,0.9475278035155543
11,family,rho_gtpase,8,0.3349582535747425,0.35355339059327373,-0.19090988047365692,-0.38292878502868566,0.9930813326206961
11,superfamily,cytochrome_p450,4,0.5033482262783874,0.5,0.09021410441369115,0.1239723063611142,-0.29556451954701113
11,superfamily,hox,26,0.38072478655973807,0.19611613513818404,0.30098236264079814,0.510267456659854,-0.6142163680826701
11,superfamily,small_GTPase,73,0.17017978780390242,0.11704114719613057,0.05360460488361228,0.05039942368336412,0.9951945036814399
12,family,arf_gtpase,16,0.38469267773439275,0.25,0.3048941019137025,0.30156213176366825,0.9843592030255777
12,family,cytochrome_p450,4,0.4945984346586465,0.5,0.0545372579166305,0.07237634341128504,-0.2540258404243705
12,family,hox,26,0.39107963730092643,0.19611613513818404,0.31667701815175453,0.5495690198792095,-0.596654344066665
12,family,rab_gtpase,35,0.1811545386711119,0.1690308509457033,-0.06928166715921694,-0.12876171278361573,0.9953110671297425
12,family,ras_gtpases,14,0.23919199457218632,0.2672612419124244,-0.13373137877188887,-0.08396850919161093,0.9415201740168159
12,family,rho_gtpase,8,0.3373153859074706,0.35355339059327373,-0.18931420088562367,-0.39457348253307034,0.9916808985868717
12,superfamily,cytochrome_p450,4,0.4945984346586465,0.5,0.0545372579166305,0.07237634341128504,-0.2540258404243705
12,superfamily,hox,26,0.39107963730092643,0.19611613513818404,0.31667701815175453,0.5495690198792095,-0.596654344066665
12,superfamily,small_GTPase,73,0.16926559922054216,0.11704114719613057,0.051359649162064355,0.06233987055874367,0.9941143147897975
13,family,arf_gtpase,16,0.3836289692260361,0.25,0.3026488987480899,0.3042133058253653,0.979903908915674
13,family,cytochrome_p450,4,0.48995990565109027,0.5,0.008963281344821883,0.009263195233203389,-0.18857507064217477
13,family,hox,26,0.37190192198746796,0.19611613513818404,0.2948031015800063,0.5469758297612574,-0.5580802637795845
13,family,rab_gtpase,35,0.18652487224172246,0.1690308509457033,-0.061686087825701515,-0.06290934410067124,0.9939975785387438
13,family,ras_gtpases,14,0.2411531102575628,0.2672612419124244,-0.11656402009829687,-0.07813532993506721,0.9294396235508039
13,family,rho_gtpase,8,0.3478924927677052,0.35355339059327373,-0.20480726461157728,-0.41810619866711796,0.9885195002419089
13,superfamily,cytochrome_p450,4,0.48995990565109027,0.5,0.008963281344821883,0.009263195233203389,-0.18857507064217477
13,superfamily,hox,26,0.37190192198746796,0.19611613513818404,0.2948031015800063,0.5469758297612574,-0.5580802637795845
13,superfamily,small_GTPase,73,0.17236404383876777,0.11704114719613057,0.05467144870224074,0.026618663571736388,0.9926799152640849
14,family,arf_gtpase,16,0.384024010604866,0.25,0.302257221643345,0.2955777491215819,0.9797485383299448
14,family,cytochrome_p450,4,0.4918137163496659,0.5,0.005710144584671048,0.008710968493891712,-0.17181855160661527
14,family,hox,26,0.3685307937375747,0.19611613513818404,0.2896484336054138,0.5424745181094743,-0.5525097347504588
14,family,rab_gtpase,35,0.18603428114144288,0.1690308509457033,-0.06022355599501977,-0.05590012229459386,0.993621411932584
14,family,ras_gtpases,14,0.24153331376220682,0.2672612419124244,-0.11181906749111578,-0.0718627650763049,0.9276778630651284
14,family,rho_gtpase,8,0.344009359560814,0.35355339059327373,-0.1989284518271723,-0.4072136095522261,0.9879101270466926
14,superfamily,cytochrome_p450,4,0.4918137163496659,0.5,0.005710144584671048,0.008710968493891712,-0.17181855160661527
14,superfamily,hox,26,0.3685307937375747,0.19611613513818404,0.2896484336054138,0.5424745181094743,-0.5525097347504588
14,superfamily,small_GTPase,73,0.17194196492128858,0.11704114719613057,0.056241208772333205,0.034230983121152976,0.9926784183184768
15,family,arf_gtpase,16,0.38547781301480016,0.25,0.30311312946713775,0.3016825682880861,0.9794696641301798
15,family,cytochrome_p450,4,0.4924130635218646,0.5,-0.005376872627429946,-0.009471875789935417,-0.14823785993959865
15,family,hox,26,0.3690951072639349,0.19611613513818404,0.2897364016266565,0.5381656822116163,-0.5475914142744284
15,family,rab_gtpase,35,0.18423902135118644,0.1690308509457033,-0.059631273088349,-0.05121437588481361,0.9932544690693573
15,family,ras_gtpases,14,0.24104998854465023,0.2672612419124244,-0.10791473891156733,-0.08490288893526553,0.9251904303743431
15,family,rho_gtpase,8,0.34699428935050064,0.35355339059327373,-0.19792575878894553,-0.4023082976926584,0.9876808791518761
15,superfamily,cytochrome_p450,4,0.4924130635218646,0.5,-0.005376872627429946,-0.009471875789935417,-0.14823785993959865
15,superfamily,hox,26,0.3690951072639349,0.19611613513818404,0.2897364016266565,0.5381656822116163,-0.5475914142744284
15,superfamily,small_GTPase,73,0.17104056007722718,0.11704114719613057,0.05764525462796133,0.02388204060857476,0.9925110013802001
16,family,arf_gtpase,16,0.3788292799708622,0.25,0.29772628249416755,0.28558027449244877,0.9830529089622687
16,family,cytochrome_p450,4,0.5236163618249118,0.5,0.03838447829879109,0.04311947912575712,-0.055233022059669595
16,family,hox,26,0.3578896160230181,0.19611613513818404,0.2731327261606502,0.45806230613858057,-0.5633963355696046
16,family,rab_gtpase,35,0.1862497103898645,0.1690308509457033,-0.057969702973193676,-0.10713209549391431,0.9929594091526174
16,family,ras_gtpases,14,0.24906283254476366,0.2672612419124244,-0.08650132539167234,-0.03962444633204458,0.9295052652721386
16,family,rho_gtpase,8,0.34406020574970575,0.35355339059327373,-0.1866042154466157,-0.36812870223201,0.9888319511372441
16,superfamily,cytochrome_p450,4,0.5236163618249118,0.5,0.03838447829879109,0.04311947912575712,-0.055233022059669595
16,superfamily,hox,26,0.3578896160230181,0.19611613513818404,0.2731327261606502,0.45806230613858057,-0.5633963355696046
16,superfamily,small_GTPase,73,0.17554770193626193,0.11704114719613057,0.06063317900851125,0.02303518312067981,0.9937589390158319
17,family,arf_gtpase,16,0.3765663887128412,0.25,0.2915898117379789,0.25007835105002374,0.9738495699901719
17,family,cytochrome_p450,4,0.51832325459337,0.5,0.030181683677264926,0.016433104018324984,-0.015323550932576627
17,family,hox,26,0.36484781022376167,0.19611613513818404,0.2760609591236564,0.4505974760169392,-0.45333950942449286
17,family,rab_gtpase,35,0.19701252634098806,0.1690308509457033,-0.04192128607368039,-0.04665278896456888,0.9882470403905034
17,family,ras_gtpases,14,0.26982760250377785,0.2672612419124244,-0.06532997609719914,-0.03345525974992917,0.9030687833063042
17,family,rho_gtpase,8,0.36506991619533624,0.35355339059327373,-0.18038613393295286,-0.3506976687553054,0.9821418801231833
17,superfamily,cytochrome_p450,4,0.51832325459337,0.5,0.030181683677264926,0.016433104018324984,-0.015323550932576627
17,superfamily,hox,26,0.36484781022376167,0.19611613513818404,0.2760609591236564,0.4505974760169392,-0.45333950942449286
17,superfamily,small_GTPase,73,0.1885715688267833,0.11704114719613057,0.06832798366086168,0.0005044037096101312,0.9907413868777529
18,family,arf_gtpase,16,0.3744524195776061,0.25,0.2878522036894025,0.2087246266339197,0.9734386704234366
18,family,cytochrome_p450,4,0.5258405774594772,0.5,0.0465709056287273,0.038457909823341456,-0.007684835317460927
18,family,hox,26,0.3622089862306365,0.19611613513818404,0.2708369375964352,0.4371710962250317,-0.4358161067143913
18,family,rab_gtpase,35,0.19724474640346593,0.1690308509457033,-0.04116999474280344,-0.04796136044895304,0.9872980936989386
18,family,ras_gtpases,14,0.27157016610038154,0.2672612419124244,-0.0605331127139544,-0.029882375571947735,0.9004756856075096
18,family,rho_gtpase,8,0.36137718303338223,0.35355339059327373,-0.17117054393574704,-0.32889433093356757,0.9809228001148566
18,superfamily,cytochrome_p450,4,0.5258405774594772,0.5,0.0465709056287273,0.038457909823341456,-0.007684835317460927
18,superfamily,hox,26,0.3622089862306365,0.19611613513818404,0.2708369375964352,0.4371710962250317,-0.4358161067143913
18,superfamily,small_GTPase,73,0.1891388753520422,0.11704114719613057,0.06916608241471323,0.014373218097572232,0.990558139568088
19,family,arf_gtpase,16,0.38394221708134507,0.25,0.29424633665425404,0.21853256503575547,0.9716758235522299
19,family,cytochrome_p450,4,0.5215054626147048,0.5,0.035917386518754535,0.024098498256407662,0.005311940091081848
19,family,hox,26,0.3691688480779816,0.19611613513818404,0.2798598349854695,0.44458019579391406,-0.4280761127522129
19,family,rab_gtpase,35,0.19633145653210218,0.1690308509457033,-0.037739153141026764,-0.03239454579845911,0.9861002549100197
19,family,ras_gtpases,14,0.2700220572594356,0.2672612419124244,-0.06294663466463679,-0.025959788995420226,0.8968411248428727
19,family,rho_gtpase,8,0.35958687819063345,0.35355339059327373,-0.1710205586011101,-0.3357286766711275,0.9797696387462732
19,superfamily,cytochrome_p450,4,0.5215054626147048,0.5,0.035917386518754535,0.024098498256407662,0.005311940091081848
19,superfamily,hox,26,0.3691688480779816,0.19611613513818404,0.2798598349854695,0.44458019579391406,-0.4280761127522129
19,superfamily,small_GTPase,73,0.19065469078635203,0.11704114719613057,0.07284292985186944,0.02226307457124609,0.9896826217311171
20,family,arf_gtpase,16,0.38475955154492864,0.25,0.2936911970042798,0.23929539356412596,0.9583517235104518
20,family,cytochrome_p450,4,0.5202415406384242,0.5,0.03419567351817353,0.020278153325877943,0.02020978049987162
20,family,hox,26,0.3939107234220416,0.19611613513818404,0.31155787679440977,0.482838377571868,-0.37046775213937255
20,family,rab_gtpase,35,0.21190637384579855,0.1690308509457033,-0.03535666926263919,-0.025177246294367094,0.982152417959563
20,family,ras_gtpases,14,0.2841829614037373,0.2672612419124244,-0.056469010052337794,0.0025099124837266625,0.8637658602131376
20,family,rho_gtpase,8,0.381287826315071,0.35355339059327373,-0.17626404025061165,-0.338941907748457,0.9705971478079628
20,superfamily,cytochrome_p450,4,0.5202415406384242,0.5,0.03419567351817353,0.020278153325877943,0.02020978049987162
20,superfamily,hox,26,0.3939107234220416,0.19611613513818404,0.31155787679440977,0.482838377571868,-0.37046775213937255
20,superfamily,small_GTPase,73,0.20245522278559583,0.11704114719613057,0.07049604647230684,0.025744042062214527,0.9855948253585244
21,family,arf_gtpase,16,0.38302117169177674,0.25,0.28942406515515684,0.18073909454699658,0.9526625342547782
21,family,cytochrome_p450,4,0.5412378173784391,0.5,0.08615593971747623,0.07567004589157941,0.09767929671734935
21,family,hox,26,0.3918395601033009,0.19611613513818404,0.3045962607567148,0.447708687007476,-0.30357454975178955
21,family,rab_gtpase,35,0.22653516727274772,0.1690308509457033,-0.016544702857162696,-0.027012333295271272,0.9800965429854931
21,family,ras_gtpases,14,0.29255241317239267,0.2672612419124244,-0.03223934529056389,0.0282049916978307,0.8515973866773482
21,family,rho_gtpase,8,0.37804059345144775,0.35355339059327373,-0.13957584368951814,-0.26960883678488684,0.9638223753631531
21,superfamily,cytochrome_p450,4,0.5412378173784391,0.5,0.08615593971747623,0.07567004589157941,0.09767929671734935
21,superfamily,hox,26,0.3918395601033009,0.19611613513818404,0.3045962607567148,0.447708687007476,-0.30357454975178955
21,superfamily,small_GTPase,73,0.21229963898008214,0.11704114719613057,0.0809252976224863,0.011961405706318477,0.9851162677820118
22,family,arf_gtpase,16,0.42833662474233586,0.25,0.3228227509810742,0.22974195078484422,0.9277932929125163
22,family,cytochrome_p450,4,0.5867820526434696,0.5,0.1719736386434137,0.13347895335328583,0.2922908873965755
22,family,hox,26,0.41860648626156755,0.19611613513818404,0.33099353929917197,0.4184393489951326,-0.07023497739339149
22,family,rab_gtpase,35,0.29810447178374777,0.1690308509457033,0.07505466441284968,0.0880617012646882,0.9799522368987068
22,family,ras_gtpases,14,0.3665465291117903,0.2672612419124244,0.10340492807712394,0.12620882446725118,0.8445092942147129
22,family,rho_gtpase,8,0.48998906283315297,0.35355339059327373,-0.002214488389235181,-0.08940968545903681,0.9547447109463613
22,superfamily,cytochrome_p450,4,0.5867820526434696,0.5,0.1719736386434137,0.13347895335328583,0.2922908873965755
22,superfamily,hox,26,0.41860648626156755,0.19611613513818404,0.33099353929917197,0.4184393489951326,-0.07023497739339149
22,superfamily,small_GTPase,73,0.30455511104361105,0.11704114719613057,0.15494454193217483,0.12604461333448172,0.9804130153145438
23,family,arf_gtpase,16,0.44144539661285415,0.25,0.32895180404456764,0.24025550281780148,0.9109724128160238
23,family,cytochrome_p450,4,0.6528812669687123,0.5,0.31677977753076264,0.2513672678909833,0.4925137490684031
23,family,hox,26,0.44138931813431326,0.19611613513818404,0.3481820428376755,0.3531060277312097,0.20719883266890501
23,family,rab_gtpase,35,0.3585590241774682,0.1690308509457033,0.16612259060093948,0.24534066243906388,0.9775054310852567
23,family,ras_gtpases,14,0.42025313938237574,0.2672612419124244,0.19352833549560294,0.23557212554350593,0.847899415428004
23,family,rho_gtpase,8,0.5698058037562651,0.35355339059327373,0.15060744361631795,0.0910610330323608,0.9518525277205229
23,superfamily,cytochrome_p450,4,0.6528812669687123,0.5,0.31677977753076264,0.2513672678909833,0.4925137490684031
23,superfamily,hox,26,0.44138931813431326,0.19611613513818404,0.3481820428376755,0.3531060277312097,0.20719883266890501
23,superfamily,small_GTPase,73,0.36610585892716363,0.11704114719613057,0.22333575340938863,0.20774949432691023,0.9797980955453441
24,family,arf_gtpase,16,0.4958711649375744,0.25,0.3830004688043941,0.4465047049648685,0.7829298463815899
24,family,cytochrome_p450,4,0.7453988380868536,0.5,0.5280779506503337,0.4681094863415961,0.8405976292684677
24,family,hox,26,0.5975420554320267,0.19611613513818404,0.5509870904727389,0.5614802273396731,0.8014619156888962
24,family,rab_gtpase,35,0.45112830553505456,0.1690308509457033,0.37347381118016015,0.46879051107650455,0.9633984199249792
24,family,ras_gtpases,14,0.5354847844743046,0.2672612419124244,0.4089370249456417,0.49821758506085556,0.9326543109367939
24,family,rho_gtpase,8,0.6076499489985332,0.35355339059327373,0.41255629738729127,0.4256392135601976,0.9020908101373778
24,superfamily,cytochrome_p450,4,0.7453988380868536,0.5,0.5280779506503337,0.4681094863415961,0.8405976292684677
24,superfamily,hox,26,0.5975420554320267,0.19611613513818404,0.5509870904727389,0.5614802273396731,0.8014619156888962
24,superfamily,small_GTPase,73,0.46210485978832905,0.11704114719613057,0.4197040150458135,0.4905212107297405,0.9642148858358187
25,family,arf_gtpase,16,0.5290243512659183,0.25,0.4284020633760911,0.47040933860114625,0.8326079841896371
25,family,cytochrome_p450,4,0.7729912003310393,0.5,0.582500000375141,0.5401114604063917,0.86249185490908
25,family,hox,26,0.635662137517374,0.19611613513818404,0.5960473288944439,0.6003642547720938,0.840596926513543
25,family,rab_gtpase,35,0.49520065791952256,0.1690308509457033,0.43419143883680933,0.5148730751426693,0.965350602691643
25,family,ras_gtpases,14,0.5599820053318395,0.2672612419124244,0.4485647681926931,0.5544090739650686,0.9435531946983353
25,family,rho_gtpase,8,0.6630057624350435,0.35355339059327373,0.5153632756431377,0.5107079671424279,0.9245211954360483
25,superfamily,cytochrome_p450,4,0.7729912003310393,0.5,0.582500000375141,0.5401114604063917,0.86249185490908
25,superfamily,hox,26,0.635662137517374,0.19611613513818404,0.5960473288944439,0.6003642547720938,0.840596926513543
25,superfamily,small_GTPase,73,0.5076936665166796,0.11704114719613057,0.4767690645574078,0.5492480568922014,0.9715628957815574
26,family,arf_gtpase,16,0.6377889692721124,0.25,0.5731331425353717,0.6290052121629732,0.9060388332007663
26,family,cytochrome_p450,4,0.8089950441679882,0.5,0.6493788713353422,0.5962317431669837,0.8917220678553192
26,family,hox,26,0.732664637194052,0.19611613513818404,0.7061284618865838,0.7175749217414387,0.9005970363944545
26,family,rab_gtpase,35,0.6155841202715328,0.1690308509457033,0.5807318236169827,0.6833098635253322,0.9765925665376987
26,family,ras_gtpases,14,0.654468034464025,0.2672612419124244,0.5823350530063678,0.6738015930160774,0.9677598520301115
26,family,rho_gtpase,8,0.7821139883538973,0.35355339059327373,0.7013985846547279,0.7023541682207616,0.965578293905713
26,superfamily,cytochrome_p450,4,0.8089950441679882,0.5,0.6493788713353422,0.5962317431669837,0.8917220678553192
26,superfamily,hox,26,0.732664637194052,0.19611613513818404,0.7061284618865838,0.7175749217414387,0.9005970363944545
26,superfamily,small_GTPase,73,0.6299524471989771,0.11704114719613057,0.6137512793818891,0.6867126424563023,0.9832496910627196
27,family,arf_gtpase,16,0.7059771837058856,0.25,0.6637513246618391,0.7466941222500127,0.9331577384195244
27,family,cytochrome_p450,4,0.8421979306498873,0.5,0.715749371522151,0.6612156611457074,0.9067712996111648
27,family,hox,26,0.7852734377520227,0.19611613513818404,0.7652219119290868,0.7926407491489951,0.9022243541103541
27,family,rab_gtpase,35,0.7079538411628414,0.1690308509457033,0.6855661804879847,0.7802485273679268,0.9802471074020962
27,family,ras_gtpases,14,0.6951649244365863,0.2672612419124244,0.6365301102600017,0.6946741043892667,0.9714736388559928
27,family,rho_gtpase,8,0.8313793762684031,0.35355339059327373,0.7754314058721362,0.7667186359759107,0.9764230086636178
27,superfamily,cytochrome_p450,4,0.8421979306498873,0.5,0.715749371522151,0.6612156611457074,0.9067712996111648
27,superfamily,hox,26,0.7852734377520227,0.19611613513818404,0.7652219119290868,0.7926407491489951,0.9022243541103541
27,superfamily,small_GTPase,73,0.7063578677124381,0.11704114719613057,0.6957133797648862,0.7651154035626727,0.9843475045473243
28,family,arf_gtpase,16,0.6198954019484866,0.25,0.5406764990089243,0.6176649782272676,0.9205109357365707
28,family,cytochrome_p450,4,0.9078362842652133,0.5,0.8281777900443212,0.8173296025568941,0.9731947097782618
28,family,hox,26,0.7892400052083001,0.19611613513818404,0.7679036911840902,0.8736387026861139,0.9559189691473708
28,family,rab_gtpase,35,0.7485691712672924,0.1690308509457033,0.7000037761085305,0.7790373496618953,0.9872695489940052
28,family,ras_gtpases,14,0.7345540805839024,0.2672612419124244,0.6753632164995725,0.7458549644280353,0.9924110864334796
28,family,rho_gtpase,8,0.8694849608299755,0.35355339059327373,0.8269470562114103,0.8282828222052744,0.9705802911412925
28,superfamily,cytochrome_p450,4,0.9078362842652133,0.5,0.8281777900443212,0.8173296025568941,0.9731947097782618
28,superfamily,hox,26,0.7892400052083001,0.19611613513818404,0.7679036911840902,0.8736387026861139,0.9559189691473708
28,superfamily,small_GTPase,73,0.7172267684705045,0.11704114719613057,0.6865514194687534,0.7697936848875548,0.9896451170081397
29,family,arf_gtpase,16,0.6275001923029101,0.25,0.5721641511192597,0.6728182544307054,0.8052616951793613
29,family,cytochrome_p450,4,0.8968497515505265,0.5,0.7926491043047166,0.795188819627688,0.9836699779259422
29,family,hox,26,0.7036612327793166,0.19611613513818404,0.6831429750406777,0.8533493318942615,0.9382003911814818
29,family,rab_gtpase,35,0.6807162939448752,0.1690308509457033,0.6593593888890402,0.8022985271556311,0.9923406013782096
29,family,ras_gtpases,14,0.646805207603257,0.2672612419124244,0.5994209353956002,0.7220598259940838,0.9913712488840468
29,family,rho_gtpase,8,0.7413627151681965,0.35355339059327373,0.6729213325844834,0.7822050399500913,0.9767388249004445
29,superfamily,cytochrome_p450,4,0.8968497515505265,0.5,0.7926491043047166,0.795188819627688,0.9836699779259422
29,superfamily,hox,26,0.7036612327793166,0.19611613513818404,0.6831429750406777,0.8533493318942615,0.9382003911814818
29,superfamily,small_GTPase,73,0.6410728657112481,0.11704114719613057,0.6301215081794128,0.7810367031339956,0.9812131218984931
30,family,arf_gtpase,16,0.623484245016011,0.25,0.5910426894266501,0.9107894129273075,0.9878488083762168
30,family,cytochrome_p450,4,0.9881508019392728,0.5,0.9758087386086199,0.9766232222163755,0.9954981917657398
30,family,hox,26,0.9072236984362694,0.19611613513818404,0.9008620794040711,0.9942749392738659,0.9988506905975709
30,family,rab_gtpase,35,0.8267066065143736,0.1690308509457033,0.8159856833095409,0.9770150376895798,0.9996463604066123
30,family,ras_gtpases,14,0.7530593615829748,0.2672612419124244,0.7268877876163897,0.9337297955257255,0.9996227277910124
30,family,rho_gtpase,8,0.9134688349851011,0.35355339059327373,0.8881957149784883,0.9419088333451756,0.9971916985832493
30,superfamily,cytochrome_p450,4,0.9881508019392728,0.5,0.9758087386086199,0.9766232222163755,0.9954981917657398
30,superfamily,hox,26,0.9072236984362694,0.19611613513818404,0.9008620794040711,0.9942749392738659,0.9988506905975709
30,superfamily,small_GTPase,73,0.7738339403771272,0.11704114719613057,0.7593043499432645,0.963150187099369,0.9996793045940899
31,family,arf_gtpase,16,0.623484245016011,0.25,0.5910426894266501,0.9107894129273075,0.9878488083762168
31,family,cytochrome_p450,4,0.9881508019392728,0.5,0.9758087386086199,0.9766232222163755,0.9954981917657398
31,family,hox,26,0.9072236984362694,0.19611613513818404,0.9008620794040711,0.9942749392738659,0.9988506905975709
31,family,rab_gtpase,35,0.8267066065143736,0.1690308509457033,0.8159856833095409,0.9770150376895798,0.9996463604066123
31,family,ras_gtpases,14,0.7530593615829748,0.2672612419124244,0.7268877876163897,0.9337297955257255,0.9996227277910124
31,family,rho_gtpase,8,0.9134688349851011,0.35355339059327373,0.8881957149784883,0.9419088333451756,0.9971916985832493
31,superfamily,cytochrome_p450,4,0.9881508019392728,0.5,0.9758087386086199,0.9766232222163755,0.9954981917657398
31,superfamily,hox,26,0.9072236984362694,0.19611613513818404,0.9008620794040711,0.9942749392738659,0.9988506905975709
31,superfamily,small_GTPase,73,0.7738339403771272,0.11704114719613057,0.7593043499432645,0.963150187099369,0.9996793045940899
