layer,family_a,family_b,cos
0,arf_gtpase,cytochrome_p450,0.913173169073457
0,arf_gtpase,hox,-0.7305292850538909
0,arf_gtpase,rab_gtpase,0.9733280304799045
0,arf_gtpase,ras_gtpases,0.8921774168975343
0,arf_gtpase,rho_gtpase,0.95770929716424
0,cytochrome_p450,hox,-0.6385907326067155
0,cytochrome_p450,rab_gtpase,0.9472058394932894
0,cytochrome_p450,ras_gtpases,0.8444366443971553
0,cytochrome_p450,rho_gtpase,0.9185251999537027
0,hox,rab_gtpase,-0.7172373153562918
0,hox,ras_gtpases,-0.4861621447039638
0,hox,rho_gtpase,-0.6939424692056657
0,rab_gtpase,ras_gtpases,0.8764122141922884
0,rab_gtpase,rho_gtpase,0.9544395328835246
0,ras_gtpases,rho_gtpase,0.8456470559979035
1,arf_gtpase,cytochrome_p450,0.7849014897348248
1,arf_gtpase,hox,-0.38566556612362585
1,arf_gtpase,rab_gtpase,0.9355835168040568
1,arf_gtpase,ras_gtpases,0.7954983385169855
1,arf_gtpase,rho_gtpase,0.8637373028019977
1,cytochrome_p450,hox,-0.28014676929730226
1,cytochrome_p450,rab_gtpase,0.8410876672838591
1,cytochrome_p450,ras_gtpases,0.6744064951698696
1,cytochrome_p450,rho_gtpase,0.7936303701676779
1,hox,rab_gtpase,-0.3966709187111848
1,hox,ras_gtpases,-0.16806907425874326
1,hox,rho_gtpase,-0.3572616955577889
1,rab_gtpase,ras_gtpases,0.7587493424432614
1,rab_gtpase,rho_gtpase,0.8928378721728808
1,ras_gtpases,rho_gtpase,0.6931106174111465
2,arf_gtpase,cytochrome_p450,0.08583566111621765
2,arf_gtpase,hox,-0.5450263133594933
2,arf_gtpase,rab_gtpase,0.9831941473779926
2,arf_gtpase,ras_gtpases,0.8247575302197486
2,arf_gtpase,rho_gtpase,0.9830810134911301
2,cytochrome_p450,hox,-0.004438528613967415
2,cytochrome_p450,rab_gtpase,0.18454759731008014
2,cytochrome_p450,ras_gtpases,0.32224060492928613
2,cytochrome_p450,rho_gtpase,0.16458018975076574
2,hox,rab_gtpase,-0.5678859624331687
2,hox,ras_gtpases,-0.49046461403373753
2,hox,rho_gtpase,-0.5548819204508667
2,rab_gtpase,ras_gtpases,0.8621433960884173
2,rab_gtpase,rho_gtpase,0.9828577651481041
2,ras_gtpases,rho_gtpase,0.8432142546002602
3,arf_gtpase,cytochrome_p450,0.06994894036729163
3,arf_gtpase,hox,-0.2821973617841977
3,arf_gtpase,rab_gtpase,0.9631749330374272
3,arf_gtpase,ras_gtpases,0.6692553975109695
3,arf_gtpase,rho_gtpase,0.9483173369778168
3,cytochrome_p450,hox,0.3340366685589889
3,cytochrome_p450,rab_gtpase,0.17396146198547296
3,cytochrome_p450,ras_gtpases,0.4133935996433366
3,cytochrome_p450,rho_gtpase,0.1859822330601159
3,hox,rab_gtpase,-0.24293494570192864
3,hox,ras_gtpases,0.0010479086817068795
3,hox,rho_gtpase,-0.19687209856293536
3,rab_gtpase,ras_gtpases,0.7283351332731544
3,rab_gtpase,rho_gtpase,0.9403529837365394
3,ras_gtpases,rho_gtpase,0.7098990618088227
4,arf_gtpase,cytochrome_p450,0.2564356880743219
4,arf_gtpase,hox,-0.029879316483657378
4,arf_gtpase,rab_gtpase,0.7473768502238315
4,arf_gtpase,ras_gtpases,0.5296485782084563
4,arf_gtpase,rho_gtpase,0.6879523035200887
4,cytochrome_p450,hox,0.4137187701834572
4,cytochrome_p450,rab_gtpase,0.5661516625605117
4,cytochrome_p450,ras_gtpases,0.46888176535965825
4,cytochrome_p450,rho_gtpase,0.5355995985290553
4,hox,rab_gtpase,0.18229806365897244
4,hox,ras_gtpases,0.24679382657946347
4,hox,rho_gtpase,0.1857733985470203
4,rab_gtpase,ras_gtpases,0.5848822888234736
4,rab_gtpase,rho_gtpase,0.715145650998598
4,ras_gtpases,rho_gtpase,0.5700892494063928
5,arf_gtpase,cytochrome_p450,0.34749982797478285
5,arf_gtpase,hox,0.09187030584056734
5,arf_gtpase,rab_gtpase,0.7711840808119792
5,arf_gtpase,ras_gtpases,0.49669655553599223
5,arf_gtpase,rho_gtpase,0.7116100319409924
5,cytochrome_p450,hox,0.5146592423273371
5,cytochrome_p450,rab_gtpase,0.6343550669880422
5,cytochrome_p450,ras_gtpases,0.5861405194900431
5,cytochrome_p450,rho_gtpase,0.6345245709252958
5,hox,rab_gtpase,0.33964750938164445
5,hox,ras_gtpases,0.3231596946114162
5,hox,rho_gtpase,0.3383682345310835
5,rab_gtpase,ras_gtpases,0.6007670521386533
5,rab_gtpase,rho_gtpase,0.7798560289733149
5,ras_gtpases,rho_gtpase,0.5934272709638465
6,arf_gtpase,cytochrome_p450,0.22729217067594282
6,arf_gtpase,hox,-0.036056947538753964
6,arf_gtpase,rab_gtpase,0.6386872513113099
6,arf_gtpase,ras_gtpases,0.4325811826128122
6,arf_gtpase,rho_gtpase,0.6076821360895227
6,cytochrome_p450,hox,0.5222530162165395
6,cytochrome_p450,rab_gtpase,0.6751453263804503
6,cytochrome_p450,ras_gtpases,0.6345334999812158
6,cytochrome_p450,rho_gtpase,0.6518147579616405
6,hox,rab_gtpase,0.30617693885267294
6,hox,ras_gtpases,0.4330660207267751
6,hox,rho_gtpase,0.29458807691930455
6,rab_gtpase,ras_gtpases,0.644667712357307
6,rab_gtpase,rho_gtpase,0.7617600074124521
6,ras_gtpases,rho_gtpase,0.62744008557499
7,arf_gtpase,cytochrome_p450,0.3113983195741761
7,arf_gtpase,hox,0.011511339182976086
7,arf_gtpase,rab_gtpase,0.5968613111519845
7,arf_gtpase,ras_gtpases,0.4594539413045448
7,arf_gtpase,rho_gtpase,0.5973830223013135
7,cytochrome_p450,hox,0.5535456320852942
7,cytochrome_p450,rab_gtpase,0.7663893404923466
7,cytochrome_p450,ras_gtpases,0.6163348247999042
7,cytochrome_p450,rho_gtpase,0.7461929838026331
7,hox,rab_gtpase,0.3992299283853524
7,hox,ras_gtpases,0.45925812472524496
7,hox,rho_gtpase,0.3745022250037872
7,rab_gtpase,ras_gtpases,0.622878646516382
7,rab_gtpase,rho_gtpase,0.8232526590342407
7,ras_gtpases,rho_gtpase,0.6099871760686083
8,arf_gtpase,cytochrome_p450,0.2603696060831976
8,arf_gtpase,hox,-0.013503401759059359
8,arf_gtpase,rab_gtpase,0.5690669132830388
8,arf_gtpase,ras_gtpases,0.4337385905407076
8,arf_gtpase,rho_gtpase,0.4759784789141836
8,cytochrome_p450,hox,0.6217018390022943
8,cytochrome_p450,rab_gtpase,0.7817750107428686
8,cytochrome_p450,ras_gtpases,0.5587005415515163
8,cytochrome_p450,rho_gtpase,0.8199970038662044
8,hox,rab_gtpase,0.47020972108194614
8,hox,ras_gtpases,0.4379676895735571
8,hox,rho_gtpase,0.49537561956438936
8,rab_gtpase,ras_gtpases,0.5892220057522634
8,rab_gtpase,rho_gtpase,0.8368847418625504
8,ras_gtpases,rho_gtpase,0.5551389445333547
9,arf_gtpase,cytochrome_p450,-0.43449015605301744
9,arf_gtpase,hox,-0.798884703702343
9,arf_gtpase,rab_gtpase,0.9929392483103339
9,arf_gtpase,ras_gtpases,0.9625532171113483
9,arf_gtpase,rho_gtpase,0.9970106576398099
9,cytochrome_p450,hox,0.6606730333445864
9,cytochrome_p450,rab_gtpase,-0.3517608747087502
9,cytochrome_p450,ras_gtpases,-0.30189688218152066
9,cytochrome_p450,rho_gtpase,-0.381392648543795
9,hox,rab_gtpase,-0.7552578421313597
9,hox,ras_gtpases,-0.7055591899298851
9,hox,rho_gtpase,-0.7726976086151459
9,rab_gtpase,ras_gtpases,0.9682459452138961
9,rab_gtpase,rho_gtpase,0.9960027006327459
9,ras_gtpases,rho_gtpase,0.9665734857848949
10,arf_gtpase,cytochrome_p450,-0.4057867800305029
10,arf_gtpase,hox,-0.7309637966826795
10,arf_gtpase,rab_gtpase,0.9878153513448942
10,arf_gtpase,ras_gtpases,0.9289820560379943
10,arf_gtpase,rho_gtpase,0.9956242239377707
10,cytochrome_p450,hox,0.68572021414682
10,cytochrome_p450,rab_gtpase,-0.3049777046362243
10,cytochrome_p450,ras_gtpases,-0.20613962081177623
10,cytochrome_p450,rho_gtpase,-0.3497783869855773
10,hox,rab_gtpase,-0.6584920410270187
10,hox,ras_gtpases,-0.5464023413584403
10,hox,rho_gtpase,-0.6929657504786426
10,rab_gtpase,ras_gtpases,0.9453565664090152
10,rab_gtpase,rho_gtpase,0.9920465463456797
10,ras_gtpases,rho_gtpase,0.9370342641605718
11,arf_gtpase,cytochrome_p450,-0.41920308015168206
11,arf_gtpase,hox,-0.723490823426918
11,arf_gtpase,rab_gtpase,0.9852773031370052
11,arf_gtpase,ras_gtpases,0.919405673006712
11,arf_gtpase,rho_gtpase,0.9952808198367816
11,cytochrome_p450,hox,0.700021040919133
11,cytochrome_p450,rab_gtpase,-0.30786520318457355
11,cytochrome_p450,ras_gtpases,-0.21552937732787672
11,cytochrome_p450,rho_gtpase,-0.36164227621768585
11,hox,rab_gtpase,-0.6428480875433558
11,hox,ras_gtpases,-0.5277862222489225
11,hox,rho_gtpase,-0.684506197230442
11,rab_gtpase,ras_gtpases,0.9370569425728903
11,rab_gtpase,rho_gtpase,0.9900906919694225
11,ras_gtpases,rho_gtpase,0.9281890465731426
12,arf_gtpase,cytochrome_p450,-0.38456166443143613
12,arf_gtpase,hox,-0.719370956054888
12,arf_gtpase,rab_gtpase,0.9834789320109784
12,arf_gtpase,ras_gtpases,0.9059806343757971
12,arf_gtpase,rho_gtpase,0.9943231661402232
12,cytochrome_p450,hox,0.6606540808045082
12,cytochrome_p450,rab_gtpase,-0.2740167504029719
12,cytochrome_p450,ras_gtpases,-0.14317609368872547
12,cytochrome_p450,rho_gtpase,-0.3241151898878788
12,hox,rab_gtpase,-0.6299682901318546
12,hox,ras_gtpases,-0.49333508259781983
12,hox,rho_gtpase,-0.6745838205318068
12,rab_gtpase,ras_gtpases,0.9289636003688925
12,rab_gtpase,rho_gtpase,0.9885486653406379
12,ras_gtpases,rho_gtpase,0.9177568977332502
13,arf_gtpase,cytochrome_p450,-0.3253276733804011
13,arf_gtpase,hox,-0.7015406490948788
13,arf_gtpase,rab_gtpase,0.9765704326842748
13,arf_gtpase,ras_gtpases,0.8811040919294252
13,arf_gtpase,rho_gtpase,0.9937283847071564
13,cytochrome_p450,hox,0.5745826941457096
13,cytochrome_p450,rab_gtpase,-0.20421032414267187
13,cytochrome_p450,ras_gtpases,-0.051657169539675044
13,cytochrome_p450,rho_gtpase,-0.26919735198368083
13,hox,rab_gtpase,-0.5886142024366972
13,hox,ras_gtpases,-0.42562668322069436
13,hox,rho_gtpase,-0.6551929664850703
13,rab_gtpase,ras_gtpases,0.9148328557945705
13,rab_gtpase,rho_gtpase,0.9833789291142796
13,ras_gtpases,rho_gtpase,0.8963900827921175
14,arf_gtpase,cytochrome_p450,-0.30529149862019717
14,arf_gtpase,hox,-0.6968057117579426
14,arf_gtpase,rab_gtpase,0.9754211980858382
14,arf_gtpase,ras_gtpases,0.879073671795299
14,arf_gtpase,rho_gtpase,0.9936233449550981
14,cytochrome_p450,hox,0.5466250522645137
14,cytochrome_p450,rab_gtpase,-0.1867320365868199
14,cytochrome_p450,ras_gtpases,-0.03688633585816731
14,cytochrome_p450,rho_gtpase,-0.25166308433830187
14,hox,rab_gtpase,-0.5818247210268529
14,hox,ras_gtpases,-0.4200231919314599
14,hox,rho_gtpase,-0.651855325326661
14,rab_gtpase,ras_gtpases,0.9128579421011865
14,rab_gtpase,rho_gtpase,0.9818694671064797
14,ras_gtpases,rho_gtpase,0.8936828641563584
15,arf_gtpase,cytochrome_p450,-0.2771080958975338
15,arf_gtpase,hox,-0.693414806634053
15,arf_gtpase,rab_gtpase,0.97526847895759
15,arf_gtpase,ras_gtpases,0.8764788722348604
15,arf_gtpase,rho_gtpase,0.9932081137448807
15,cytochrome_p450,hox,0.5093175941365189
15,cytochrome_p450,rab_gtpase,-0.16653150882200426
15,cytochrome_p450,ras_gtpases,-0.019814093352297238
15,cytochrome_p450,rho_gtpase,-0.22348039107720596
15,hox,rab_gtpase,-0.5792912551714143
15,hox,ras_gtpases,-0.416379489309034
15,hox,rho_gtpase,-0.6467634093114604
15,rab_gtpase,ras_gtpases,0.9097100713982976
15,rab_gtpase,rho_gtpase,0.9812837327097382
15,ras_gtpases,rho_gtpase,0.891174788675436
16,arf_gtpase,cytochrome_p450,-0.1592956046932862
16,arf_gtpase,hox,-0.692135793189804
16,arf_gtpase,rab_gtpase,0.9781206178959863
16,arf_gtpase,ras_gtpases,0.8890302606121601
16,arf_gtpase,rho_gtpase,0.9934396834144575
16,cytochrome_p450,hox,0.3670733349039397
16,cytochrome_p450,rab_gtpase,-0.0759547001515722
16,cytochrome_p450,ras_gtpases,0.0512263952483733
16,cytochrome_p450,rho_gtpase,-0.11542731842006161
16,hox,rab_gtpase,-0.5971688247281471
16,hox,ras_gtpases,-0.4511283498057949
16,hox,rho_gtpase,-0.6514373344552405
16,rab_gtpase,ras_gtpases,0.9151921239472098
16,rab_gtpase,rho_gtpase,0.9817080159088052
16,ras_gtpases,rho_gtpase,0.8994959711963845
17,arf_gtpase,cytochrome_p450,-0.14662604841355062
17,arf_gtpase,hox,-0.6267982642646658
17,arf_gtpase,rab_gtpase,0.9639185893487084
17,arf_gtpase,ras_gtpases,0.8368372849212377
17,arf_gtpase,rho_gtpase,0.9893971725668597
17,cytochrome_p450,hox,0.3773953259279443
17,cytochrome_p450,rab_gtpase,-0.032391208503273
17,cytochrome_p450,ras_gtpases,0.12099509131806947
17,cytochrome_p450,rho_gtpase,-0.09327817396439594
17,hox,rab_gtpase,-0.49470532946948403
17,hox,ras_gtpases,-0.27985822341584704
17,hox,rho_gtpase,-0.5712105923033608
17,rab_gtpase,ras_gtpases,0.8762928460110422
17,rab_gtpase,rho_gtpase,0.9676934281459949
17,ras_gtpases,rho_gtpase,0.8589685575144338
18,arf_gtpase,cytochrome_p450,-0.14060904958713422
18,arf_gtpase,hox,-0.6120078263924315
18,arf_gtpase,rab_gtpase,0.9620764067873614
18,arf_gtpase,ras_gtpases,0.833890277450898
18,arf_gtpase,rho_gtpase,0.9892781221545566
18,cytochrome_p450,hox,0.3778945489118276
18,cytochrome_p450,rab_gtpase,-0.025126364333672543
18,cytochrome_p450,ras_gtpases,0.12685726311848586
18,cytochrome_p450,rho_gtpase,-0.08778852051783999
18,hox,rab_gtpase,-0.47822662217429357
18,hox,ras_gtpases,-0.26345272179171736
18,hox,rho_gtpase,-0.5587022026425186
18,rab_gtpase,ras_gtpases,0.8722486170128447
18,rab_gtpase,rho_gtpase,0.9647518002411991
18,ras_gtpases,rho_gtpase,0.8548517097347237
19,arf_gtpase,cytochrome_p450,-0.1282355316895653
19,arf_gtpase,hox,-0.6107054415247405
19,arf_gtpase,rab_gtpase,0.9599413102288861
19,arf_gtpase,ras_gtpases,0.8294262113474516
19,arf_gtpase,rho_gtpase,0.9885871518688246
19,cytochrome_p450,hox,0.35833447279611613
19,cytochrome_p450,rab_gtpase,-0.01386609689864953
19,cytochrome_p450,ras_gtpases,0.13557099751174545
19,cytochrome_p450,rho_gtpase,-0.07551001423627615
19,hox,rab_gtpase,-0.47492591471389506
19,hox,ras_gtpases,-0.2648000960914212
19,hox,rho_gtpase,-0.554260814416731
19,rab_gtpase,ras_gtpases,0.8666620513963869
19,rab_gtpase,rho_gtpase,0.9623233089708556
19,ras_gtpases,rho_gtpase,0.8514684991711405
20,arf_gtpase,cytochrome_p450,-0.14872311705258073
20,arf_gtpase,hox,-0.5995040370751565
20,arf_gtpase,rab_gtpase,0.9407889942078901
20,arf_gtpase,ras_gtpases,0.7572791696932009
20,arf_gtpase,rho_gtpase,0.9852721249851774
20,cytochrome_p450,hox,0.4020589220081709
20,cytochrome_p450,rab_gtpase,0.0023873318803107075
20,cytochrome_p450,ras_gtpases,0.19483508344094105
20,cytochrome_p450,rho_gtpase,-0.0853684106992446
20,hox,rab_gtpase,-0.4138120547891282
20,hox,ras_gtpases,-0.13905834920722954
20,hox,rho_gtpase,-0.5322249678692711
20,rab_gtpase,ras_gtpases,0.8293170082977857
20,rab_gtpase,rho_gtpase,0.9459228354248469
20,ras_gtpases,rho_gtpase,0.7915058790309625
21,arf_gtpase,cytochrome_p450,-0.08875050942795547
21,arf_gtpase,hox,-0.5533949858196217
21,arf_gtpase,rab_gtpase,0.926391187251248
21,arf_gtpase,ras_gtpases,0.7251958772890523
21,arf_gtpase,rho_gtpase,0.984569963746521
21,cytochrome_p450,hox,0.38918575941662953
21,cytochrome_p450,rab_gtpase,0.09071031078030822
21,cytochrome_p450,ras_gtpases,0.2912942303048276
21,cytochrome_p450,rho_gtpase,-0.023189795701802535
21,hox,rab_gtpase,-0.33519274793395865
21,hox,ras_gtpases,-0.05192052756104471
21,hox,rho_gtpase,-0.48895634812346966
21,rab_gtpase,ras_gtpases,0.8242781435721752
21,rab_gtpase,rho_gtpase,0.93031520337542
21,ras_gtpases,rho_gtpase,0.7595775309195103
22,arf_gtpase,cytochrome_p450,0.04268068165594081
22,arf_gtpase,hox,-0.4058049831822972
22,arf_gtpase,rab_gtpase,0.8998045505465557
22,arf_gtpase,ras_gtpases,0.6554956806897293
22,arf_gtpase,rho_gtpase,0.977249335083921
22,cytochrome_p450,hox,0.4361562203401829
22,cytochrome_p450,rab_gtpase,0.29053398959993315
22,cytochrome_p450,ras_gtpases,0.49686960657985824
22,cytochrome_p450,rho_gtpase,0.1400120780835296
22,hox,rab_gtpase,-0.10655603328856218
22,hox,ras_gtpases,0.19760231534656122
22,hox,rho_gtpase,-0.29925235979720954
22,rab_gtpase,ras_gtpases,0.8287106994442766
22,rab_gtpase,rho_gtpase,0.9199727844881468
22,ras_gtpases,rho_gtpase,0.7225064747788298
23,arf_gtpase,cytochrome_p450,0.2081290110337742
23,arf_gtpase,hox,-0.16994161227998084
23,arf_gtpase,rab_gtpase,0.8763292566786304
23,arf_gtpase,ras_gtpases,0.6327478423127603
23,arf_gtpase,rho_gtpase,0.9629979715988309
23,cytochrome_p450,hox,0.5146776687825334
23,cytochrome_p450,rab_gtpase,0.49426771287936827
23,cytochrome_p450,ras_gtpases,0.6420706442209473
23,cytochrome_p450,rho_gtpase,0.3441193407151002
23,hox,rab_gtpase,0.1587995380743571
23,hox,ras_gtpases,0.4026242184293238
23,hox,rho_gtpase,-0.014836098768872055
23,rab_gtpase,ras_gtpases,0.8391881188380022
23,rab_gtpase,rho_gtpase,0.9110869782433103
23,ras_gtpases,rho_gtpase,0.7215380260469844
24,arf_gtpase,cytochrome_p450,0.5793329297805774
24,arf_gtpase,hox,0.30727659821368947
24,arf_gtpase,rab_gtpase,0.7920214556003489
24,arf_gtpase,ras_gtpases,0.6988850423494033
24,arf_gtpase,rho_gtpase,0.8485565074802286
24,cytochrome_p450,hox,0.6963067776442594
24,cytochrome_p450,rab_gtpase,0.7848093470791343
24,cytochrome_p450,ras_gtpases,0.8138161373552517
24,cytochrome_p450,rho_gtpase,0.7087110981439695
24,hox,rab_gtpase,0.6799505646734643
24,hox,ras_gtpases,0.737144794322188
24,hox,rho_gtpase,0.5971646764161508
24,rab_gtpase,ras_gtpases,0.8864235107608524
24,rab_gtpase,rho_gtpase,0.8627488318523702
24,ras_gtpases,rho_gtpase,0.8049563674150295
25,arf_gtpase,cytochrome_p450,0.6640407561543863
25,arf_gtpase,hox,0.45207074964604804
25,arf_gtpase,rab_gtpase,0.8444099700003861
25,arf_gtpase,ras_gtpases,0.7685093159755338
25,arf_gtpase,rho_gtpase,0.872656692519605
25,cytochrome_p450,hox,0.7268703980178345
25,cytochrome_p450,rab_gtpase,0.810212787623229
25,cytochrome_p450,ras_gtpases,0.8395566914587805
25,cytochrome_p450,rho_gtpase,0.7691318225869239
25,hox,rab_gtpase,0.7189366304955911
25,hox,ras_gtpases,0.7735538722838499
25,hox,rho_gtpase,0.6821223390575211
25,rab_gtpase,ras_gtpases,0.9011120322304389
25,rab_gtpase,rho_gtpase,0.8928644173462768
25,ras_gtpases,rho_gtpase,0.8473728359921515
26,arf_gtpase,cytochrome_p450,0.7830365724013825
26,arf_gtpase,hox,0.6663891007158538
26,arf_gtpase,rab_gtpase,0.9185627088646814
26,arf_gtpase,ras_gtpases,0.8724530745534979
26,arf_gtpase,rho_gtpase,0.926384273348633
26,cytochrome_p450,hox,0.7909386844619787
26,cytochrome_p450,rab_gtpase,0.857197316751088
26,cytochrome_p450,ras_gtpases,0.8784882283829395
26,cytochrome_p450,rho_gtpase,0.8440579644132307
26,hox,rab_gtpase,0.810980894045242
26,hox,ras_gtpases,0.8595042723843059
26,hox,rho_gtpase,0.8140166348831489
26,rab_gtpase,ras_gtpases,0.9350944229180206
26,rab_gtpase,rho_gtpase,0.9526672582911913
26,ras_gtpases,rho_gtpase,0.9243274497902144
27,arf_gtpase,cytochrome_p450,0.8042822289378934
27,arf_gtpase,hox,0.713207848930694
27,arf_gtpase,rab_gtpase,0.9548174538180068
27,arf_gtpase,ras_gtpases,0.9069589478524972
27,arf_gtpase,rho_gtpase,0.9507523812416319
27,cytochrome_p450,hox,0.8234485750697879
27,cytochrome_p450,rab_gtpase,0.8775965117200049
27,cytochrome_p450,ras_gtpases,0.8882107886017669
27,cytochrome_p450,rho_gtpase,0.8656985988679108
27,hox,rab_gtpase,0.8125643154483322
27,hox,ras_gtpases,0.860410272982772
27,hox,rho_gtpase,0.8269581125464419
27,rab_gtpase,ras_gtpases,0.9464283005128437
27,rab_gtpase,rho_gtpase,0.9738080252666195
27,ras_gtpases,rho_gtpase,0.9446300933147846
28,arf_gtpase,cytochrome_p450,0.9054836494924898
28,arf_gtpase,hox,0.7956832141116098
28,arf_gtpase,rab_gtpase,0.9193207849711094
28,arf_gtpase,ras_gtpases,0.9306581574676241
28,arf_gtpase,rho_gtpase,0.9211721109027284
28,cytochrome_p450,hox,0.9388982507541817
28,cytochrome_p450,rab_gtpase,0.9453429685502736
28,cytochrome_p450,ras_gtpases,0.9615771991522775
28,cytochrome_p450,rho_gtpase,0.9350226824656025
28,hox,rab_gtpase,0.9102124845343031
28,hox,ras_gtpases,0.9252735739170649
28,hox,rho_gtpase,0.8917646378792187
28,rab_gtpase,ras_gtpases,0.9860019717301097
28,rab_gtpase,rho_gtpase,0.96251207672468
28,ras_gtpases,rho_gtpase,0.9833896349983637
29,arf_gtpase,cytochrome_p450,0.8000759095857898
29,arf_gtpase,hox,0.555673544466227
29,arf_gtpase,rab_gtpase,0.8406926666196063
29,arf_gtpase,ras_gtpases,0.853576820244925
29,arf_gtpase,rho_gtpase,0.8470148543157171
29,cytochrome_p450,hox,0.9141364836909578
29,cytochrome_p450,rab_gtpase,0.9665035046066427
29,cytochrome_p450,ras_gtpases,0.9878533134038052
29,cytochrome_p450,rho_gtpase,0.9835815161915612
29,hox,rab_gtpase,0.9037972880837106
29,hox,ras_gtpases,0.8966168685964826
29,hox,rho_gtpase,0.8758193787423154
29,rab_gtpase,ras_gtpases,0.98399227930619
29,rab_gtpase,rho_gtpase,0.9655493667535783
29,ras_gtpases,rho_gtpase,0.993320205618025
30,arf_gtpase,cytochrome_p450,0.9951298191301283
30,arf_gtpase,hox,0.9795675971780402
30,arf_gtpase,rab_gtpase,0.9847270488194054
30,arf_gtpase,ras_gtpases,0.9907609048511337
30,arf_gtpase,rho_gtpase,0.9962533028004794
30,cytochrome_p450,hox,0.9909127144531337
30,cytochrome_p450,rab_gtpase,0.9929448078230513
30,cytochrome_p450,ras_gtpases,0.9973551005728655
30,cytochrome_p450,rho_gtpase,0.9991133738910523
30,hox,rab_gtpase,0.999146351169688
30,hox,ras_gtpases,0.9974206449458307
30,hox,rho_gtpase,0.9926738327192052
30,rab_gtpase,ras_gtpases,0.998754237159187
30,rab_gtpase,rho_gtpase,0.9953269128137018
30,ras_gtpases,rho_gtpase,0.9986360918588908
31,arf_gtpase,cytochrome_p450,0.9951298191301283
31,arf_gtpase,hox,0.9795675971780402
31,arf_gtpase,rab_gtpase,0.9847270488194054
31,arf_gtpase,ras_gtpases,0.9907609048511337
31,arf_gtpase,rho_gtpase,0.9962533028004794
31,cytochrome_p450,hox,0.9909127144531337
31,cytochrome_p450,rab_gtpase,0.9929448078230513
31,cytochrome_p450,ras_gtpases,0.9973551005728655
31,cytochrome_p450,rho_gtpase,0.9991133738910523
31,hox,rab_gtpase,0.999146351169688
31,hox,ras_gtpases,0.9974206449458307
31,hox,rho_gtpase,0.9926738327192052
31,rab_gtpase,ras_gtpases,0.998754237159187
31,rab_gtpase,rho_gtpase,0.9953269128137018
31,ras_gtpases,rho_gtpase,0.9986360918588908
