gene,aln_len_raw,aln_len_trimmed,status,n_taxa_tree,tree_len,diameter,focal_target_dist,mean_target_dist,treeness,human_branch,platypus_branch,background_rate,mean_terminal,reason
ENSG00000003393,1922,1649,ok,24.0,1.1584262741,0.4745680891999999,0.3721309230999999,0.3838557590826086,0.1976273145029143,0.0019450507,0.2520747744,0.904406449,0.0387287333541666,
ENSG00000004534,1266,1108,ok,24.0,1.3071894581,0.4793528268,0.3747347993,0.3918244100869565,0.2972226666092634,0.0019859184,0.157367565,1.1478359747000002,0.0382776300666666,
ENSG00000005175,884,660,ok,23.0,2.0029100082,0.8399658342,0.5705166548,0.6009065437681819,0.2646360658391961,0.0047476159,0.3266095758,1.6715528165000002,0.0640377297130434,
ENSG00000007908,692,610,ok,23.0,4.1902886084,1.1820683548999995,0.8457642902999998,0.9537452657136364,0.2510841513853945,0.0045250699,0.5272867331,3.6584768054000008,0.1364423282217391,
ENSG00000008952,729,398,ok,23.0,0.6081232839,0.2439738749,0.1740251394999999,0.1840767755727272,0.2521920054046462,2.2296e-06,0.0908914986,0.5172295557000001,0.019772150147826,
ENSG00000010292,1610,1390,ok,24.0,1.9770418501,0.7559090699,0.6456837195,0.6829559369913043,0.2156735736668562,0.0024304723,0.4901762829,1.4844350949,0.0646102570416666,
ENSG00000012171,860,747,ok,23.0,1.5462550858,0.5702269547,0.4869479272999999,0.4845210437272726,0.339598761176149,0.004505114,0.1424272745,1.3993226973,0.0443977727913043,
ENSG00000012232,1057,916,ok,24.0,0.5961996393,0.3478613096999999,0.2916736094999999,0.2994691937173912,0.147029072011718,2.0664e-06,0.2609246554,0.3352729175,0.02118920665,
ENSG00000014138,885,590,ok,24.0,2.2243557899,0.7034688627000001,0.5652648311,0.6192069541826087,0.25532986070791,0.0018035448,0.3323630136,1.8901892315,0.0690171389958333,
ENSG00000020426,498,308,ok,24.0,1.1905710877,0.5835408814,0.1293654629999999,0.1675149190521739,0.063749998957748,0.0,0.0972419755,1.0933291122,0.0464446742541666,
ENSG00000020922,988,706,ok,24.0,1.3092625466,0.3229335952999999,0.2056443818,0.2328706433826086,0.217331039552705,2.3843e-06,0.0924608525,1.2167993098,0.0426966315125,
ENSG00000021776,1600,1474,ok,24.0,1.0000823633,0.4550201985,0.3231960763,0.3432841578391304,0.2195883991748022,2.324e-06,0.203982826,0.7960972132999999,0.0325198282541666,
ENSG00000022567,935,758,ok,23.0,2.1420743114,0.5121841039,0.3562350655,0.3951921782909091,0.2785748516866323,0.0079759909,0.1412764894,1.9928218311,0.0671889686,
ENSG00000023318,656,391,ok,24.0,1.4730157631,0.5762295407,0.2468904624,0.2785567831130435,0.207208264939171,0.0,0.0587724836,1.4142432795,0.0486581134416666,
ENSG00000023516,2095,1892,ok,23.0,2.861920332,1.0197418481,0.8470691234,0.8815373046681817,0.2881545116679369,0.0068529381,0.4538890006,2.4011783933,0.0885758728826087,
ENSG00000034677,865,826,ok,23.0,0.5710200103999999,0.2393041788,0.1640731717,0.1774936806499999,0.1792873735340466,2.1828e-06,0.100992271,0.4700255566,0.0203757970652173,
ENSG00000036257,962,755,ok,23.0,0.0791951968,0.0301942886,0.0045286626999999,0.0056541497590909,0.0574519981494635,0.0,0.001497608,0.0776975888,0.0032454467173913,
ENSG00000040199,1461,1314,ok,23.0,0.848569534,0.2830207052,0.2108351131,0.2132076938090908,0.2632546734820672,0.0040658377,0.0894561679,0.7550475284,0.0271817234086956,
ENSG00000042286,865,372,ok,23.0,1.7340203172,0.5996973278,0.2677065933,0.3236409142090909,0.2074702044904045,0.0026601535,0.1316902768,1.5996698869,0.0597505551043478,
ENSG00000054148,195,124,ok,17.0,1.1944209019,0.6039308445,0.3302751876,0.3277764134312499,0.226155647536228,0.008329685,0.2011876026,0.9849036143,0.0543703452588235,
ENSG00000056972,691,551,ok,23.0,2.8758029299,0.9950503891,0.7670416136999999,0.8275151513,0.2073766593320557,0.0040224676,0.5457697252,2.3260107371,0.0991055880608695,
ENSG00000061938,1581,1086,ok,24.0,1.5528585512,0.6474704789,0.3441972819,0.3511959285347826,0.1298452212818648,0.0042292582,0.2246687437,1.3239605492999995,0.0563011370416666,
ENSG00000062598,917,720,ok,24.0,0.4015936945,0.2351999834,0.1288087757,0.1379924472260869,0.0465987119725556,2.3573e-06,0.1229371779,0.2786541593,0.0159533310666666,
ENSG00000064309,1372,1245,ok,24.0,2.107950319,0.6493407084,0.5706274947,0.5770272680347827,0.2204498457157424,0.0112357114,0.3707613272,1.7259532804000002,0.06846887485,
ENSG00000066827,1569,1241,ok,24.0,2.5266268812,0.9567688647,0.7908634693000001,0.8326505918086957,0.2163710327661656,0.002724003,0.5651016801,1.9588011981,0.0824974172291666,
ENSG00000067842,1577,1213,ok,24.0,0.6964837196,0.2657057711,0.0813209147,0.0992032745217391,0.1457949668347136,2.6096e-06,0.0174399364,0.6790411736,0.02478916245,
ENSG00000069849,525,277,ok,17.0,3.9866511126,2.0666979908,0.7643367532000002,0.8815604811125001,0.1880925438973162,2.769e-06,0.1785616577,3.8080866859,0.1903995154823529,
ENSG00000070061,1470,1329,ok,23.0,1.6179362478,0.5041783583999999,0.3740194896,0.3855781373636363,0.2939352168212175,0.003832024,0.1592776429,1.4548265808999998,0.0496681654782608,
ENSG00000071794,1105,1005,ok,24.0,1.2136857205,0.5150270680000001,0.3450207475,0.351578362952174,0.3615785995399292,0.0010692914,0.1071336912,1.1054827379,0.0322851223916666,
ENSG00000072201,791,725,ok,24.0,2.2273879325,1.0310975724999998,0.8161531978000001,0.8408652207304348,0.1462139702510038,0.0029075078,0.6744474939,1.5500329308000005,0.07923802915,
ENSG00000074047,1715,1562,ok,22.0,2.4096991324,1.0362218611,0.5061650949000001,0.5600173485476191,0.2304646068602286,0.0035224234,0.1771360458,2.2290406632,0.0842885804181818,
ENSG00000076053,414,262,ok,22.0,1.7436376983,0.7545352492,0.3802865882,0.4043080606047619,0.2336405710298584,2.8785e-06,0.1915034355,1.5521313843,0.0607387814,
ENSG00000076242,933,757,ok,24.0,2.1069959663,0.7390958659,0.5657514107999999,0.6151092497086956,0.1718650267925764,0.0029978744,0.4148567534,1.6891413384999998,0.0727032103375,
ENSG00000076650,1121,931,ok,24.0,2.0026065338,0.6616779684999999,0.5476294946,0.5616227793478261,0.2407918983890414,0.0058365179,0.2985417499,1.698228266,0.0633497960333333,
ENSG00000077420,846,659,ok,21.0,2.5906248907,0.795746481,0.5369623437000001,0.6028778341500001,0.1796430701606707,0.0086900095,0.3186996889,2.2632351923,0.1012017657952381,
ENSG00000078403,1266,1069,ok,24.0,0.7235629089,0.2224125084,0.1404910574,0.1574810543521739,0.2827629342015876,0.001814229,0.0788932502,0.6428554297,0.0216235890708333,
ENSG00000078808,1068,355,ok,22.0,1.4724567793,0.5334397053,0.3509369796,0.340964273,0.3476873671248817,0.0058287937,0.0611745584,1.4054534272,0.0436591890227272,
ENSG00000083307,748,624,ok,24.0,0.5461293291,0.1917841336,0.1068680797,0.1124203218086956,0.2633403956476873,0.0,0.0310609075,0.5150684216,0.0167629756458333,
ENSG00000083799,997,952,ok,23.0,0.491867256,0.2292041676,0.1292645956,0.133746307290909,0.2516102964577093,2.026e-06,0.0766847742,0.4151804558,0.0160047126043478,
ENSG00000083937,348,213,ok,24.0,15.0274963236,9.604718845100004,0.1456933835,0.7774830621260871,0.006586105580646,2.1516e-06,0.0862478606,14.9412463114,0.6220218185916667,
ENSG00000085382,1303,909,ok,22.0,0.3643140826,0.1667766404999999,0.0586504881,0.0711649558190476,0.1478806905171225,2.0746e-06,0.0393369402,0.3249750677999999,0.0141108665681818,
ENSG00000086475,470,389,ok,22.0,0.2874899474,0.1931369949000001,0.0075909581999999,0.0228440471571428,0.1517925078586591,0.0,0.0025221811,0.2849677663,0.01108414215,
ENSG00000087303,1612,1404,ok,24.0,3.3592373776,0.9950576713,0.7296238512000001,0.7800330765434783,0.233458956764854,0.006329413,0.3498828455,3.0030251191,0.1072913884958333,
ENSG00000087502,436,373,ok,23.0,0.9138178288,0.5048432431,0.1098759400999999,0.1330073747818181,0.1380199913210535,0.0056471281,0.050295054,0.8578756466999999,0.0342475086956521,
ENSG00000090621,817,644,ok,19.0,0.8257100407,0.5164563577000001,0.1107185247,0.14315615175,0.0997356990235761,2.5179e-06,0.0346950921,0.7910124306999999,0.0391240669789473,
ENSG00000090686,1185,1031,ok,24.0,0.4819247221,0.1610065982,0.090099382,0.1053783791,0.2523626616830081,2.8944e-06,0.0424353004,0.4394865273,0.0150127048541666,
ENSG00000092036,633,363,ok,21.0,1.6084880381,0.5726856696000001,0.4483033885,0.4576022411949999,0.1999163362631164,0.0027454256,0.3059339235,1.299808689,0.0612821429809523,
ENSG00000099814,2196,1468,ok,22.0,2.9754042624,0.9767445507,0.7669879001,0.789900274804762,0.2486437230560579,0.0054212804,0.3892235529,2.5807594291000004,0.1016176667727272,
ENSG00000100060,437,320,ok,22.0,2.667964012,1.0340433516,0.5627773734,0.6065832920285714,0.2530972060203336,0.0073224988,0.1796998525,2.4809416607,0.0905777170363636,
ENSG00000100207,2376,1938,ok,23.0,1.2073503652,0.5294618853999999,0.4909135766,0.5050317797363636,0.2007877011407889,0.0013717717,0.3571675489,0.8488110446,0.0419534461260869,
ENSG00000100239,1297,839,ok,24.0,2.8856434795,0.8055284181,0.5096731001,0.5795088621130435,0.3057161267381714,0.0026467844,0.1158108431,2.767185852,0.0834773221583333,
ENSG00000100350,893,653,ok,24.0,2.5302913344,0.7940986841000001,0.5401715752,0.5763135597826087,0.2418230388656387,0.0036352415,0.2707764619,2.255879631,0.0799336914458333,
ENSG00000100412,1056,780,ok,23.0,0.6529332056,0.2618436045,0.0991419034,0.1074395854863636,0.152735069597753,0.00141988,0.0445510234,0.6069623021999999,0.0240524959565217,
ENSG00000100522,471,183,ok,23.0,0.9695628416,0.7249645196,0.1192106694999999,0.154493746190909,0.0388763841627818,0.0,0.0967361625,0.8728266790999999,0.0405160758304347,
ENSG00000100554,296,225,ok,21.0,1.4712077842,1.2121228496,0.0508923504,0.11947786693,0.0120089060088865,0.0,0.0464694979,1.4247382863,0.0692161994380952,
ENSG00000100629,1401,1093,ok,24.0,2.5590119948,0.9921268861,0.7327520255000001,0.7622768945739132,0.2786817758373721,0.0065433627,0.3310263503,2.2214422818,0.0769109161541666,
ENSG00000101161,1510,940,ok,23.0,0.408933906,0.1161215731,0.0372272375,0.0397277198363636,0.1282460195413583,2.0391e-06,0.0037057658,0.4052261011,0.0154995547956521,
ENSG00000101189,435,200,ok,21.0,2.370016399,1.0786686688,0.1905871764,0.294346007775,0.0397003055505018,2.2269e-06,0.1652242005,2.2047899716,0.1083774297047619,
ENSG00000101190,609,479,ok,24.0,1.9633774604,0.7200280514999999,0.4435507581,0.4431999253043478,0.2647644165651643,2.0741e-06,0.1069237735,1.8564516128,0.0601477071916666,
ENSG00000101447,677,580,ok,21.0,2.4408689713,0.8162003165,0.7126927232,0.73346061791,0.3158674932433478,0.003628906,0.3675457929,2.0696942724,0.0795179908571428,
ENSG00000101557,598,493,ok,23.0,0.57211765,0.307005631,0.1018477786,0.1193036444454545,0.164925105526809,0.0,0.0474742741,0.5246433759,0.0207722211391304,
ENSG00000101986,862,732,ok,24.0,1.121163288,0.3437448601,0.2959408844,0.3017997651695652,0.2877970452239781,2.335e-06,0.1389064046,0.9822545484,0.0332706586041666,
ENSG00000102098,1353,694,ok,22.0,4.0503088395,1.6560539982999998,0.7704214493,0.8524859072285713,0.3620601165517615,0.0014993018,0.1867568075,3.8620527302,0.1174478885909091,
ENSG00000103194,1568,794,ok,22.0,2.0431191397,0.6047118932,0.3313124102,0.3917842963,0.2004018427726738,0.0044322848,0.2212370244,1.8174498305,0.0742579226863636,
ENSG00000103266,709,303,ok,23.0,0.4233987073999999,0.2147665299,0.1427190843,0.1402743520727272,0.2872005352749454,2.6166e-06,0.0479567617,0.3754393290999999,0.013121668347826,
ENSG00000103460,656,570,ok,22.0,0.7948796152000001,0.2743877689999999,0.1394950513,0.1697686511047619,0.2128011044256554,2.7155e-06,0.0722543756,0.7226225241,0.0284421979636363,
ENSG00000104142,1034,973,ok,24.0,0.5546523669,0.2249306281999999,0.1957105287999999,0.2018868533565217,0.1959255082735319,2.0038e-06,0.150416627,0.4042337360999999,0.0185825758333333,
ENSG00000105058,158,106,ok,18.0,0.5559946588,0.4282026342,0.1373734141,0.1524124590705882,0.1714532344712517,0.0,0.0420528205,0.5139418383,0.0255926431222222,
ENSG00000105135,852,630,ok,24.0,1.5169754751,0.4697489496,0.3482220161,0.3867145069,0.3064454538194531,0.0016794295,0.1255559785,1.3897400671,0.0438377182166666,
ENSG00000105321,868,570,ok,22.0,3.2941033944,1.4420261984,0.9590178396,0.9480000007238096,0.2505529081458391,0.0092990239,0.4532288845,2.831575486,0.1122161913272727,
ENSG00000105538,1200,962,ok,23.0,2.4041836703,1.7335714634,0.2694008838,0.3585626422136363,0.0324343732399903,0.0036095254,0.252186445,2.1483876999,0.1011393686869565,
ENSG00000105639,1396,1100,ok,21.0,2.6094509301,1.3775880277,0.4849545166,0.56183509008,0.2112567026806955,0.001194636,0.2055337892,2.4027225049,0.0980089014666666,
ENSG00000105664,1048,751,ok,22.0,1.1660205432,0.4318179667,0.3048027379,0.3071010381095238,0.287697628190467,0.0047673671,0.1218894651,1.039363711,0.037752690840909,
ENSG00000105852,814,354,ok,24.0,3.1398422839,1.0440776352,0.8099676207000001,0.859586658621739,0.2380783774500591,2.383e-06,0.4272976098,2.7125422911,0.0996797386458333,
ENSG00000105976,1706,1380,ok,24.0,1.3467446131,0.4839362076999999,0.3885741089999999,0.3959985373782608,0.2202959077869134,0.0008225847,0.2497803177,1.0961417107,0.04375259525,
ENSG00000105982,467,347,ok,24.0,3.0679248428,0.9322472511,0.4632045695,0.5391290450043478,0.2094268738388013,0.0028996224,0.2139839806,2.8510412398,0.1010591222416666,
ENSG00000106624,1516,1078,ok,22.0,2.6038586841,0.8299002710000001,0.5359029750000001,0.5800249709190476,0.2153032009084521,0.0013063073,0.2595674415,2.3429849353,0.0928745261227272,
ENSG00000107104,1552,1347,ok,22.0,1.7944675139,0.5325753613,0.3502318117999999,0.3812144435,0.2375468781118066,0.006148855,0.1647953044,1.6235233545,0.0621907890045454,
ENSG00000107186,2278,2067,ok,23.0,1.4063142751,0.5364360906,0.3991163944,0.4274026791863636,0.2194219379434641,0.001529727,0.3324474518,1.0723370962999998,0.0477277422391304,
ENSG00000107719,1020,851,ok,23.0,2.3726738733,0.7283113719,0.590554263,0.6336225305545454,0.2016837935398359,0.0089178542,0.4840528389,1.8797031802,0.0823540872043478,
ENSG00000107736,3373,3352,ok,21.0,0.7093546485,0.2680736143,0.2355259334,0.239320172755,0.1383312030272823,0.0049599649,0.1979888113,0.5064058723,0.0291061317428571,
ENSG00000107745,645,474,ok,24.0,1.0282556449,0.5750113876,0.1752271645,0.1975161763869565,0.2127678249909114,2.0319e-06,0.0635591557,0.9646944573,0.0337281636583333,
ENSG00000107771,1116,1046,ok,24.0,2.8380055137,1.0648663080999998,0.7695143487999999,0.8169743994130434,0.2092516281709999,0.0040740379,0.4672565038,2.366674972,0.0935061766333333,
ENSG00000107833,285,175,ok,20.0,2.3923663771,0.9194605003,0.3679780948,0.4532145150473685,0.1396420472206108,2.4033e-06,0.2419544376,2.1504095362,0.102914571925,
ENSG00000107968,603,467,ok,24.0,0.918844932,0.3112800435999999,0.1161383053999999,0.1458194203391304,0.1429320954234746,0.0046870959,0.0672034241,0.8469544119999999,0.0328130208541666,
ENSG00000108010,698,334,ok,22.0,2.5489664201,1.140377894,0.6390348365999999,0.6957209612714286,0.1607095817621359,0.0090069362,0.3866260585,2.1533334254,0.0972419587636363,
ENSG00000108375,1138,780,ok,24.0,2.6342200788,1.070315093,0.7655035325999999,0.8012062658173913,0.1783930440671728,0.007131204,0.5803270432,2.0467618316,0.0901788975083333,
ENSG00000108423,574,453,ok,24.0,1.3502537201,0.4211342899,0.3076179503,0.3119149677130435,0.26257936476838,0.0043879336,0.1375186558,1.2083471307,0.0414877065,
ENSG00000108599,806,660,ok,24.0,1.2100639634,0.4337219925999999,0.1668338814,0.1971308126260869,0.1946065387637342,0.0030764526,0.0530949715,1.1538925393,0.0406074001583333,
ENSG00000109576,587,423,ok,21.0,2.6676362938,0.9806856797,0.4781898079,0.505329246805,0.2899097098796564,0.0022878063,0.0765909718,2.5887575157,0.0902029823714285,
ENSG00000109943,502,389,ok,23.0,4.3890040421,1.3588287917,0.7337334522000001,0.8524204995318182,0.1927812813531061,0.0075068429,0.407116394,3.9743808052,0.1540385312608695,
ENSG00000110756,1352,1117,ok,23.0,2.0680963261,0.8098382001,0.6634765229999999,0.6914642749318181,0.2285340439104607,0.0027677963,0.4474776116,1.6178509181999998,0.0693680830217391,
ENSG00000110851,1382,797,ok,23.0,0.5392121174,0.2167662480999999,0.1133115957,0.1230934115818181,0.2123809805168892,0.0012662423,0.0508151038,0.4871307712999999,0.0184649443130434,
ENSG00000111481,391,174,ok,22.0,3.0133178255,1.3040870538,0.0822030486,0.2410705638333333,0.0863942175289136,2.4114e-06,0.0638350499,2.9494803642000003,0.1251356631727272,
ENSG00000111669,393,286,ok,17.0,1.8581867633,0.9909788541,0.680612568,0.7183000602625,0.1284336770735407,2.7131e-06,0.5916748652,1.266509185,0.0952666473294117,
ENSG00000111832,370,218,ok,16.0,0.5981222478,0.4552487086999999,0.4210301305999999,0.4270124122866666,0.1474532566283851,0.0,0.3517674197,0.2463548281,0.03187044840625,
ENSG00000111906,602,202,ok,24.0,2.6690487089,1.103814104,0.7521849695,0.772720069373913,0.1741300809723862,0.0121677068,0.4958671342,2.1610138679,0.0918452933791666,
ENSG00000112306,256,137,ok,15.0,0.0447487616,0.0447375792,0.0,0.0032118655214285,0.0016607319921899,0.0,0.0,0.0447487616,0.0029782963933333,
ENSG00000112320,1033,868,ok,21.0,0.8355560681,0.4309166497,0.3356403029,0.3513229430999999,0.1305558452206039,0.0025580022,0.2759175392,0.5570805267000001,0.0345937780666666,
ENSG00000112874,594,461,ok,24.0,1.2235109208,0.4460479167,0.3215497172,0.318701267173913,0.2318548582423082,0.0024843865,0.171818241,1.0492082933,0.0391597487375,
ENSG00000113558,285,147,ok,17.0,0.5045998543,0.2760113998,0.0,0.032008155275,0.0147915522297446,0.0,0.0,0.5045998543,0.0292432964235294,
ENSG00000113569,1481,1390,ok,24.0,0.5688873385,0.1830250751,0.1389794466,0.1463964731304347,0.2327844707340063,0.0030954411,0.0785884537,0.4872034436999999,0.0181858000208333,
ENSG00000113595,829,571,ok,23.0,0.4250421358,0.2443450761999999,0.1593414806999999,0.157838903890909,0.1237714084533828,2.7124e-06,0.121753743,0.3032856804,0.0161927857391304,
ENSG00000113621,609,346,ok,23.0,3.0613254808,1.0854989519,0.7907055298000001,0.8639884032363636,0.2934838038408164,0.0032716247,0.351241664,2.7068121921,0.0940380884304347,
ENSG00000113734,472,217,ok,21.0,1.7887569586,0.8667649304,0.1988104965,0.25669616486,0.0527849330486456,2.1303e-06,0.1617479074,1.6270069209,0.0806827401095238,
ENSG00000114248,644,552,ok,21.0,3.3860142968,1.2259033403,0.8036654886,0.89276185722,0.2980832395048853,0.00529093,0.4361048959,2.9446184709,0.1131761993428571,
ENSG00000114446,549,409,ok,24.0,0.9441602047,0.4306984923,0.2886459727,0.2678628933043478,0.1637016796838101,0.0051883555,0.194320956,0.7446508932,0.0328999830541666,
ENSG00000114491,738,480,ok,23.0,2.2678303183,0.8659943463,0.6274095144999999,0.6743990439772727,0.1417540248077209,0.009054412,0.4852924587,1.7734834476000003,0.0846241844826087,
ENSG00000114541,1141,1034,ok,24.0,1.1399969428,0.3959499301999999,0.2673758411,0.2877682477869565,0.1898318791701938,0.0033405526,0.1670180913,0.9696382989,0.0384828825375,
ENSG00000114988,476,342,ok,23.0,1.0013842048,0.4675963071000001,0.3131368668,0.3379522915318182,0.3011352805991453,2.4316e-06,0.152339396,0.8490423771999999,0.0304274822304347,
ENSG00000115109,821,731,ok,23.0,2.2280383067,0.6596532887,0.5350836675999999,0.5532709530272727,0.2443427479064896,0.0028349902,0.2683496004,1.9568537160999997,0.0732014480173913,
ENSG00000115137,474,263,ok,24.0,0.9405289083,0.351926195,0.2080912563,0.2380698122521739,0.2640546291648736,2.8636e-06,0.1518536725,0.7886723722,0.028840745675,
ENSG00000115216,675,535,ok,24.0,0.150444548,0.0897916826999999,0.0719556595999999,0.0762753186434782,0.2801428457214681,2.828e-06,0.0495670956,0.1008746244,0.0045124410083333,
ENSG00000115268,213,144,ok,20.0,4.1208626524,1.6928971053,8.1231e-06,0.2202697273368421,0.0102830020979517,2.7077e-06,0.0,4.120859944699999,0.2039243906549999,
ENSG00000115286,614,210,ok,21.0,2.6302665958,1.1447141097000002,0.38800012,0.4486829820649999,0.1409672054125852,2.1682e-06,0.2016451037,2.4286193239000005,0.107594536395238,
ENSG00000115474,380,360,ok,24.0,0.890227605,0.3540645987,0.1893210783999999,0.2047936098347826,0.2404020434751627,0.0030409733,0.122087109,0.7650995227,0.0281756279,
ENSG00000115486,907,756,ok,24.0,1.7530577953,0.601188652,0.5265087815,0.5375104455608696,0.2586817763315073,0.0082590546,0.2874200517,1.4573786889999998,0.0541489037833333,
ENSG00000115568,2138,1802,ok,8.0,1.2505465452,1.1138707179,1.0090236684,1.0428543516,0.1257023231189364,0.0039072148,0.9681130981,0.2785262323,0.1366687424125,
ENSG00000115760,5079,4855,ok,23.0,0.3411821664,0.1230372511,0.0908782068,0.0952645601590909,0.2800202431682549,0.0013942606,0.0418262542,0.2979616516,0.0106801849217391,
ENSG00000115761,911,687,ok,23.0,0.7921701119,0.2025862854,0.1217018023,0.145616636,0.1691612816325442,2.4227e-06,0.0569368969,0.7352307923,0.028615895673913,
ENSG00000115942,814,576,ok,24.0,1.7497927616,0.667384211,0.3977656146,0.4360289851826087,0.3189597890379111,0.0035660992,0.1659445947,1.5802820677,0.0496533013125,
ENSG00000116096,324,261,ok,22.0,2.7361104319,1.2434799186,0.7356061999999999,0.7451774972238094,0.1425403009882073,0.0086232456,0.5576381316,2.1698490547,0.1066411103363636,
ENSG00000116885,507,379,ok,24.0,1.6886075308,0.5078106238,0.2109230815,0.2442339072130435,0.1658486637610345,0.00843313,0.109300469,1.5708739318,0.0586897595083333,
ENSG00000116984,1379,1251,ok,24.0,1.2344810296,0.4888458351,0.3829813308,0.391629956173913,0.208302625341534,0.0008843989,0.2688752888,0.9647213419,0.040722307925,
ENSG00000117118,483,280,ok,19.0,1.7363827271,0.5990828824,0.2669552078,0.3366042243722222,0.1325483083354498,2.75e-06,0.1963834042,1.5399965729000002,0.0792751649473684,
ENSG00000117143,812,521,ok,23.0,0.9065334978,0.4001555078,0.274122743,0.2918434399045455,0.1075330153122555,2.8772e-06,0.2151706585,0.6913599621,0.0351761398826087,
ENSG00000117362,503,262,ok,24.0,2.0402888821,1.6795261319,1.3734749218,1.3999854980913042,0.0063843578300504,2.8707e-06,1.3690946017,0.6711914097,0.0844692894916666,
ENSG00000117758,490,269,ok,21.0,0.827686722,0.3378147029,0.1792956344,0.2084796085299999,0.1726303719778653,2.8218e-06,0.1456791415,0.6820047587,0.0326096597761904,
ENSG00000118257,970,926,ok,24.0,0.8447996613,0.3045850668,0.2652074499,0.2729831880913043,0.2296159361634914,0.0023887219,0.1460786347,0.6963323047000001,0.027117508175,
ENSG00000118363,395,226,ok,23.0,2.5793646892,1.3719856119,0.5134297626,0.5714144365409091,0.0952371741493405,2.0851e-06,0.3304042746,2.2489583295,0.1014657950043478,
ENSG00000118689,905,672,ok,24.0,0.7498261954000001,0.3611192065,0.3086195315,0.3153769223869565,0.2311476892422262,2.4545e-06,0.2010702034,0.5487535375,0.0240210667916666,
ENSG00000118939,298,294,ok,19.0,0.5578530371,0.2890937466,0.0581652454,0.0851642418,0.0909821670306722,2.6663e-06,0.0208209921,0.5370293787,0.0266893873105263,
ENSG00000119431,380,241,ok,24.0,2.9604653578,0.7921484964,0.7054626648,0.7082323749652173,0.2411201881215271,0.0046256126,0.3542518936,2.6015878516,0.0936098914083333,
ENSG00000119471,867,417,ok,24.0,1.9387336923,0.4917291619,0.3313775566999999,0.341934933773913,0.2118489187716893,2.1734e-06,0.1310209219,1.807710597,0.0636672939916666,
ENSG00000119616,257,197,ok,17.0,0.2519075433,0.1903590334,0.0405818397,0.0544917946499999,0.1559983515586926,2.2457e-06,0.0236355776,0.2282697199999999,0.0125064930470588,
ENSG00000119630,729,161,ok,24.0,5.3561616698,1.9414033541,0.8216946664000001,0.7319379632086956,0.288231064066751,0.1983954364,0.2497954642,4.907970769199999,0.1588478955166666,
ENSG00000119698,1040,872,ok,22.0,1.2705397066,0.6165372824,0.5151783702,0.5424917937761905,0.1752266605628333,0.0011963937,0.4273719726,0.8419713403,0.047632148940909,
ENSG00000119699,636,453,ok,24.0,0.6283843928,0.3200887388999999,0.1521291426,0.1879044177173912,0.444354413634953,2.0799e-06,0.0788939061,0.5494884068,0.0145482922666666,
ENSG00000119725,608,471,ok,24.0,0.9871771314,0.5196752537,0.5077738714,0.4857770170521739,0.198257396443574,0.0135782869,0.3722949227,0.6013039218,0.0329775818125,
ENSG00000119820,383,230,ok,23.0,0.2117296911,0.0850151812,0.0416512294,0.0460029094227272,0.1291166456531046,2.0661e-06,0.0328124747,0.1789151503,0.008017037547826,
ENSG00000120451,1169,967,ok,24.0,2.7971433607,1.2539864074,1.157713933,1.1753072441304346,0.2062953254407358,0.0101097579,0.9172009466,1.8698326562,0.0925044067,
ENSG00000120837,398,205,ok,22.0,0.2417394342,0.1341423079,0.0206753348,0.0285100207904761,0.1279697025947618,2.1968e-06,0.0051150197,0.2366222177,0.0095820050318181,
ENSG00000120915,689,555,ok,23.0,3.4576152461,1.1342157282,0.8843011698,0.9117683839045454,0.2801799238630445,0.0074310205,0.4645548788,2.9856293468,0.1082113421608695,
ENSG00000121940,744,528,ok,23.0,3.6970154658,1.2946594671,0.8816810815999999,0.9631518713454544,0.197353571427951,0.0061768833,0.6039274706,3.0869111119,0.1290172286956522,
ENSG00000122042,380,117,ok,23.0,12.5401563584,11.301517570699998,0.3618488440999998,0.9176765424181816,0.0060301604971094,0.0,0.3490250866,12.191131271800002,0.541936400126087,
ENSG00000122068,421,314,ok,22.0,1.2242120759,0.6260019481,0.4508501454,0.4527649364619047,0.2449055429220341,2.5598e-06,0.2138672427,1.0103422734,0.0420179887636363,
ENSG00000122203,546,304,ok,21.0,1.6098736423,0.6206190022,0.3719600851,0.3882722241049999,0.2407745049146954,0.0066824238,0.266595249,1.3365959694999998,0.0582027196714285,
ENSG00000122367,954,662,ok,23.0,1.7091440934,0.5330943639000001,0.3824567552,0.3969144345090909,0.185203947064701,2.4765e-06,0.2071335453,1.5020080716,0.0605479939652173,
ENSG00000122512,1043,862,ok,22.0,3.3636181736,0.9974435423,0.6068122944000001,0.6699408719095239,0.2460653544733838,0.0229591107,0.2709358717,3.0697231912,0.1152703761545454,
ENSG00000122694,468,148,ok,20.0,1.2947985384,0.7251313186999999,0.1691374311,0.2056497589368421,0.0915269716371808,0.0069445831,0.0861832287,1.2016707266000002,0.058814477465,
ENSG00000122966,2262,2050,ok,24.0,0.4316483387,0.1712056409,0.1454204881,0.1522937275130435,0.2459374244778021,0.000518911,0.0877021031,0.3434273246,0.0135620774166666,
ENSG00000123388,482,298,ok,23.0,3.8721523638,1.4095996508,0.5439517019000001,0.6807610072909092,0.0123276759061089,0.0043191555,0.5223805618,3.3454526465,0.1662790314956521,
ENSG00000123395,345,292,ok,21.0,7.2112838282,4.6729308002000005,3.2359716452,3.53204889085,0.2533928339021024,0.0,2.7678028663,4.443480961900001,0.2563807706142857,
ENSG00000123684,675,368,ok,23.0,1.2749792646,0.3780711764,0.3084756082,0.3105101771409091,0.2227278830994096,2.3302e-06,0.1215750564,1.153401878,0.0430872100869565,
ENSG00000124145,449,200,ok,24.0,4.3774779601,1.527931492,1.1349171153,1.1558369109304347,0.1539227171767662,0.0162711424,0.7551307183,3.6060760994,0.1543201940875,
ENSG00000124214,767,488,ok,24.0,1.0141801578,0.5421701015,0.2722743881,0.1853022655391304,0.2779592110256921,0.0675511863,0.0728789803,0.8737499912,0.0305116433875,
ENSG00000124641,338,212,ok,21.0,0.5409818276,0.2157467881,0.0956009841,0.115296196895,0.10775992210057,2.1571e-06,0.0665505013,0.4744291692,0.0229850318095238,
ENSG00000124688,398,274,ok,23.0,3.1525265708,1.3280671501,1.2509337856,1.1547874944954548,0.2661350022458627,0.0613767415,0.6907702658,2.4003795635,0.1005882132521739,
ENSG00000124767,334,184,ok,20.0,1.7325320494,0.6870641202,0.4214846443,0.3984805230526315,0.2127374144262684,0.006438136,0.1305656395,1.5955282738999998,0.0681978830399999,
ENSG00000125652,428,220,ok,22.0,1.9066412735,0.7896994936000001,0.5908169255000001,0.6365648259380954,0.2135882086263879,2.1148e-06,0.5023848655,1.4042542932,0.0681547808818181,
ENSG00000125703,709,457,ok,24.0,1.3959792211,0.4203275835,0.2577991777,0.2956492524608696,0.1916121443335142,2.0704e-06,0.1321062382,1.2638709124999998,0.0470205270458333,
ENSG00000125734,874,536,ok,21.0,2.2783869996,0.7839947230000002,0.6181575062000001,0.641155437335,0.2735719557342229,0.0039565547,0.2917768277,1.9826536172,0.0788135339142857,
ENSG00000127564,827,488,ok,24.0,2.3623410062,0.9320859698,0.6926426598000001,0.6231872123652175,0.2134369315762166,0.0661181995,0.334405236,1.9618175707,0.0774220912708333,
ENSG00000127837,633,434,ok,24.0,0.4369684959,0.2681717908,0.2575239612999999,0.2569326022043477,0.3499949804962586,2.1273e-06,0.1271955695,0.3097707991,0.0118346548208333,
ENSG00000128272,410,345,ok,21.0,2.2155931966,0.9965886959,0.4499664811,0.496418994135,0.2351295096949387,0.0032337193,0.1500724126,2.0622870647,0.0806972311714285,
ENSG00000128408,653,377,ok,23.0,3.3816409009,1.1423708127,0.8467625500999999,0.935272224481818,0.2535782543237455,0.0057722081,0.5345892654,2.8412794274,0.109744795847826,
ENSG00000128590,309,221,ok,20.0,2.6911936208,2.2918244438000004,0.2519487541,0.3568102205736842,0.0549755984692099,2.1098e-06,0.1456876196,2.5455038914,0.127162182045,
ENSG00000128805,918,690,ok,23.0,3.3638579192,1.0349558769,0.5398841526999999,0.6096540206545454,0.1932114690666153,0.0016018413,0.1766338297,3.1856222482,0.1179966082130434,
ENSG00000128881,1816,1200,ok,24.0,1.5690055673,0.6545507408000001,0.5308357045000001,0.5587533405173913,0.1612806484399273,2.332e-06,0.4288557309,1.1401475044,0.0548314721666666,
ENSG00000130055,828,537,ok,23.0,2.8008899971,1.1428128397,0.9686937793,1.0098712533818182,0.2110680885761659,2.8211e-06,0.6866103157,2.1142768603000004,0.0960744130043478,
ENSG00000130517,354,203,ok,24.0,2.2264657531,1.1256218978,0.0691033945,0.1502072394869565,0.0717697452913945,2.2087e-06,0.0139812356,2.2124823088,0.0861113697125,
ENSG00000130560,640,404,ok,21.0,1.3483325036,0.3731247362,0.2033454022,0.25381796859,0.2628068901060348,2.2113e-06,0.0667931062,1.2815371861,0.0473324491190476,
ENSG00000130731,611,198,ok,22.0,3.0891329585,1.4675618962,0.7851931843000001,0.5394054399619048,0.226387830855808,0.1306062436,0.1576100526,2.8009166623,0.1086268567636363,
ENSG00000130811,527,314,ok,22.0,1.5990224991000002,1.3700806451999998,0.0509075227,0.1210029331761904,0.0304000870702945,0.0,0.0232891733,1.5757333258,0.0704732761772727,
ENSG00000131023,1269,1122,ok,24.0,0.7165063446,0.2484871174,0.1902014492,0.2021193586608695,0.2391769366615599,0.0029471485,0.108815591,0.6047436050999999,0.0227139396666666,
ENSG00000131149,2168,1177,ok,24.0,2.6149067373,1.4730125659,0.3144983065,0.3777514970913043,0.1499151284472848,0.0030737844,0.124283101,2.4875498519,0.0926205274125,
ENSG00000131263,688,602,ok,23.0,0.9841549392,0.500513096,0.3964710774,0.4106956111227273,0.3152200100242102,2.6241e-06,0.2192043703,0.7649479448000001,0.0293012873652173,
ENSG00000131503,2841,2521,ok,24.0,0.6260664359,0.26240294,0.2131215343999999,0.220410539973913,0.2516007975632159,0.0017113678,0.1335929576,0.4907621104999999,0.0195228175541666,
ENSG00000131944,312,214,ok,23.0,2.4147195425,0.7182109886,0.5125141247,0.5506639199454546,0.2473545300344129,2.1462e-06,0.2288427351,2.1858746612,0.0790185967347826,
ENSG00000132196,505,330,ok,22.0,2.4813639725,0.8475164794000001,0.6023783916,0.6737159689904763,0.1891606661102193,0.0029921626,0.4570414215,2.0213303884,0.0914539777545454,
ENSG00000132549,4090,3988,ok,23.0,1.3531851512,0.3837874690999999,0.2596762422999999,0.2794399743590909,0.2284778083958626,0.0069014062,0.1331099893,1.2131737557,0.0453918423260869,
ENSG00000132561,1579,956,ok,24.0,1.6248424119,0.4974882063,0.4065988483,0.4357790973304348,0.2377215900268931,0.0043149066,0.2087411997,1.4117863056000002,0.0516075954249999,
ENSG00000132780,1120,736,ok,21.0,2.2818162906,1.083930558,0.9637435648,0.989626493615,0.2541505190794784,2.3278e-06,0.6432615609,1.6385524019000002,0.0810424521857142,
ENSG00000133048,569,382,ok,23.0,2.9879560311,1.0404011501,0.7466966051999999,0.8034147451590908,0.1955206987717711,0.0054137368,0.4729873677,2.5095549266,0.1045108165217391,
ENSG00000133131,1138,936,ok,23.0,2.6635867084,1.2798134094999998,0.9109915959,0.955199574418182,0.2782153041847638,0.0011554981,0.4568547727,2.2055764376,0.083588527047826,
ENSG00000133313,591,474,ok,24.0,1.3476125031,0.4525067948,0.2857357747,0.2870698857782608,0.2111528196313304,0.009405933,0.1530385769,1.1851679932,0.0442941801375,
ENSG00000133935,326,133,ok,22.0,4.0515493912,1.976558055,0.3135130234999999,0.4904075842904761,0.0205018979851058,0.0,0.291364802,3.7601845892,0.1803856790409091,
ENSG00000134247,1294,874,ok,24.0,2.3348078714,1.0882626679999998,0.9861304568,1.014150120643478,0.1955519404370636,0.0053819982,0.7585774847,1.5708483885,0.0782596525666666,
ENSG00000134440,610,558,ok,23.0,0.6753631851,0.2101379894999999,0.130085387,0.1260288118227272,0.3135965551166967,0.0035968364,0.033742723,0.6380236257,0.0201552876869565,
ENSG00000134748,415,310,ok,22.0,0.5785243298,0.5316287408,0.0166144033,0.0472238360666666,0.1627761318742726,0.0,0.0099876978,0.568536632,0.0220161080545454,
ENSG00000134917,1171,882,ok,20.0,2.4932381986,0.8489224799,0.5576375808,0.6217137963578948,0.1903448696424123,0.0083478976,0.3360168932,2.1488734078,0.1009331549349999,
ENSG00000135272,679,243,ok,24.0,2.3722869208,1.0150828225,0.4214573543,0.4824659378391304,0.1561973270396154,2.0088e-06,0.290358011,2.081926901,0.0834059185333333,
ENSG00000135374,517,254,ok,24.0,0.7103297644,0.2012185973999999,0.1384100992999999,0.1430869165434782,0.1951478109847877,0.0042900278,0.0757721392,0.6302675973999999,0.0238212694083333,
ENSG00000135409,688,570,ok,22.0,2.6314392381,1.2619438563,1.1241761812,1.157797443647619,0.205349735641308,2.7155e-06,0.9994458279,1.6319906947,0.0950488130090909,
ENSG00000135541,1530,1172,ok,24.0,2.9891514776,1.3247242412,1.0326531822,1.039788054573913,0.3983530169424693,0.0102226791,0.2301462578,2.7487825407,0.07493391535,
ENSG00000135587,662,421,ok,23.0,2.7227996015,1.2630234906,1.1294901166,1.1342241203772725,0.1681020648188162,0.0076764657,0.9657474076,1.7493757282,0.0984822333217391,
ENSG00000135686,834,615,ok,22.0,0.9896462358,0.4220718667,0.2787534315,0.3011362034428571,0.3542993177926459,0.0017704929,0.1270613473,0.8608143956000001,0.0290461477090909,
ENSG00000136021,1320,927,ok,23.0,0.7125247816,0.2391688097,0.1330131582,0.1503632738772727,0.2251252829968938,0.0021960618,0.0578857801,0.6524429397,0.0240051060217391,
ENSG00000136068,2833,2602,ok,24.0,0.517377236,0.190768857,0.1629634246999999,0.1706431059130434,0.2188700521025629,0.0027180137,0.1115031774,0.4031560448999999,0.0168391188916666,
ENSG00000136114,891,853,ok,20.0,2.3228096642,0.9308417403,0.7427759420000001,0.7964136899263159,0.3199331476244509,2.1453e-06,0.4869495428,1.8358579761,0.07898329285,
ENSG00000136235,714,538,ok,24.0,3.7886685311,0.9426580951,0.7352162085000001,0.7693963989608698,0.242161143887038,0.0228740236,0.3123926633,3.4534018442,0.1196333427416666,
ENSG00000136297,488,241,ok,21.0,1.6225300898,0.677463307,0.1404340707,0.21242035619,0.0852929237306524,2.0172e-06,0.0802381332,1.5422899394,0.070673321647619,
ENSG00000136709,1570,1328,ok,24.0,1.1811713773,0.7165706347,0.0794700159999999,0.1428310769130434,0.5224563536331469,0.0009762659,0.0345166912,1.1456784202,0.0235025369375,
ENSG00000136933,591,371,ok,23.0,2.6722671547,1.0421202901,0.8914815081999999,0.9142459280363636,0.2538612972908984,0.0028543569,0.5643039434,2.1051088544,0.0866905194826087,
ENSG00000137478,895,740,ok,24.0,0.6648140774,0.3130740401,0.2461777423,0.252906798773913,0.1554342993218934,2.3206e-06,0.1899873843,0.4748243724999999,0.0233949652958333,
ENSG00000137868,853,663,ok,24.0,3.5441915783,1.1828632411,1.0018912504000002,1.0195469025,0.286778676560008,0.0078871777,0.4416308948,3.0946735058000003,0.1053247086666666,
ENSG00000138075,749,648,ok,24.0,2.966255917,0.9329257169,0.7858820073,0.8201329659000001,0.2250217413388475,0.0016355814,0.5352033815,2.4294169541,0.0957826602208333,
ENSG00000138083,551,316,ok,20.0,1.189906163,0.4221583141,0.2514306761,0.3004427755789473,0.1345187722168306,2.5499e-06,0.1560856664,1.0338179467000002,0.0514920723449999,
ENSG00000138439,730,579,ok,20.0,1.210268557,0.7631868889000001,0.4777753786000001,0.5092133547000001,0.146270015589606,2.6887e-06,0.3973180833,0.812947785,0.051662127815,
ENSG00000138495,167,63,ok,19.0,0.8105447675,0.5001726566,0.4771833445,0.4302935255166666,0.5040224546264805,2.9704e-06,0.1447211111,0.6658206860000001,0.0211585265368421,
ENSG00000140368,754,409,ok,23.0,2.7499621974,0.8722222855000001,0.5682134544,0.6302654492318183,0.1913859135218671,0.000307948,0.2770084661,2.4726457833,0.0966807900043478,
ENSG00000140563,1087,875,ok,24.0,1.4221691252,0.3714203648,0.2668724548,0.3080464549391304,0.2640667771824864,0.0013241701,0.1342241419,1.2866208132,0.0436092294875,
ENSG00000140740,557,442,ok,17.0,1.5709726186,0.7478409377,0.3006537855,0.3410796312124999,0.1785631830744373,0.0045125243,0.2138169538,1.3526431405,0.0759091027823529,
ENSG00000140931,567,181,ok,24.0,6.2521416626,2.7809583973,0.8445151926,1.0600694529173913,0.1445066100316548,0.0148370369,0.2732294095,5.9640752162,0.2228610777291666,
ENSG00000140968,594,412,ok,23.0,2.3079918372,0.8936632907000001,0.2973545318,0.3828898832727272,0.1101579565413204,0.0025481,0.2372585676,2.0681851696,0.0892933988130434,
ENSG00000141030,630,412,ok,22.0,0.2909442115,0.221700255,0.0213164497999999,0.0369217379190476,0.0742797878279836,0.0,0.021307699,0.2696365125,0.0122424062363636,
ENSG00000141873,540,312,ok,22.0,2.415379742,1.5096079801,0.333907547,0.4086139043142857,0.193170751367509,2.5698e-06,0.1470981611,2.2682790111,0.0885817737454545,
ENSG00000142751,461,303,ok,23.0,2.0962232918,0.9979476343,0.3695060355,0.4322491414818181,0.0791751964350537,0.0044170355,0.2492335476,1.8425727087,0.0839241043869565,
ENSG00000143155,349,260,ok,20.0,1.1579363079,0.4249149905,0.2578537049,0.2822736424473684,0.0844325935139804,2.8852e-06,0.2152746035,0.9426588192,0.0530084371149999,
ENSG00000143321,398,237,ok,23.0,8.4265740096,3.8749952586,3.7480023395,3.4977423554772726,0.1874690213009815,0.2897590602,2.6085499652,5.5282649842,0.2976892359608695,
ENSG00000143479,639,586,ok,24.0,1.163338489,0.4205085919,0.3207997369,0.3378322616565217,0.1904531607051471,0.0018822544,0.2175991558,0.9438570788,0.0392407081999999,
ENSG00000143502,1024,485,ok,21.0,1.5694613492,0.5916662382,0.4049165297,0.42316662217,0.2142001801900761,0.0043215164,0.2242449396,1.3408948932000002,0.0587277354952381,
ENSG00000143653,714,429,ok,22.0,1.9184205488,0.6349397731,0.4110750884,0.4270096689428572,0.2423497561005691,0.0048712832,0.1593516221,1.7541976435,0.066067808940909,
ENSG00000143819,955,454,ok,22.0,2.7040371553,0.8067425611999999,0.5738663993,0.6050397490809524,0.2333534284331954,0.0023963079,0.270053227,2.4315876204,0.0942291279318181,
ENSG00000144115,617,479,ok,22.0,2.2092084895,0.6783230366,0.5391617058000001,0.5828660237666666,0.1706796186471924,0.0090001349,0.4453921568,1.7548161978,0.0832791648636363,
ENSG00000144233,450,310,ok,24.0,0.1461136272,0.055591272,0.0310804676,0.0340587804608695,0.1516535912811833,0.0,0.015677288,0.1304363392,0.0051647904541666,
ENSG00000144426,2844,2690,ok,23.0,1.0098585289,0.2953937721,0.2163769737,0.2312364039045454,0.2500426202025019,0.0021629321,0.1015547853,0.9061408114999998,0.0329282980999999,
ENSG00000144488,1172,993,ok,22.0,3.5007289267,1.2149036713,1.0464723405,1.0802750025190475,0.2629124114067326,0.0092681471,0.5146902874,2.9767704922,0.1172883564954545,
ENSG00000144644,890,506,ok,24.0,0.8791496233,0.3176283836,0.2141122775999999,0.236026446347826,0.3315408607080046,2.933e-06,0.1251952022,0.7539514881,0.0244864833541666,
ENSG00000145860,814,659,ok,24.0,1.4307908731,0.430874141,0.346535833,0.3583916304565218,0.258866482491263,2.4833e-06,0.1930397053,1.2377486845,0.044183628025,
ENSG00000146090,611,466,ok,23.0,0.9177213516,0.3837610727,0.2509621692,0.2671859101681818,0.2968804581314265,0.00016448,0.0704763872,0.8470804844,0.028055122447826,
ENSG00000146215,345,195,ok,23.0,2.4266619411,0.7154593982,0.4115871397,0.4852627885772727,0.1621235437605553,2.2586e-06,0.2573785654,2.1692811171,0.0884018655521739,
ENSG00000146233,699,467,ok,24.0,3.3749201826,0.9585594630999998,0.5119100436,0.5694803326869564,0.197755152978414,0.0044062334,0.2166225783,3.1538913709,0.1128130135666666,
ENSG00000146411,727,610,ok,24.0,1.9498730513,0.5607099037000001,0.3688262766,0.4040347913826087,0.217979661504951,0.0033724588,0.1883364568,1.7581641357,0.0635350159833333,
ENSG00000146425,338,113,ok,18.0,2.0888477148,1.4316964263999998,0.2488709544,0.358154523117647,0.0159448284161724,0.0,0.2370621435,1.8517855713,0.1141967442444444,
ENSG00000146476,529,441,ok,23.0,2.822348356,1.1149778521,0.4979461978,0.55266010575,0.2321817279241627,0.0024183168,0.2495741263,2.5703559129,0.0942195929521739,
ENSG00000146828,994,913,ok,24.0,1.1970876809,0.482374369,0.3160413635,0.3305632702347826,0.1643696300107836,0.0027019697,0.2217023521,0.9726833591,0.0416801175708333,
ENSG00000147465,453,284,ok,22.0,1.5299366483,0.6479089025,0.4091570389,0.4313928916619047,0.2425025110106711,0.0035310637,0.2540939427,1.2723116419000002,0.0526783258818181,
ENSG00000147642,1010,652,ok,24.0,2.4315679343,0.9873689208999998,0.8122777818999999,0.8540513428130434,0.2735693201972983,0.0051164518,0.5646230025,1.86182848,0.0735985644791666,
ENSG00000147677,477,364,ok,21.0,0.9560350027,0.4652111708000001,0.1348280982,0.18018013578,0.1392553613874079,2.3448e-06,0.0931395727,0.8628930851999999,0.0391858096619047,
ENSG00000147679,375,246,ok,24.0,1.2447131472,0.5556584603000001,0.4562926931,0.4617345155826087,0.2499347784666832,0.0040421179,0.2921715567,0.9484994725999998,0.0389006684375,
ENSG00000147813,833,533,ok,20.0,2.0329592988000003,0.7466722184000001,0.5412818398,0.5602630874157896,0.2700387867204457,0.0068070003,0.2680427932,1.7581095053000004,0.074199071815,
ENSG00000147912,1193,950,ok,24.0,1.1533628008,0.6281050039,0.5607129177,0.5644080589173913,0.4521999392890424,2.0281e-06,0.1762693157,0.977091457,0.0263255088458333,
ENSG00000148225,628,366,ok,23.0,2.3603283694,0.8847519982000001,0.6261132449,0.6585964310772728,0.2595112883618422,2.3375e-06,0.3023256841,2.0580003478,0.0759911527521739,
ENSG00000148384,822,642,ok,21.0,2.9052354386,1.0168445208,0.7726662409,0.7786725725,0.34897033497862,0.0034362288,0.2145514571,2.6872477527000003,0.0900664025904762,
ENSG00000148935,435,313,ok,23.0,0.5801756285,0.3674542621,0.1288600292999999,0.1432748899590908,0.1626845557853349,2.5648e-06,0.0853509682,0.4948220955,0.0211213049608695,
ENSG00000149573,404,208,ok,23.0,2.2204628675,0.7231801289,0.5319503711000001,0.5534957721181818,0.2582677626785398,2.1795e-06,0.2484032567,1.9720574313,0.0716082126347826,
ENSG00000149823,901,779,ok,24.0,1.1140165344,0.7168254320999999,0.2027038486,0.2287953485695651,0.1086103671389098,0.0042856148,0.1306585414,0.9790723782,0.0413759495666666,
ENSG00000152382,517,327,ok,24.0,0.9202842828,0.3283435516,0.1121620624999999,0.1383076908217391,0.0607659292298847,2.4975e-06,0.0818029554,0.8384788298999999,0.03601509805,
ENSG00000152642,440,350,ok,19.0,1.0163712769,0.4640706638999999,0.0709880418,0.1187558637333333,0.0578156940633236,2.3988e-06,0.0523556742,0.9640132039,0.0504004771631578,
ENSG00000153391,428,189,ok,22.0,1.7015608612,0.7256288712,0.3318457574,0.3800498596619047,0.1738496420817886,2.2987e-06,0.1642023162,1.5373562463,0.0638975052045454,
ENSG00000153879,482,146,ok,23.0,0.801815418,0.2234054779,0.1377604244,0.1406381716090909,0.2691633063608662,2.6841e-06,0.0827705078,0.7190422261,0.0254780925652173,
ENSG00000153975,850,576,ok,24.0,1.8045523378,0.6780742676,0.5637808321000001,0.5705768846000001,0.2711307018650883,0.0068350841,0.3088108034,1.4889064503,0.0548034498291666,
ENSG00000155052,1426,1306,ok,22.0,1.2828201797,0.5165570357,0.3048249014,0.3280416627333333,0.1812670411486511,0.0023801446,0.1570987577,1.1233412774,0.0477403255181818,
ENSG00000155099,572,256,ok,23.0,0.3746904209,0.1403606351,0.0685489572999999,0.0766922580227272,0.222610855382025,2.9147e-06,0.0374868805,0.3372006257,0.0126643593826086,
ENSG00000155189,551,364,ok,24.0,1.9610511286,0.6012034421999999,0.3292820912999999,0.3434369493608695,0.2965286159138237,2.3448e-06,0.1260608919,1.8349878919,0.0574809729875,
ENSG00000155363,1404,1002,ok,24.0,2.6262373878,1.4447499517,1.2625188828,1.3017945567869564,0.2053345473661602,2.0012e-06,0.9218624608,1.7043729258,0.0869575051041666,
ENSG00000155792,627,405,ok,24.0,1.3398290797,0.5302767401,0.1178078184,0.1757739422,0.0936168245639847,2.2083e-06,0.0699205492,1.2699063222000002,0.0505999389916666,
ENSG00000156467,171,111,ok,16.0,2.6907774207,0.9914989588,0.1912459825,0.3178973693066666,0.0966782432834319,0.0056661371,0.0716143856,2.613496898,0.1519148616625,
ENSG00000157064,729,307,ok,24.0,9.0371743587,8.5191869574,0.035665376,0.4325987922869565,0.0236679220418148,2.5955e-06,0.015504904,9.0216668592,0.3676368008541666,
ENSG00000158715,1000,544,ok,23.0,1.3745918174,0.3640115459999999,0.2399056137,0.2630300793727272,0.2344069754535991,0.0021175355,0.1207402186,1.2517340633,0.045755561173913,
ENSG00000158747,460,173,ok,23.0,0.6353053801999999,0.2557973370999999,0.1830144192,0.2160596339318181,0.1702165394317244,2.4196e-06,0.1829974642,0.4523054963999999,0.0229202563869565,
ENSG00000159079,688,273,ok,24.0,1.3805725533,0.4622749095,0.2059656034,0.2414266945608695,0.1668716915668962,2.795e-06,0.0915376649,1.2890320934,0.0479247531666666,
ENSG00000159335,398,272,ok,13.0,1.0375853451,0.4760162473,0.1839765726,0.29606868375,0.2099908758628437,2.8016e-06,0.1839653662,0.8536171773000001,0.0630539915153846,
ENSG00000160049,431,318,ok,21.0,4.6174471639,1.5210125636999998,0.5680462177,0.6863878824999999,0.1280602549007978,0.0071973483,0.2763463067,4.3339035089,0.1917207477666666,
ENSG00000160075,420,191,ok,23.0,2.3221729226,0.7701126993999999,0.1648020931,0.2694799124136364,0.097013243332355,0.0,0.1575242927,2.1646486299000003,0.0911691911217391,
ENSG00000160111,2026,1784,ok,17.0,1.5663565274,0.7410553646,0.4999962531999999,0.5270783233125,0.3518866109077384,0.0063793858,0.1082441589,1.4517329826999998,0.0597162727941176,
ENSG00000160888,329,219,ok,19.0,2.3031319503,1.2087997345,0.8985437612,0.9174069163888888,0.3639779555360719,0.0049696237,0.3732595182,1.9249028084,0.0770969837736842,
ENSG00000161031,687,605,ok,23.0,5.5710051034,1.6989801857000002,1.1269563005,1.1304005135318185,0.2193026388639226,0.055187053,0.424281129,5.0915369214,0.1890986514391304,
ENSG00000161618,1003,802,ok,23.0,3.0118348329,1.0318640886,0.7654528487000001,0.8100356207272728,0.1987182594683378,0.0140245002,0.4837146889,2.5140956438,0.1049273155260869,
ENSG00000161654,356,189,ok,22.0,1.8543447481,1.3762460148999998,0.0793473753999999,0.1897681417333333,0.0793927720025342,0.0,0.0743506175,1.7799941306,0.0775965081045454,
ENSG00000161980,171,101,ok,19.0,0.5411921105,0.3918514233999999,0.042391826,0.0602064197,0.0389730066103762,0.0104801988,0.0214007882,0.5093111235000001,0.0273736961473684,
ENSG00000162191,620,296,ok,24.0,1.4975589093,0.5202421044000001,0.5202421044000001,0.3862536657608695,0.3034022777189991,0.0839638207,0.1322601434,1.2813349452,0.0434665052166666,
ENSG00000162384,432,159,ok,24.0,1.5724227705,0.8553284151,0.233819827,0.2646741724695652,0.0886845428062948,2.5455e-06,0.122605032,1.449815193,0.0597072156666666,
ENSG00000162670,781,741,ok,23.0,0.434668796,0.1991694217,0.0507051595,0.0646722867545454,0.1489490059921393,0.0014041117,0.0222932069,0.4109714774,0.0160837091695652,
ENSG00000163235,536,159,ok,24.0,4.2265093374000005,1.3213807888,0.7984206493,0.7198926880782608,0.0949460061164468,0.1026201336,0.3796107436,3.7442784602,0.1593841315,
ENSG00000163462,955,748,ok,24.0,0.7817912079,0.481867503,0.2927488462,0.3111088757130435,0.0857430179856593,2.3064e-06,0.2738081626,0.5079807389,0.0297815862625,
ENSG00000163719,847,648,ok,24.0,0.8392092416,0.3025374386,0.2279391159,0.2309254231347826,0.2799859194257948,0.004914522,0.1077464418,0.7265482778,0.0251767696041666,
ENSG00000163728,808,762,ok,24.0,1.4441203912,0.5166301008,0.4014188098,0.4309097361043478,0.2620209441025722,2.2824e-06,0.236247732,1.2078703768,0.0444054417875,
ENSG00000163870,887,363,ok,24.0,4.7171155005,2.6611586163,0.2206782715,0.3988455870826087,0.0527158617111754,2.3486e-06,0.0984607402,4.6186524117,0.1861853621708333,
ENSG00000163930,977,694,ok,21.0,1.0088968538,0.4858511827999999,0.2695203016,0.280462176025,0.2161717892949583,0.0035624165,0.1260968341,0.8792376032,0.0376572293190476,
ENSG00000163933,588,539,ok,24.0,1.6795130674,0.4791388408999999,0.3802362113,0.4120279710043478,0.2850626937610929,0.0020918127,0.1265992754,1.5508219793,0.050031106175,
ENSG00000163946,1844,1675,ok,23.0,1.5978638796,0.7862351899,0.6285357395000001,0.6484213787954546,0.2115804707874316,0.0025318337,0.5499017586,1.0454302873,0.0547733516391304,
ENSG00000164080,1725,1465,ok,24.0,0.967465142,0.4728856871,0.2809116148,0.2957072777869565,0.2976839762977217,0.0007455536,0.0528287999,0.9138907885,0.02831109465,
ENSG00000164342,975,903,ok,23.0,2.8865832923,1.2000950401,1.0656605725,1.0946234166,0.2274521089522624,0.0023109721,0.820993372,2.0632789482,0.0969575580347826,
ENSG00000164548,484,279,ok,22.0,0.7577641162000001,0.6653135630000001,0.0162219774,0.0509465637619047,0.0266984633707045,0.0,2.7565e-06,0.7577613597,0.0335242263045454,
ENSG00000164761,473,390,ok,24.0,1.668245639,0.6596043694000001,0.5549574782000001,0.5860285443913044,0.2157834923013996,0.0054777746,0.4268826443,1.2358852201,0.0545110737083333,
ENSG00000164880,2594,2184,ok,23.0,1.0776481633,0.3266940229,0.2078523336,0.2122840103545454,0.3277973933702709,0.0023323497,0.057977653,1.0173381605999998,0.0314955610608695,
ENSG00000164935,671,455,ok,24.0,3.2092624593,1.0131486616,0.7318772454,0.7818322924913043,0.2464516720681412,0.00456454,0.3771005984,2.8275973209,0.1007639316708333,
ENSG00000164961,1350,1159,ok,24.0,0.6863882425,0.3636862706,0.233580667,0.2494167769217391,0.1258020228981413,2.6848e-06,0.2105344858,0.4758510719,0.0250016338791666,
ENSG00000164975,551,408,ok,23.0,2.691595609,0.9918360658,0.7692183741999999,0.8306942257318181,0.232204839244854,2.1994e-06,0.5924277102,2.0991656994000003,0.0898519166652174,
ENSG00000165124,4012,3569,ok,24.0,1.7026160023,0.4875164549,0.4139493334,0.4052891689347826,0.2944552440026129,0.0037337516,0.1808417382,1.5180405125,0.0500529913291666,
ENSG00000165282,1361,1087,ok,24.0,2.1976481188,1.0174956741,0.8919111297,0.9225603063434784,0.2789597199185608,0.0023276954,0.580023218,1.6152972054,0.0660247006291666,
ENSG00000165724,352,211,ok,24.0,0.8325234307,0.5260273401,0.0687989374,0.0982223475,0.1100480374744124,0.0,0.0370327909,0.7954906398,0.0308710775416666,
ENSG00000165929,635,488,ok,24.0,1.4746686183,0.4491646356,0.3560350717,0.3833595531782609,0.2534785738716767,0.008307573,0.2051192645,1.2612417808,0.045869655,
ENSG00000166192,309,212,ok,21.0,0.9977551551,0.3950271755999999,0.3055531462999999,0.317263307175,0.206160022174362,0.0092635586,0.1641738801,0.8243177164000001,0.037717044295238,
ENSG00000166342,590,532,ok,24.0,0.5596363415,0.2070251701,0.1451542006999999,0.154357421847826,0.1799533917509179,0.0020221836,0.1101405452,0.4474736127,0.0191219951541666,
ENSG00000166780,705,203,ok,24.0,1.8049033615,0.9826749771,0.6545738837,0.7046401650826087,0.0585898086599579,2.2087e-06,0.644121163,1.1607799898,0.0707981007875,
ENSG00000166889,1133,766,ok,24.0,0.8329986129,0.286232836,0.1831171776,0.2021648483608695,0.2065552644811613,0.0028662481,0.0849303504,0.7452020144,0.0275390985041666,
ENSG00000167085,360,267,ok,24.0,1.7608256786,1.2758572855,0.0206938631999999,0.0960656455652173,0.008294122057336,0.0,0.0101383393,1.7506873393,0.0727592156458333,
ENSG00000167693,651,434,ok,21.0,2.2763342156,1.3542714412,0.0988305138,0.20294171659,0.0235806931302711,2.1273e-06,0.080482075,2.1958500133,0.1058407941428571,
ENSG00000167992,1085,947,ok,21.0,2.7912340819,0.9304977433,0.7144343448999999,0.7581352594199999,0.2749630159207465,0.0073617484,0.3591217717,2.4247505618,0.0963689495523809,
ENSG00000168016,3916,2971,ok,22.0,2.3154472688,1.0090784554,0.8338075647,0.8862189744142855,0.2160376932527793,0.0010903084,0.7215418131,1.5928151473,0.0825101537272727,
ENSG00000168038,1475,1252,ok,23.0,1.8340910519,0.6662156474,0.5423211279,0.5574299283636364,0.2649061938319137,0.0069629618,0.3075858477,1.5195422424,0.0586186509652173,
ENSG00000168143,1047,1008,ok,24.0,1.8868821093,0.5141652518,0.3577666618,0.4002517808782608,0.2645464436488735,0.0051300693,0.1957473926,1.6860046474,0.0578214232375,
ENSG00000168237,546,522,ok,23.0,2.0056984072,0.6217825026,0.4766835241,0.5032990816545454,0.2662474148570984,0.0041759265,0.2222030588,1.7793194219000004,0.0639863648391304,
ENSG00000168280,1192,956,ok,24.0,0.2899648976,0.1494955510999999,0.051340166,0.0622541324173913,0.149700725361179,2.0217e-06,0.0331160711,0.2568468048,0.0102732059208333,
ENSG00000168874,501,315,ok,23.0,2.9145330805,1.3416451173,1.0345649045,1.06642277005,0.2181527672319037,0.0037792462,0.5649243425,2.3458294918,0.0990747662521739,
ENSG00000169679,1234,1084,ok,23.0,3.3730383412,1.1401539441,0.9181731155,0.9656237905454546,0.3032922898635208,0.0031063997,0.4054390074,2.9644929341,0.1021748616913043,
ENSG00000169744,426,373,ok,23.0,3.5745812884,2.2148243455000003,0.0483051304,0.2262801806227272,0.0912231570612727,0.0,0.0141661113,3.5604151771000003,0.141238986873913,
ENSG00000170385,626,498,ok,24.0,2.0942032697,0.6825274345000001,0.4726426162,0.5004515728652174,0.213489102881616,0.0022878963,0.2701187156,1.8217966578,0.0686297371833333,
ENSG00000170502,379,349,ok,23.0,1.2425710551,0.3589472298,0.2851734306,0.3040872167272727,0.2392111869820425,0.0087980495,0.2029209566,1.030852049,0.0411014851347826,
ENSG00000170955,457,258,ok,24.0,2.5151923667,1.0602658321,0.9041480964,0.9291971982304348,0.1804426777087674,0.0044027987,0.683648448,1.82714112,0.0858893467125,
ENSG00000171357,354,238,ok,21.0,2.2324764451,1.0424796679,0.8832646802,0.90788457918,0.1670194253643281,0.0041471468,0.6907974891,1.5375318092000003,0.0885528339095238,
ENSG00000171848,550,388,ok,19.0,1.2699168979,0.7107117372,0.1501718246,0.1879129946277777,0.1064501144315389,0.0030563022,0.0599862655,1.2068743301999998,0.0597228473052631,
ENSG00000172244,770,633,ok,22.0,2.8769479244,1.014221759,0.7804174947,0.8193276631714287,0.24260873917124,0.0046872399,0.4754028328,2.3968578517,0.099044327990909,
ENSG00000172500,662,352,ok,23.0,0.5212155705,0.2486583426,0.1128064085,0.1261649268681818,0.1627288728512764,0.0,0.0610758861,0.4601396844,0.0189738586173913,
ENSG00000172671,821,706,ok,22.0,2.8810411133,1.2099675584,0.7113131547000001,0.699529454609524,0.2006007022017182,0.0097564305,0.3936418654,2.4776428174000005,0.1046864655863636,
ENSG00000173627,404,365,ok,20.0,2.7074376396,1.3158729276,0.9160498042,0.9598408821947368,0.255949518860342,0.0082854861,0.7607656515,1.938386502,0.10072351392,
ENSG00000173653,771,310,ok,23.0,1.0289828585,0.5338552865999999,0.149380963,0.18677950815,0.3121720535444663,0.0036158943,0.0660444498,0.9593225144,0.0307723115869565,
ENSG00000173744,828,586,ok,24.0,0.5479743584,0.1906127262999999,0.1261512048,0.1374298461043478,0.1822777355707744,0.0035837153,0.0577013418,0.4866893013,0.0186704513833333,
ENSG00000173818,557,275,ok,21.0,3.8093656513,1.2284180401,0.5427111698,0.6254354195449999,0.1966349791714992,2.7819e-06,0.2438754871,3.5654873823,0.1457291007523809,
ENSG00000174417,428,396,ok,23.0,0.5501005948,0.2013649251,0.1294116686999999,0.1385822331818181,0.1968505979154051,2.2358e-06,0.0745370423,0.4755613166999999,0.0192092592956521,
ENSG00000174796,388,222,ok,21.0,1.5945307799,0.9050766822,0.4311477883999999,0.46839601712,0.0929331378032685,0.0045147081,0.3765927936,1.2134232781999998,0.0688736205333333,
ENSG00000175224,623,517,ok,24.0,0.4402318765,0.1581747015,0.0912751176999999,0.0981121885173913,0.263283332005605,0.0020043562,0.0482921956,0.3899353247,0.01351359005,
ENSG00000175595,963,912,ok,23.0,1.4139221771,0.4514703447,0.3020769582,0.3401707596909091,0.2278137457046326,0.0026074218,0.171477174,1.2398375812999998,0.0474700552086956,
ENSG00000175600,702,435,ok,23.0,2.0614440265,0.8841162376,0.3272476858,0.3666148147772727,0.1899077175355942,0.0025704212,0.1776435653,1.88123004,0.0726069520260869,
ENSG00000177000,763,696,ok,24.0,1.5201254679,0.4094457666999999,0.2921168754,0.2997072437173912,0.2747029731544964,2.4043e-06,0.103555365,1.4165676986,0.0459392700958333,
ENSG00000177548,836,495,ok,24.0,1.9942637576,0.915145523,0.6835165938,0.7042606454999999,0.1672614634994056,0.0003748147,0.5203738149,1.4735151279999998,0.0691958451208333,
ENSG00000177694,940,775,ok,22.0,1.9371325973,0.6728725325999999,0.3839371649999999,0.4206199851857143,0.2728793110687281,0.011191334,0.1746705645,1.7512706988,0.0640240540318181,
ENSG00000177706,1095,574,ok,23.0,2.5270289592,0.6718591791999999,0.354134529,0.4067514307272727,0.1921909062149223,0.0124878,0.0986474295,2.4158937297,0.0887546510217391,
ENSG00000177731,1467,1265,ok,24.0,1.7702745386,0.9533346473,0.2166367635,0.2687465583826087,0.1154169122048062,0.0008747008,0.0847508376,1.6846490002,0.0652481215666666,
ENSG00000177791,413,297,ok,24.0,1.3625479008,0.6277325933,0.5211164071,0.5460305374565217,0.2478101176492597,0.0040363204,0.3836892108,0.9748223696,0.0427039477166666,
ENSG00000177943,1480,1205,ok,14.0,3.1854432841,1.2501451536,1.1230710914,1.1613185144615383,0.2032864911242511,0.0069604642,0.6774709319,2.501011888,0.1812775497285714,
ENSG00000177954,84,70,ok,13.0,0.9008738917,0.8492369145,0.0,0.0750746712416666,1.2300944784944754e-05,0.0,0.0,0.9008738917,0.0692971392384615,
ENSG00000178031,1945,1751,ok,22.0,0.9498047786,0.3153775488999999,0.2483337451,0.2681094006095238,0.2814549905655739,0.003105686,0.1411246398,0.8055744528,0.0310217038,
ENSG00000178057,197,183,ok,24.0,2.7888990585,0.9870956316,0.7957747397999999,0.8106489928086956,0.2755866064630463,0.005688113,0.4002349328,2.3829760127,0.0841798263,
ENSG00000178409,1061,816,ok,24.0,1.2907904376,0.6892415839,0.6285595579000001,0.6265044653695653,0.2633029491076236,0.0030465426,0.4258567218,0.8618871732,0.0396217295291666,
ENSG00000178460,702,674,ok,24.0,1.5092313022,0.5402983938000001,0.3817752779,0.4071906052173913,0.22766310876215,0.0029751725,0.2104571879,1.2957989418000002,0.0485681255041666,
ENSG00000178741,290,150,ok,17.0,4.4342594197,1.944067784,0.2302733376,0.41576833031875,0.0669973704019552,0.0238382073,2.3892e-06,4.410418823200001,0.2433632764058823,
ENSG00000179241,599,344,ok,24.0,2.8157229533,1.5847665424,0.6311766328,0.7041109543434783,0.209450894594872,0.0,0.1943774098,2.6213455435,0.0927486359083333,
ENSG00000179562,853,713,ok,24.0,1.0417285338,0.2775048361,0.2357657,0.2531754430956521,0.211022937999128,2.3707e-06,0.1240293365,0.9176968265999998,0.0342458299166666,
ENSG00000179943,939,469,ok,19.0,2.2782929737,1.5043208491,0.9619100045,1.0208094336944444,0.1230250641315928,0.0029092359,0.9167472005,1.3586365373000002,0.1051582018157894,
ENSG00000179958,224,169,ok,20.0,2.7624705593,1.2287468781999995,0.8495761154999999,0.8567890006,0.3391176610176734,2.4534e-06,0.4095284058,2.3529397001,0.09128340023,
ENSG00000179988,492,357,ok,23.0,4.3643323424,1.6230267709,0.8625599498,0.9808483056954546,0.170598192962217,0.0121533437,0.5451729268,3.807006071900001,0.1573819622304348,
ENSG00000180198,713,421,ok,23.0,1.0585895961,0.4779542079,0.2575498734,0.2851151742681818,0.2145506928622269,0.0025478259,0.1358752882,0.920166482,0.0361508028173913,
ENSG00000180875,245,168,ok,21.0,1.6227672544,0.8242892346,0.1428007225,0.22200627972,0.0417692999511883,0.0,0.1427862635,1.4799809909,0.0740469239142857,
ENSG00000181004,721,701,ok,22.0,2.8968670055,1.166328021,0.9509574361,1.0049664313380953,0.2338352594764986,0.0096043396,0.7964981101,2.0907645558,0.1008853344363636,
ENSG00000181544,1030,805,ok,22.0,3.8580512622,1.6730926784,0.9530257529,1.0479353022857143,0.4164716443875767,0.0024875643,0.439359004,3.4162046939,0.1023310140409091,
ENSG00000181827,1587,1392,ok,23.0,1.0040872961,0.457501509,0.4215485942,0.4313398319636364,0.2061633608990345,0.0016298676,0.3182520212,0.6842054073000001,0.0346557080217391,
ENSG00000182747,504,415,ok,24.0,1.6933845899,0.5980366394999999,0.4790317602999999,0.508839394547826,0.202400956607406,0.0028762721,0.276296167,1.4142121508,0.0562767470416666,
ENSG00000183032,403,298,ok,24.0,6.8502788182,2.4622265118999995,1.4295904689,1.1515004416086956,0.2802694806960405,0.0151744369,0.4292809377,6.4058234436,0.2054314471333333,
ENSG00000183036,216,59,skip,,,,,,,,,,,trimmed alignment < 60 columns
ENSG00000183208,441,384,ok,24.0,3.184566577,1.261541407,1.1388574549,1.1383777389086958,0.2538977277283658,0.0073383487,0.7141003474,2.4631278809,0.0990005149708333,
ENSG00000183479,554,236,ok,14.0,1.8041694663,0.9048055407,0.8034648105000001,0.8109712630384617,0.1392196875580168,2.0389e-06,0.685318339,1.1188490884000002,0.1109281112071428,
ENSG00000183495,3526,3057,ok,21.0,1.2808850423,0.4297819064,0.3604474813,0.369550778085,0.3022509817155978,0.0017570147,0.2206609118,1.0584671158,0.0425588705142857,
ENSG00000183751,1076,800,ok,23.0,1.8101283224,0.6745875009,0.6045772317999999,0.6067455238954544,0.2511365696423512,0.0040567312,0.3354435789,1.4706280123000002,0.0589364741260869,
ENSG00000185015,612,257,ok,21.0,1.6950976228,0.6443427751,0.208560753,0.258482535745,0.1538658759188013,0.00813692,0.1044953144,1.5824653884,0.0682990448714285,
ENSG00000185187,668,405,ok,18.0,12.4828291345,10.9952083902,1.247087779,1.849773757935294,0.0425364827138818,0.0109770828,0.9952099407,11.476642111,0.6639918604888888,
ENSG00000185633,133,87,ok,22.0,1.9464829543,0.8654373439,0.2824113090999999,0.3067249767095238,0.0763795518329959,2.4202e-06,0.1701744982,1.7763060359,0.0817187026636363,
ENSG00000186132,443,126,ok,24.0,3.6008985091,1.0547478421999998,0.342774135,0.4559248642565217,0.1790115282258012,0.0254139452,0.2037732181,3.3717113458,0.1231790068333333,
ENSG00000186532,902,797,ok,24.0,3.6484007629,1.0326338339,0.8806343226000001,0.8976602919956522,0.273291948499499,0.0043309878,0.4000082557,3.2440615194,0.1104717587291666,
ENSG00000186871,1393,1216,ok,24.0,3.1665914981,1.139380033,0.9055252234000002,0.9588684991565218,0.2546255590542034,0.0008103467,0.5610348143,2.6047463371,0.0983456819833333,
ENSG00000187231,823,689,ok,23.0,0.1262806359,0.0528602769,0.0338829704,0.0365798026727272,0.2187254063391994,2.4186e-06,0.0208723131,0.1054059042,0.0042895588043478,
ENSG00000187535,1585,1440,ok,24.0,2.1875473672,0.5441547967000001,0.3836656254,0.3806821326869565,0.244215418468311,0.0049258312,0.1600689918,2.0225525442,0.0688881071458333,
ENSG00000187550,658,341,ok,21.0,4.2218322017,1.3985473231,0.7687419715,0.826787726635,0.20113938414181,0.0164894402,0.3305671385,3.874775623,0.1606026415571428,
ENSG00000187796,983,531,ok,22.0,2.4990001688,0.8811296587999999,0.4600982231999999,0.5094653269095237,0.253962175202555,0.0063600568,0.1758063184,2.3168337936,0.0847431204590909,
ENSG00000187837,405,212,ok,19.0,0.970067153,0.4439217795,0.2839817492,0.2754258688611111,0.1974360659544979,2.1571e-06,0.1952943248,0.7747706711000001,0.0409758374,
ENSG00000188026,846,403,ok,23.0,1.6641857429,0.5047506112,0.2509905525999999,0.3090173379499999,0.1898941550534539,2.2143e-06,0.2096885415,1.4544949871,0.0586159390173913,
ENSG00000188647,642,429,ok,23.0,1.3335286891,0.4915473257999999,0.284410192,0.3260272238681818,0.1633792784368526,2.1405e-06,0.2513189339,1.0822076147000002,0.0485068580043478,
ENSG00000188716,501,214,ok,24.0,2.0265209486,0.7100433536,0.5336403821,0.5439708204130433,0.3831378107077516,0.0169178571,0.1766814309,1.8329216606,0.0520868395416666,
ENSG00000188811,597,335,ok,22.0,2.4740261869,0.7638860327999999,0.5642935446999999,0.6440762811619047,0.251976529998305,2.4617e-06,0.3600192886,2.1140044366,0.084119529690909,
ENSG00000189306,561,280,ok,23.0,3.1627075479,1.0770968103,0.7092639176,0.7530453118136364,0.1960451166949327,0.0049907446,0.3803464238,2.7773703795,0.1105510512,
ENSG00000196639,601,485,ok,23.0,3.2659983993,1.2021211312,0.8633772238,0.9375885720454544,0.2519998317440694,0.009618243,0.539443784,2.7169363723,0.1062159718347826,
ENSG00000197217,773,614,ok,21.0,0.8461735455,0.271007153,0.1661230576999999,0.1706533451999999,0.1794684162694613,0.0036147694,0.0799245073,0.7626342688,0.0330624818761904,
ENSG00000197448,765,224,ok,21.0,3.6887682657,1.0351365017,0.4679631659,0.59724207406,0.1797031983179371,0.0046779484,0.2906865345,3.3934037828,0.1440897528809523,
ENSG00000198363,1210,751,ok,24.0,2.4701018076,0.7813398468,0.5441712335000001,0.6039542152217392,0.2224111141126554,0.0027403961,0.3390340999,2.1283273116,0.0800301546916666,
ENSG00000198570,420,194,ok,23.0,2.0320598566,0.8656866054000001,0.6449906153,0.6658997741227274,0.3088878870675683,0.0049466947,0.2807635929,1.746349569,0.0610600513521739,
ENSG00000198746,578,512,ok,24.0,2.2163443407,0.8064443884,0.6944232684,0.713783718973913,0.2468554972045549,0.0019100234,0.4492965094,1.7651378079000004,0.0695511481875,
ENSG00000198774,453,432,ok,24.0,1.6907710049,0.5392346097999999,0.3713784335,0.4176533496565218,0.2474825084457538,2.1326e-06,0.2188320605,1.4719368118,0.0530139481416666,
ENSG00000198894,462,373,ok,24.0,2.059175733,0.7547507932,0.6319951603,0.6852921968,0.2546481303643063,0.0027931302,0.3737475796,1.6826350231999998,0.0639504367708333,
ENSG00000198948,852,406,ok,23.0,1.7808571761,0.7454388196999999,0.4976219011999999,0.5511859746863635,0.3106954662763649,2.2053e-06,0.306646706,1.4742082648,0.0533718663217391,
ENSG00000204311,446,344,ok,24.0,0.7565341015,0.3507621144,0.1701380328999999,0.1907574996217391,0.1296926721551097,2.4233e-06,0.1172504019,0.6392812763,0.0274340488458333,
ENSG00000204767,542,533,ok,24.0,2.6036218744,1.0146725287,0.7753959489000001,0.8133569220043478,0.2770234535943182,0.0051053918,0.4622348694,2.1362816132,0.0784315646208333,
ENSG00000204859,904,686,ok,23.0,1.4317659986,0.4968644422999999,0.3623255180999999,0.3970923466090909,0.1385766103497409,0.0016288505,0.3135818327,1.1165553154,0.0536242052043478,
ENSG00000204923,186,155,ok,22.0,2.3487351095,0.9402778088,0.6910468461999999,0.6983200355380952,0.2976291004347504,0.0064733323,0.3165479931,2.0257137841,0.0749855996227272,
ENSG00000205177,273,186,ok,21.0,2.3512462391,0.8561699455999999,0.7080939929,0.6786470456849999,0.209676057616453,0.0127120666,0.3945533101,1.9439808624,0.0884879141523809,
ENSG00000205730,549,532,ok,22.0,2.1138744501,0.9273354081999998,0.7994361143,0.8139350674190475,0.2415135330652436,2.8383e-06,0.5596176645,1.5542539473,0.0728793256,
ENSG00000213024,701,509,ok,20.0,1.8333158803,0.5870133067000001,0.4573438616,0.4811652549736842,0.285089162547631,0.0060140285,0.2970057028,1.530296149,0.065532869565,
ENSG00000213563,375,216,ok,21.0,3.1760456971,1.190812859,0.9043329728,0.997199752735,0.2153722541601273,0.0058358897,0.5849395819,2.5852702255,0.1186673131428571,
ENSG00000215906,681,579,ok,23.0,2.2807290731,0.9254072883,0.6965316296,0.7310854790590909,0.2801749656444102,0.0103775731,0.3928014253,1.8775500747,0.0713793862347826,
ENSG00000217930,213,125,ok,14.0,1.1933156323,0.5731682469,0.1527697321,0.1883632550769231,0.1166579623462123,2.9695e-06,0.0642419791,1.1290706837000002,0.0752932758714285,
ENSG00000223802,610,341,ok,20.0,1.6003081333,0.6734654869000001,0.4081075965,0.444207466968421,0.3858223579897618,2.4359e-06,0.1172997456,1.4830059518,0.0491436737899999,
ENSG00000235118,186,181,ok,18.0,1.5840306869,0.6623531599,0.4521597685999999,0.4674022841764705,0.3460973995225446,0.0106740107,0.2229974161,1.3503592600999998,0.0575445436333333,
ENSG00000248098,753,442,ok,23.0,3.4718030408,1.1741614564,0.5312856339,0.6483808453818182,0.2277865982621441,0.0137565133,0.2914479727,3.1665985548,0.1165640363608695,
ENSG00000248487,429,246,ok,18.0,3.0266894523,1.6183804867,0.7058360548,0.815549866917647,0.1536308457237491,0.0082579193,0.4904286149,2.5280029181,0.1423164773333333,
ENSG00000255072,71,69,ok,10.0,1.5947963966,1.0617403674,0.6867009918,0.8018094256222222,0.0802329823247607,2.3905e-06,0.6866879394,0.9081060667000002,0.14668411255,
ENSG00000256061,547,419,ok,24.0,2.1171819125,0.6760346031,0.4010622584,0.4579007155999999,0.2462772833177602,0.0023786903,0.2232904283,1.8915127939,0.0664903376166666,
ENSG00000262919,431,248,ok,22.0,2.7916453932,1.0853720193,0.3252767873,0.402084236047619,0.1586972601459846,2.9768e-06,0.1718768659,2.6197655505000004,0.1067554053636363,
ENSG00000293543,201,185,ok,6.0,1.0599119542,0.6688618985,0.4958841244,0.53720820016,0.1169190230461503,0.0651770238,0.3203965045,0.6743384258999999,0.155998014,
