stratum,priority,block,gene_id,plat_gene_id,perc_id_hp,human_tx,platypus_tx,human_tx_rule,platypus_tx_rule,reason,aln_first_block_human,aln_first_block_platypus,aln_n_matched_codons,aln_n_blocks,aln_indel_frac,aa_identity,prefix_codon_human,prefix_codon_platypus
0,0,3147,ENSG00000137133,ENSOANG00000040371,64.4172,ENST00000259667,ENSOANT00000051646,canonical,canonical,window_starts_too_late(h49>30),0-1,0-1,125.0,4.0,0.233129,0.856,,
0,1,2781,ENSG00000132196,ENSOANG00000048102,59.2375,ENST00000254521,ENSOANT00000050908,canonical,canonical,pass,0-4,0-4,314.0,4.0,0.184416,0.646497,10.0,81.0
0,2,4775,ENSG00000164935,ENSOANG00000008852,58.2979,ENST00000297581,ENSOANT00000014094,canonical,canonical,pass,0-158,0-158,468.0,3.0,0.004255,0.58547,0.0,0.0
0,3,3214,ENSG00000137868,ENSOANG00000010196,54.7226,ENST00000395105,ENSOANT00000016168,canonical,canonical,pass,0-13,0-13,649.0,10.0,0.026987,0.577812,14.0,13.0
0,4,5804,ENSG00000179988,ENSOANG00000001995,57.8212,ENST00000406217,ENSOANT00000003164,canonical,canonical,pass,0-2,0-2,349.0,8.0,0.02514,0.610315,10.0,11.0
0,5,2366,ENSG00000124145,ENSOANG00000010559,59.0909,ENST00000372733,ENSOANT00000030229,canonical,canonical,pass,0-16,0-16,192.0,7.0,0.115207,0.645833,16.0,17.0
0,6,5030,ENSG00000167513,ENSOANG00000013903,55.8608,ENST00000301019,ENSOANT00000021921,canonical,canonical,window_starts_too_late(h129>30),0-10,0-10,523.0,18.0,0.134106,0.629063,,
0,7,1037,ENSG00000100629,ENSOANG00000010621,59.3236,ENST00000555265,ENSOANT00000076044,canonical,canonical,pass,0-146,13-159,1071.0,10.0,0.036004,0.623716,0.0,13.0
0,8,6580,ENSG00000204923,ENSOANG00000008392,58.7097,ENST00000377957,ENSOANT00000013334,canonical,canonical,pass,0-8,0-8,146.0,4.0,0.058065,0.657534,25.0,19.0
0,9,3497,ENSG00000142252,ENSOANG00000008945,57.2519,ENST00000270257,ENSOANT00000014246,canonical,canonical,window_starts_too_late(h53>30),0-3,0-3,112.0,6.0,0.188406,0.705357,,
0,10,5150,ENSG00000168874,ENSOANG00000050306,56.6978,ENST00000306279,ENSOANT00000067239,canonical,canonical,pass,0-41,0-41,257.0,11.0,0.261494,0.735409,0.0,0.0
0,11,1942,ENSG00000115568,ENSOANG00000040583,50.6624,ENST00000411696,ENSOANT00000065808,canonical,canonical,pass,0-10,0-10,1633.0,61.0,0.139621,0.637477,27.0,19.0
0,12,6650,ENSG00000213563,ENSOANG00000037775,62.963,ENST00000524821,ENSOANT00000073603,canonical,canonical,pass,0-24,0-24,215.0,6.0,0.035874,0.674419,25.0,24.0
0,13,2906,ENSG00000134247,ENSOANG00000005344,53.5836,ENST00000393203,ENSOANT00000050938,canonical,canonical,pass,0-18,0-18,861.0,13.0,0.049669,0.559814,18.0,21.0
0,14,5376,ENSG00000172244,ENSOANG00000008911,56.1129,ENST00000306862,ENSOANT00000014189,canonical,canonical,pass,0-163,0-163,638.0,7.0,0.016949,0.568966,0.0,0.0
0,15,5083,ENSG00000168038,ENSOANG00000006813,62.902,ENST00000301831,ENSOANT00000048154,canonical,canonical,pass,0-210,0-210,1096.0,10.0,0.140392,0.732664,0.0,0.0
0,16,3337,ENSG00000072201,ENSOANG00000037540,61.4011,ENST00000263925,ENSOANT00000070004,canonical,canonical,pass,0-4,0-4,709.0,16.0,0.087516,0.651622,4.0,5.0
0,17,5751,ENSG00000178919,ENSOANG00000042003,63.2708,ENST00000375123,ENSOANT00000069528,canonical,canonical,no_start_codon_platypus(GGT),,,,,,,,
0,18,5489,ENSG00000173950,ENSOANG00000012745,64.1221,ENST00000310380,ENSOANT00000020168,canonical,canonical,window_starts_too_late(h87>30),0-2,0-2,359.0,7.0,0.086514,0.713092,,
0,19,5415,ENSG00000172732,ENSOANG00000014814,51.7241,ENST00000308110,ENSOANT00000023335,canonical,canonical,window_starts_too_late(h177>30),0-3,0-3,403.0,8.0,0.268603,0.719603,,
0,20,2801,ENSG00000140287,ENSOANG00000038775,62.9909,ENST00000267845,ENSOANT00000074652,canonical,canonical,no_start_codon_platypus(AGG),,,,,,,,
0,21,6009,ENSG00000184154,ENSOANG00000001784,55.7292,ENST00000289488,ENSOANT00000002839,canonical,canonical,no_start_codon_platypus(TTG),,,,,,,,
0,22,1908,ENSG00000115204,ENSOANG00000050006,56.25,ENST00000380044,ENSOANT00000065379,canonical,canonical,no_start_codon_platypus(GGC),,,,,,,,
0,23,2296,ENSG00000122484,ENSOANG00000004403,56.2092,ENST00000610020,ENSOANT00000054712,canonical,canonical,window_starts_too_late(h37>30),0-1,0-1,567.0,9.0,0.073529,0.619048,,
0,24,5021,ENSG00000167393,ENSOANG00000006685,60.3478,ENST00000390665,ENSOANT00000010678,canonical,canonical,window_starts_too_late(h108>30),12-20,0-8,469.0,5.0,0.184348,0.754797,,
0,25,2209,ENSG00000130561,ENSOANG00000007137,56.5432,ENST00000409110,ENSOANT00000066012,canonical,canonical,no_start_codon_platypus(TTG),,,,,,,,
0,26,3233,ENSG00000138075,ENSOANG00000002850,63.9017,ENST00000405322,ENSOANT00000004533,canonical,canonical,pass,0-3,0-3,651.0,3.0,0.019578,0.645161,7.0,20.0
0,27,5869,ENSG00000181544,ENSOANG00000002602,51.1059,ENST00000650831,ENSOANT00000004137,canonical,canonical,pass,0-4,0-4,848.0,13.0,0.012806,0.523585,10.0,4.0
0,28,250,ENSG00000039600,ENSOANG00000048847,61.6202,ENST00000265007,ENSOANT00000058908,canonical,canonical,window_starts_too_late(h229>30),0-4,0-4,727.0,28.0,0.165327,0.650619,,
0,29,6198,ENSG00000188070,ENSOANG00000002940,63.5693,ENST00000433688,ENSOANT00000068558,canonical,canonical,no_start_codon_platypus(CCA),,,,,,,,
0,30,77,ENSG00000007908,ENSOANG00000000876,51.1475,ENST00000333360,ENSOANT00000001363,canonical,canonical,pass,0-2,0-2,534.0,7.0,0.12459,0.601124,15.0,2.0
0,31,1340,ENSG00000105321,ENSOANG00000049974,60.452,ENST00000221922,ENSOANT00000070492,canonical,canonical,pass,0-61,0-61,522.0,25.0,0.135762,0.636015,0.0,0.0
0,32,5618,ENSG00000233276,ENSOANG00000036255,55.1724,ENST00000419783,ENSOANT00000065702,canonical,canonical,window_starts_too_late(h84>30),0-2,0-2,149.0,3.0,0.26601,0.758389,,
0,33,5470,ENSG00000173627,ENSOANG00000001000,57.7657,ENST00000308641,ENSOANT00000001592,canonical,canonical,pass,0-246,0-246,362.0,4.0,0.01897,0.60221,0.0,0.0
0,34,4069,ENSG00000103355,ENSOANG00000000553,61.7857,ENST00000682474,ENSOANT00000000880,canonical,canonical,no_start_codon_platypus(GGC),,,,,,,,
0,35,4067,ENSG00000171357,ENSOANG00000044785,59.8326,ENST00000371980,ENSOANT00000066119,canonical,canonical,pass,0-32,0-32,228.0,11.0,0.164835,0.649123,0.0,0.0
0,36,4023,ENSG00000163462,ENSOANG00000040420,56.6535,ENST00000334634,ENSOANT00000051775,canonical,canonical,pass,0-121,0-121,529.0,4.0,0.30303,0.812854,0.0,0.0
0,37,2998,ENSG00000135409,ENSOANG00000040113,51.1344,ENST00000257863,ENSOANT00000047810,canonical,canonical,pass,0-1,0-1,504.0,15.0,0.120419,0.607143,5.0,1.0
0,38,3281,ENSG00000117362,ENSOANG00000043325,61.5094,ENST00000369109,ENSOANT00000072613,canonical,canonical,pass,0-160,0-160,213.0,9.0,0.236559,0.784038,0.0,0.0
0,39,6705,ENSG00000215883,ENSOANG00000036021,50.7937,ENST00000534324,ENSOANT00000053335,canonical,canonical,no_start_codon_platypus(TAC),,,,,,,,
0,40,4431,ENSG00000161618,ENSOANG00000006835,63.0923,ENST00000293350,ENSOANT00000055829,canonical,canonical,pass,0-1,0-1,800.0,9.0,0.044205,0.6425,28.0,58.0
0,41,5081,ENSG00000168016,ENSOANG00000015307,62.2769,ENST00000645898,ENSOANT00000049621,canonical,canonical,pass,0-5,0-5,2916.0,31.0,0.034757,0.639575,5.0,43.0
0,42,5304,ENSG00000170955,ENSOANG00000043123,63.6015,ENST00000303927,ENSOANT00000052657,canonical,canonical,pass,0-9,0-9,250.0,9.0,0.137931,0.668,15.0,9.0
0,43,2845,ENSG00000133048,ENSOANG00000001907,63.4465,ENST00000255409,ENSOANT00000003030,canonical,canonical,pass,0-61,0-61,381.0,5.0,0.005222,0.643045,0.0,0.0
0,44,5712,ENSG00000178057,ENSOANG00000010908,60.8696,ENST00000326925,ENSOANT00000017285,canonical,canonical,pass,0-172,0-172,182.0,3.0,0.016216,0.620879,0.0,0.0
0,45,3078,ENSG00000136243,ENSOANG00000014206,57.9196,ENST00000258742,ENSOANT00000022402,canonical,canonical,window_starts_too_late(h39>30),0-23,0-23,409.0,13.0,0.05977,0.621027,,
0,46,6155,ENSG00000186871,ENSOANG00000014708,57.2,ENST00000334463,ENSOANT00000023181,canonical,canonical,pass,0-1,0-1,1178.0,32.0,0.083268,0.644312,7.0,9.0
0,47,3719,ENSG00000146166,ENSOANG00000002192,63.2613,ENST00000370657,ENSOANT00000003478,canonical,canonical,window_starts_too_late(h64>30),0-17,0-17,507.0,6.0,0.115183,0.65286,,
0,48,6503,ENSG00000198894,ENSOANG00000010591,64.1604,ENST00000361786,ENSOANT00000065445,canonical,canonical,pass,0-214,0-214,395.0,6.0,0.010025,0.653165,0.0,0.0
0,49,3011,ENSG00000135541,ENSOANG00000031640,52.6756,ENST00000265602,ENSOANT00000055638,canonical,canonical,pass,0-36,0-36,1161.0,24.0,0.073424,0.571059,0.0,0.0
0,50,5214,ENSG00000169679,ENSOANG00000012628,56.9585,ENST00000302759,ENSOANT00000019971,canonical,canonical,pass,9-172,0-163,1062.0,16.0,0.053476,0.597928,9.0,0.0
0,51,1387,ENSG00000105852,ENSOANG00000048302,60.452,ENST00000265627,ENSOANT00000074798,canonical,canonical,pass,0-354,0-354,354.0,1.0,0.0,0.60452,0.0,0.0
0,52,6375,ENSG00000151327,ENSOANG00000014053,60.5932,ENST00000280987,ENSOANT00000022167,canonical,canonical,no_start_codon_platypus(TAC),,,,,,,,
0,53,1827,ENSG00000113621,ENSOANG00000013063,64.1667,ENST00000358387,ENSOANT00000020656,canonical,canonical,pass,0-1,0-1,351.0,10.0,0.236957,0.68661,19.0,126.0
0,54,6538,ENSG00000204131,ENSOANG00000045462,54.3673,ENST00000633930,ENSOANT00000057534,canonical,canonical,window_starts_too_late(h105>30),0-1,0-1,1113.0,22.0,0.091429,0.595687,,
0,55,2832,ENSG00000132780,ENSOANG00000011792,54.5685,ENST00000350030,ENSOANT00000074408,canonical,canonical,pass,0-2,0-2,699.0,23.0,0.112944,0.635193,21.0,2.0
0,56,1490,ENSG00000107771,ENSOANG00000001117,61.127,ENST00000372088,ENSOANT00000071617,canonical,canonical,pass,0-296,0-296,1031.0,15.0,0.020893,0.629486,0.0,0.0
0,57,3819,ENSG00000148300,ENSOANG00000002453,55.2133,ENST00000371942,ENSOANT00000074582,canonical,canonical,window_starts_too_late(h44>30),0-1,0-1,414.0,13.0,0.09011,0.608696,,
0,58,3458,ENSG00000141499,ENSOANG00000008865,57.2993,ENST00000396463,ENSOANT00000070315,canonical,canonical,window_starts_too_late(h128>30),0-1,0-1,441.0,9.0,0.195255,0.723356,,
0,59,2238,ENSG00000120915,ENSOANG00000010887,58.7387,ENST00000521400,ENSOANT00000017257,canonical,canonical,pass,0-414,19-433,539.0,3.0,0.035778,0.606679,0.0,19.0
0,60,987,ENSG00000100320,ENSOANG00000007489,63.0872,ENST00000695854,ENSOANT00000011925,canonical,canonical,no_start_codon_platypus(GGA),,,,,,,,
0,61,187,ENSG00000023572,ENSOANG00000002962,53.6585,ENST00000367439,ENSOANT00000024705,canonical,canonical,no_start_codon_platypus(GGG),,,,,,,,
0,62,2071,ENSG00000117592,ENSOANG00000000916,60.2679,ENST00000340385,ENSOANT00000057572,canonical,canonical,no_start_codon_platypus(CTG),,,,,,,,
0,63,6525,ENSG00000203734,ENSOANG00000014805,63.1637,ENST00000541398,ENSOANT00000023321,canonical,canonical,no_start_codon_platypus(CCC),,,,,,,,
0,64,343,ENSG00000056972,ENSOANG00000013378,61.7699,ENST00000368761,ENSOANT00000001001,canonical,canonical,pass,0-52,8-60,551.0,5.0,0.024779,0.642468,0.0,8.0
0,65,3827,ENSG00000148384,ENSOANG00000028971,62.2671,ENST00000371712,ENSOANT00000041025,canonical,canonical,pass,0-3,0-3,631.0,10.0,0.07478,0.662441,9.0,3.0
0,66,3135,ENSG00000136933,ENSOANG00000013292,62.6344,ENST00000373538,ENSOANT00000064444,canonical,canonical,pass,0-3,0-3,370.0,5.0,0.090909,0.640541,18.0,55.0
0,67,5685,ENSG00000177548,ENSOANG00000003014,60.8084,ENST00000358201,ENSOANT00000072036,canonical,canonical,pass,0-3,0-3,534.0,15.0,0.107023,0.672285,22.0,25.0
0,68,6733,ENSG00000187550,ENSOANG00000032023,64.3678,ENST00000413299,ENSOANT00000041935,canonical,canonical,pass,0-13,0-13,340.0,4.0,0.022989,0.667647,20.0,13.0
0,69,5249,ENSG00000170222,ENSOANG00000050078,54.6784,ENST00000379774,ENSOANT00000070277,canonical,canonical,no_start_codon_platypus(GGG),,,,,,,,
0,70,6702,ENSG00000065325,ENSOANG00000040079,59.3128,ENST00000262441,ENSOANT00000074311,canonical,canonical,window_starts_too_late(h62>30),0-3,0-3,538.0,14.0,0.047788,0.63197,,
0,71,3726,ENSG00000102098,ENSOANG00000010511,56.5714,ENST00000251900,ENSOANT00000048106,canonical,canonical,pass,0-272,0-272,675.0,13.0,0.042553,0.614815,0.0,0.0
0,72,4754,ENSG00000164744,ENSOANG00000003087,56.8627,ENST00000297325,ENSOANT00000004889,canonical,canonical,window_starts_too_late(h39>30),0-26,0-26,345.0,6.0,0.036313,0.594203,,
0,73,6548,ENSG00000204315,ENSOANG00000036168,57.0201,ENST00000375156,ENSOANT00000056507,canonical,canonical,window_starts_too_late(h52>30),0-4,0-4,336.0,9.0,0.061453,0.619048,,
0,74,4904,ENSG00000166153,ENSOANG00000005587,58.4677,ENST00000550587,ENSOANT00000008887,canonical,canonical,window_starts_too_late(h51>30),11-23,0-12,467.0,10.0,0.113852,0.62955,,
0,75,4718,ENSG00000164342,ENSOANG00000004937,58.0752,ENST00000296795,ENSOANT00000007826,canonical,canonical,pass,0-7,0-7,899.0,3.0,0.00663,0.585095,22.0,23.0
0,76,3358,ENSG00000139970,ENSOANG00000011849,58.634,ENST00000267484,ENSOANT00000018782,canonical,canonical,window_starts_too_late(h70>30),0-5,0-5,728.0,20.0,0.061856,0.656593,,
0,77,6813,ENSG00000244242,ENSOANG00000037018,59.2105,ENST00000340134,ENSOANT00000047749,canonical,canonical,window_starts_too_late(h137>30),0-1,0-1,210.0,11.0,0.078947,0.666667,,
0,78,4320,ENSG00000133131,ENSOANG00000000372,57.0971,ENST00000355610,ENSOANT00000000610,canonical,canonical,pass,0-1,0-1,909.0,19.0,0.12089,0.610561,28.0,10.0
0,79,1857,ENSG00000114248,ENSOANG00000003718,57.971,ENST00000316428,ENSOANT00000060911,canonical,canonical,pass,0-39,0-39,550.0,5.0,0.021352,0.583636,0.0,0.0
0,80,2931,ENSG00000134574,ENSOANG00000006247,64.1686,ENST00000256996,ENSOANT00000009998,canonical,canonical,window_starts_too_late(h67>30),0-14,0-14,423.0,7.0,0.124224,0.666667,,
0,81,4457,ENSG00000162148,ENSOANG00000010806,56.2353,ENST00000338608,ENSOANT00000031582,canonical,canonical,window_starts_too_late(h37>30),0-20,0-20,400.0,9.0,0.058824,0.6025,,
0,82,3568,ENSG00000143502,ENSOANG00000001446,53.8776,ENST00000366878,ENSOANT00000002293,canonical,canonical,pass,0-27,0-27,368.0,6.0,0.24898,0.725543,27.0,32.0
0,83,5480,ENSG00000173818,ENSOANG00000047965,59.2199,ENST00000518137,ENSOANT00000073904,canonical,canonical,pass,0-76,0-76,214.0,2.0,0.241135,0.780374,0.0,0.0
0,84,5689,ENSG00000177595,ENSOANG00000047980,59.8901,ENST00000347755,ENSOANT00000047258,canonical,canonical,no_start_codon_platypus(ACA),,,,,,,,
0,85,5337,ENSG00000171604,ENSOANG00000038584,62.4224,ENST00000302517,ENSOANT00000058630,canonical,canonical,window_starts_too_late(h54>30),0-4,0-4,271.0,9.0,0.158385,0.756458,,
0,86,1609,ENSG00000109943,ENSOANG00000011158,56.2341,ENST00000227348,ENSOANT00000017682,canonical,canonical,pass,0-1,0-1,392.0,9.0,0.102975,0.563776,14.0,16.0
0,87,5955,ENSG00000183208,ENSOANG00000036614,58.961,ENST00000329600,ENSOANT00000064559,canonical,canonical,pass,0-10,0-10,370.0,8.0,0.038961,0.624324,23.0,20.0
0,88,3064,ENSG00000136114,ENSOANG00000043188,62.0892,ENST00000258613,ENSOANT00000065802,canonical,canonical,pass,0-181,0-181,846.0,11.0,0.013986,0.632388,0.0,0.0
0,89,4179,ENSG00000156170,ENSOANG00000046530,62.4625,ENST00000396124,ENSOANT00000055901,canonical,canonical,window_starts_too_late(h99>30),0-1,0-1,235.0,2.0,0.294294,0.889362,,
0,90,2143,ENSG00000119431,ENSOANG00000041831,64.1434,ENST00000374180,ENSOANT00000053867,canonical,canonical,pass,0-5,0-5,248.0,3.0,0.011952,0.653226,7.0,5.0
0,91,2408,ENSG00000124688,ENSOANG00000001957,61.6788,ENST00000372171,ENSOANT00000003109,canonical,canonical,pass,0-4,0-4,264.0,2.0,0.036496,0.640152,14.0,4.0
0,92,4943,ENSG00000166454,ENSOANG00000051099,60.5103,ENST00000299575,ENSOANT00000050280,canonical,canonical,no_start_codon_platypus(CAA),,,,,,,,
0,93,874,ENSG00000094631,ENSOANG00000002256,52.0165,ENST00000334136,ENSOANT00000070249,canonical,canonical,no_start_codon_platypus(CGC),,,,,,,,
0,94,4380,ENSG00000160294,ENSOANG00000013563,61.0101,ENST00000291688,ENSOANT00000061452,canonical,canonical,window_starts_too_late(h45>30),0-15,0-15,1953.0,26.0,0.039823,0.631848,,
0,95,6588,ENSG00000205177,ENSOANG00000039291,54.4041,ENST00000379011,ENSOANT00000057837,canonical,canonical,pass,12-53,0-41,150.0,7.0,0.222798,0.706667,12.0,0.0
0,96,3624,ENSG00000144488,ENSOANG00000015589,55.5224,ENST00000343063,ENSOANT00000024558,canonical,canonical,pass,0-160,0-160,896.0,25.0,0.108458,0.642857,0.0,0.0
0,97,4655,ENSG00000163946,ENSOANG00000010151,63.5928,ENST00000683822,ENSOANT00000046621,canonical,canonical,pass,0-14,61-75,1631.0,29.0,0.065865,0.660944,14.0,79.0
0,98,4269,ENSG00000158023,ENSOANG00000006215,54.134,ENST00000288912,ENSOANT00000009940,canonical,canonical,no_start_codon_platypus(GCA),,,,,,,,
0,99,3432,ENSG00000196588,ENSOANG00000044653,58.0019,ENST00000355630,ENSOANT00000054617,canonical,canonical,no_start_codon_human(GTG),,,,,,,,
0,100,56,ENSG00000006282,ENSOANG00000006951,61.2219,ENST00000006658,ENSOANT00000059692,canonical,canonical,no_start_codon_platypus(GTG),,,,,,,,
0,101,5850,ENSG00000181004,ENSOANG00000013636,52.8169,ENST00000314218,ENSOANT00000021519,canonical,canonical,pass,2-152,0-150,699.0,9.0,0.022378,0.543634,2.0,0.0
0,102,5705,ENSG00000177943,ENSOANG00000010204,57.08,ENST00000317446,ENSOANT00000074882,canonical,canonical,pass,0-9,0-9,1101.0,28.0,0.134434,0.605813,13.0,35.0
0,103,2273,ENSG00000121940,ENSOANG00000014490,59.7096,ENST00000369969,ENSOANT00000051462,canonical,canonical,pass,0-53,0-53,538.0,14.0,0.080342,0.643123,0.0,0.0
0,104,3139,ENSG00000136938,ENSOANG00000010774,55.3785,ENST00000339399,ENSOANT00000053356,canonical,canonical,no_start_codon_platypus(TTC),,,,,,,,
0,105,388,ENSG00000063978,ENSOANG00000045071,58.4211,ENST00000314289,ENSOANT00000063653,canonical,canonical,window_starts_too_late(h116>30),0-3,0-3,155.0,7.0,0.184211,0.741935,,
0,106,2580,ENSG00000128408,ENSOANG00000005535,54.1885,ENST00000614167,ENSOANT00000008795,canonical,canonical,pass,0-6,0-6,371.0,5.0,0.028796,0.560647,6.0,7.0
0,107,6821,ENSG00000248487,ENSOANG00000037506,57.9336,ENST00000273596,ENSOANT00000075725,canonical,canonical,pass,0-3,0-3,246.0,2.0,0.092251,0.646341,28.0,3.0
0,108,4403,ENSG00000160752,ENSOANG00000051014,60.8592,ENST00000368356,ENSOANT00000069320,canonical,canonical,window_starts_too_late(h76>30),66-75,0-9,352.0,2.0,0.159905,0.724432,,
0,109,810,ENSG00000089639,ENSOANG00000011826,51.2371,ENST00000203556,ENSOANT00000055408,canonical,canonical,no_start_codon_platypus(GCC),,,,,,,,
0,110,6071,ENSG00000185187,ENSOANG00000047205,53.6585,ENST00000431843,ENSOANT00000069720,canonical,canonical,pass,0-36,0-36,382.0,14.0,0.079518,0.60733,0.0,0.0
0,111,6572,ENSG00000204767,ENSOANG00000007807,60.5607,ENST00000377365,ENSOANT00000012439,canonical,canonical,pass,0-86,0-86,533.0,7.0,0.009294,0.613508,0.0,0.0
0,112,3377,ENSG00000140323,ENSOANG00000051188,62.7409,ENST00000267889,ENSOANT00000074237,canonical,canonical,no_start_codon_platypus(AGA),,,,,,,,
0,113,1933,ENSG00000162139,ENSOANG00000039167,52.4946,ENST00000294064,ENSOANT00000060224,canonical,canonical,window_starts_too_late(h42>30),0-5,0-5,399.0,10.0,0.13449,0.614035,,
0,114,2802,ENSG00000132463,ENSOANG00000013696,50.625,ENST00000254799,ENSOANT00000021603,canonical,canonical,window_starts_too_late(h166>30),0-1,0-1,313.0,3.0,0.347917,0.779553,,
0,115,1164,ENSG00000102738,ENSOANG00000015515,54.1772,ENST00000323563,ENSOANT00000024439,canonical,canonical,window_starts_too_late(h115>30),0-5,0-5,360.0,10.0,0.088608,0.619444,,
0,116,2207,ENSG00000120451,ENSOANG00000004066,51.7137,ENST00000265909,ENSOANT00000006457,canonical,canonical,pass,0-1,0-1,888.0,27.0,0.104839,0.599099,15.0,8.0
0,117,6143,ENSG00000186532,ENSOANG00000010879,56.9652,ENST00000305513,ENSOANT00000017239,canonical,canonical,pass,0-176,0-176,793.0,7.0,0.013682,0.586381,0.0,0.0
0,118,927,ENSG00000099814,ENSOANG00000005494,60.103,ENST00000414716,ENSOANT00000008732,canonical,canonical,pass,0-127,5-132,1474.0,59.0,0.094038,0.648575,0.0,5.0
0,119,6314,ENSG00000060237,ENSOANG00000011423,64.4836,ENST00000315939,ENSOANT00000050492,canonical,canonical,window_starts_too_late(h135>30),0-4,0-4,2232.0,68.0,0.113934,0.724462,,
0,120,4140,ENSG00000155363,ENSOANG00000022581,56.0319,ENST00000369645,ENSOANT00000062595,canonical,canonical,pass,0-41,14-55,978.0,15.0,0.024925,0.579755,0.0,14.0
0,121,5971,ENSG00000183479,ENSOANG00000000686,63.5593,ENST00000370231,ENSOANT00000001070,canonical,canonical,pass,0-233,0-233,236.0,2.0,0.016667,0.648305,0.0,0.0
0,122,3012,ENSG00000135587,ENSOANG00000040569,54.8463,ENST00000258052,ENSOANT00000076383,canonical,canonical,pass,0-260,0-260,408.0,9.0,0.035461,0.588235,0.0,0.0
0,123,5802,ENSG00000179943,ENSOANG00000040573,62.0968,ENST00000221665,ENSOANT00000052212,canonical,canonical,pass,0-1,0-1,437.0,17.0,0.118952,0.716247,19.0,25.0
0,124,4417,ENSG00000161031,ENSOANG00000005133,50.1736,ENST00000340880,ENSOANT00000008156,canonical,canonical,pass,0-3,0-3,520.0,14.0,0.097222,0.596154,3.0,5.0
0,125,4410,ENSG00000160888,ENSOANG00000041821,56.9507,ENST00000292433,ENSOANT00000049972,canonical,canonical,pass,0-71,0-71,217.0,10.0,0.106996,0.64977,0.0,0.0
0,126,186,ENSG00000023516,ENSOANG00000039050,55.2867,ENST00000025301,ENSOANT00000052081,canonical,canonical,pass,0-5,0-5,1842.0,29.0,0.031036,0.577633,5.0,8.0
0,127,2660,ENSG00000130055,ENSOANG00000040894,58.6271,ENST00000374382,ENSOANT00000068538,canonical,canonical,pass,0-24,0-24,507.0,6.0,0.059369,0.631164,26.0,24.0
0,128,3550,ENSG00000143321,ENSOANG00000040758,63.3333,ENST00000357325,ENSOANT00000051908,canonical,canonical,pass,0-117,0-117,216.0,8.0,0.1,0.736111,0.0,0.0
0,129,6315,ENSG00000196639,ENSOANG00000000983,60.7803,ENST00000431010,ENSOANT00000070716,canonical,canonical,pass,0-11,0-11,471.0,12.0,0.169312,0.643312,21.0,89.0
0,130,3508,ENSG00000142609,ENSOANG00000048215,53.9963,ENST00000682832,ENSOANT00000041017,canonical,canonical,window_starts_too_late(h62>30),0-13,0-13,1611.0,30.0,0.054022,0.581006,,
0,131,1524,ENSG00000108375,ENSOANG00000004578,64.4955,ENST00000407977,ENSOANT00000007254,canonical,canonical,pass,0-254,0-254,733.0,22.0,0.063857,0.702592,0.0,0.0
0,132,4810,ENSG00000165282,ENSOANG00000037268,55.1882,ENST00000378617,ENSOANT00000049409,canonical,canonical,pass,0-49,0-49,961.0,26.0,0.117539,0.636837,0.0,0.0
0,133,5085,ENSG00000168071,ENSOANG00000001281,52.8455,ENST00000356786,ENSOANT00000069371,canonical,canonical,window_starts_too_late(h105>30),0-2,0-2,1261.0,35.0,0.145664,0.645519,,
0,134,5410,ENSG00000172671,ENSOANG00000001775,59.2847,ENST00000344646,ENSOANT00000002828,canonical,canonical,pass,0-170,26-196,690.0,13.0,0.08971,0.631884,0.0,26.0
0,135,3076,ENSG00000136235,ENSOANG00000014205,61.7857,ENST00000258733,ENSOANT00000022400,canonical,canonical,pass,0-7,0-7,554.0,7.0,0.026362,0.631769,7.0,11.0
1,0,1435,ENSG00000106605,ENSOANG00000010688,67.2297,ENST00000265523,ENSOANT00000016955,canonical,canonical,window_starts_too_late(h33>30),0-2,0-2,296.0,6.0,0.054313,0.689189,,
1,1,6161,ENSG00000187068,ENSOANG00000015271,69.2,ENST00000335012,ENSOANT00000024042,canonical,canonical,window_starts_too_late(h64>30),0-2,0-2,244.0,9.0,0.215434,0.741803,,
1,2,3606,ENSG00000144115,ENSOANG00000010351,70.6612,ENST00000674334,ENSOANT00000016423,canonical,canonical,pass,0-246,0-246,480.0,4.0,0.026369,0.71875,0.0,0.0
1,3,6243,ENSG00000188811,ENSOANG00000015511,70.0288,ENST00000379600,ENSOANT00000024433,canonical,canonical,pass,0-127,0-127,336.0,4.0,0.069252,0.72619,0.0,0.0
1,4,4758,ENSG00000164761,ENSOANG00000009644,69.5761,ENST00000297350,ENSOANT00000015486,canonical,canonical,pass,0-4,0-4,401.0,5.0,0.139485,0.700748,9.0,74.0
1,5,5974,ENSG00000183527,ENSOANG00000006421,67.0139,ENST00000331573,ENSOANT00000010248,canonical,canonical,window_starts_too_late(h50>30),0-19,0-19,287.0,4.0,0.036913,0.679443,,
1,6,2448,ENSG00000125531,ENSOANG00000041710,66.0377,ENST00000370097,ENSOANT00000048685,canonical,canonical,window_starts_too_late(h36>30),0-3,0-3,311.0,7.0,0.111429,0.70418,,
1,7,5076,ENSG00000167992,ENSOANG00000021542,67.2251,ENST00000335613,ENSOANT00000048832,canonical,canonical,pass,0-310,0-310,940.0,19.0,0.045685,0.706383,0.0,0.0
1,8,5168,ENSG00000169021,ENSOANG00000002291,72.6277,ENST00000304863,ENSOANT00000003626,canonical,canonical,window_starts_too_late(h72>30),0-20,0-20,261.0,7.0,0.112245,0.777778,,
1,9,5385,ENSG00000172339,ENSOANG00000012719,67.1296,ENST00000370205,ENSOANT00000020129,canonical,canonical,window_starts_too_late(h36>30),0-19,0-19,213.0,4.0,0.013889,0.690141,,
1,10,1725,ENSG00000111906,ENSOANG00000020120,69.6078,ENST00000398153,ENSOANT00000068531,canonical,canonical,pass,0-3,0-3,197.0,7.0,0.250951,0.725888,14.0,7.0
1,11,3488,ENSG00000142173,ENSOANG00000013567,65.0638,ENST00000300527,ENSOANT00000051893,canonical,canonical,no_start_codon_platypus(AAG),,,,,,,,
1,12,2606,ENSG00000128881,ENSOANG00000047726,71.2219,ENST00000267890,ENSOANT00000070434,canonical,canonical,pass,0-488,0-488,1221.0,13.0,0.018489,0.728911,0.0,0.0
1,13,1729,ENSG00000112031,ENSOANG00000037135,68.6842,ENST00000367233,ENSOANT00000075440,canonical,canonical,window_starts_too_late(h52>30),0-11,0-11,367.0,5.0,0.034211,0.724796,,
1,14,1894,ENSG00000114993,ENSOANG00000036121,67.1403,ENST00000272430,ENSOANT00000052429,canonical,canonical,window_starts_too_late(h36>30),0-8,0-8,542.0,10.0,0.0373,0.695572,,
1,15,6374,ENSG00000197506,ENSOANG00000048714,67.4385,ENST00000376238,ENSOANT00000065967,canonical,canonical,window_starts_too_late(h51>30),0-4,0-4,659.0,3.0,0.04631,0.708649,,
1,16,733,ENSG00000085721,ENSOANG00000000130,72.6574,ENST00000198767,ENSOANT00000051584,canonical,canonical,window_starts_too_late(h36>30),0-6,0-6,621.0,12.0,0.276224,0.771337,,
1,17,2280,ENSG00000122068,ENSOANG00000014284,67.9245,ENST00000241502,ENSOANT00000022516,canonical,canonical,pass,0-20,0-20,308.0,6.0,0.031447,0.711039,23.0,20.0
1,18,1619,ENSG00000100239,ENSOANG00000001656,69.5516,ENST00000612753,ENSOANT00000002655,canonical,canonical,pass,0-405,0-405,931.0,24.0,0.092593,0.741139,0.0,0.0
1,19,1437,ENSG00000106624,ENSOANG00000006502,66.753,ENST00000223357,ENSOANT00000010383,canonical,canonical,pass,0-7,0-7,1052.0,20.0,0.091537,0.774715,7.0,18.0
1,20,6848,ENSG00000255072,ENSOANG00000046406,67.6056,ENST00000527353,ENSOANT00000074978,canonical,canonical,pass,0-71,0-71,71.0,1.0,0.0,0.676056,0.0,0.0
1,21,856,ENSG00000092140,ENSOANG00000014019,72.3796,ENST00000206595,ENSOANT00000022109,canonical,canonical,no_start_codon_platypus(AAC),,,,,,,,
1,22,1646,ENSG00000110756,ENSOANG00000044228,66.3419,ENST00000349215,ENSOANT00000072580,canonical,canonical,pass,0-455,58-513,1101.0,12.0,0.071669,0.690282,0.0,58.0
1,23,428,ENSG00000136111,ENSOANG00000002567,70.8012,ENST00000377636,ENSOANT00000004066,canonical,canonical,window_starts_too_late(h166>30),0-2,0-2,1081.0,7.0,0.16718,0.851989,,
1,24,3815,ENSG00000148290,ENSOANG00000050637,68.0,ENST00000371974,ENSOANT00000061313,canonical,canonical,window_starts_too_late(h54>30),0-1,0-1,293.0,9.0,0.138235,0.737201,,
1,25,6631,ENSG00000213024,ENSOANG00000014101,67.0498,ENST00000352066,ENSOANT00000022246,canonical,canonical,pass,0-39,37-76,512.0,14.0,0.164763,0.716797,0.0,37.0
1,26,1869,ENSG00000114491,ENSOANG00000045479,67.7083,ENST00000232607,ENSOANT00000055428,canonical,canonical,pass,0-3,0-3,470.0,5.0,0.026915,0.7,9.0,19.0
1,27,2285,ENSG00000122203,ENSOANG00000008588,70.1639,ENST00000298569,ENSOANT00000013682,canonical,canonical,pass,19-52,0-33,286.0,4.0,0.062295,0.762238,19.0,0.0
1,28,3278,ENSG00000138593,ENSOANG00000040296,72.1163,ENST00000559471,ENSOANT00000054340,canonical,canonical,no_start_codon_platypus(TTA),,,,,,,,
1,29,595,ENSG00000076242,ENSOANG00000015305,72.7513,ENST00000231790,ENSOANT00000054592,canonical,canonical,pass,0-362,0-362,713.0,15.0,0.0894,0.791024,0.0,0.0
1,30,3685,ENSG00000145708,ENSOANG00000031473,65.2174,ENST00000274368,ENSOANT00000040431,canonical,canonical,window_starts_too_late(h48>30),0-1,0-1,312.0,7.0,0.248193,0.685897,,
1,31,5207,ENSG00000169570,ENSOANG00000022566,71.1409,ENST00000510708,ENSOANT00000032616,canonical,canonical,window_starts_too_late(h34>30),0-6,0-6,270.0,2.0,0.09396,0.788889,,
1,32,3811,ENSG00000148225,ENSOANG00000001397,65.9401,ENST00000374193,ENSOANT00000002216,canonical,canonical,pass,0-38,0-38,366.0,2.0,0.002725,0.663934,0.0,0.0
1,33,4562,ENSG00000163235,ENSOANG00000045751,71.25,ENST00000295400,ENSOANT00000061058,canonical,canonical,pass,0-32,0-32,159.0,4.0,0.13587,0.72956,0.0,0.0
1,34,2983,ENSG00000135272,ENSOANG00000044059,71.9512,ENST00000393486,ENSOANT00000058619,canonical,canonical,pass,0-2,0-2,241.0,3.0,0.020325,0.73029,7.0,2.0
1,35,6750,ENSG00000235118,ENSOANG00000045785,70.1657,ENST00000441223,ENSOANT00000054087,canonical,canonical,pass,0-118,0-118,177.0,4.0,0.022099,0.717514,0.0,0.0
1,36,2037,ENSG00000087303,ENSOANG00000013959,64.9455,ENST00000216286,ENSOANT00000049438,canonical,canonical,pass,0-1,0-1,1342.0,23.0,0.048901,0.687779,17.0,18.0
1,37,1974,ENSG00000116096,ENSOANG00000038096,66.2835,ENST00000234454,ENSOANT00000051463,canonical,canonical,pass,0-1,0-1,261.0,4.0,0.026119,0.662835,5.0,10.0
1,38,4079,ENSG00000153975,ENSOANG00000013491,68.1661,ENST00000368576,ENSOANT00000064765,canonical,canonical,pass,0-21,170-191,575.0,6.0,0.231283,0.690435,21.0,192.0
1,39,39,ENSG00000005175,ENSOANG00000021025,67.6692,ENST00000005386,ENSOANT00000055759,canonical,canonical,pass,0-110,60-170,657.0,3.0,0.130952,0.686454,0.0,60.0
1,40,6706,ENSG00000215906,ENSOANG00000032073,67.3575,ENST00000426928,ENSOANT00000039515,canonical,canonical,pass,0-1,0-1,572.0,9.0,0.027211,0.692308,28.0,28.0
1,41,5730,ENSG00000178460,ENSOANG00000002316,72.8341,ENST00000422365,ENSOANT00000003672,canonical,canonical,pass,0-3,0-3,679.0,5.0,0.002937,0.733432,3.0,4.0
1,42,3178,ENSG00000137509,ENSOANG00000011106,65.121,ENST00000313010,ENSOANT00000069550,canonical,canonical,window_starts_too_late(h41>30),0-6,0-6,492.0,7.0,0.048356,0.676829,,
1,43,5990,ENSG00000183751,ENSOANG00000009819,69.0594,ENST00000568546,ENSOANT00000015576,canonical,canonical,pass,0-3,0-3,792.0,10.0,0.02583,0.717172,10.0,11.0
1,44,6782,ENSG00000241644,ENSOANG00000047781,69.962,ENST00000013222,ENSOANT00000072441,canonical,canonical,no_start_codon_platypus(CTG),,,,,,,,
1,45,3315,ENSG00000139154,ENSOANG00000021806,68.7873,ENST00000266508,ENSOANT00000031596,canonical,canonical,window_starts_too_late(h87>30),0-18,0-18,457.0,15.0,0.142589,0.80744,,
1,46,1485,ENSG00000107719,ENSOANG00000011806,67.0561,ENST00000263563,ENSOANT00000018711,canonical,canonical,pass,0-17,1-18,855.0,7.0,0.045759,0.679532,17.0,19.0
1,47,2769,ENSG00000131944,ENSOANG00000038390,69.7674,ENST00000588258,ENSOANT00000054838,canonical,canonical,pass,0-5,0-5,214.0,4.0,0.009259,0.700935,5.0,6.0
1,48,2099,ENSG00000118363,ENSOANG00000042616,72.5664,ENST00000263672,ENSOANT00000050523,canonical,canonical,pass,0-6,0-6,205.0,4.0,0.09292,0.8,17.0,6.0
1,49,2856,ENSG00000134962,ENSOANG00000010331,67.2414,ENST00000257408,ENSOANT00000016394,canonical,canonical,window_starts_too_late(h44>30),0-2,0-2,1007.0,7.0,0.035441,0.703078,,
1,50,4358,ENSG00000160111,ENSOANG00000013066,66.5252,ENST00000443236,ENSOANT00000053776,canonical,canonical,pass,0-1,0-1,1836.0,17.0,0.035208,0.700436,17.0,39.0
1,51,5054,ENSG00000167769,ENSOANG00000001816,69.697,ENST00000301452,ENSOANT00000002882,canonical,canonical,no_start_codon_platypus(TTT),,,,,,,,
1,52,3586,ENSG00000143819,ENSOANG00000001473,70.5495,ENST00000272167,ENSOANT00000002341,canonical,canonical,pass,0-256,0-256,454.0,5.0,0.146617,0.718062,0.0,0.0
1,53,1068,ENSG00000100991,ENSOANG00000049082,65.4956,ENST00000252015,ENSOANT00000050441,canonical,canonical,window_starts_too_late(h34>30),0-4,0-4,759.0,6.0,0.047679,0.695652,,
1,54,3390,ENSG00000134917,ENSOANG00000012480,71.6535,ENST00000257359,ENSOANT00000019744,canonical,canonical,pass,0-1,0-1,867.0,14.0,0.048299,0.762399,28.0,41.0
1,55,3826,ENSG00000125734,ENSOANG00000045248,68.3241,ENST00000264080,ENSOANT00000054550,canonical,canonical,pass,0-23,0-23,529.0,11.0,0.029358,0.712665,23.0,24.0
1,56,4962,ENSG00000166780,ENSOANG00000005142,64.7059,ENST00000300006,ENSOANT00000060404,canonical,canonical,pass,0-153,0-153,201.0,7.0,0.155462,0.676617,0.0,0.0
1,57,1399,ENSG00000105982,ENSOANG00000045663,66.2983,ENST00000317955,ENSOANT00000073625,canonical,canonical,pass,0-43,0-43,356.0,6.0,0.019284,0.679775,0.0,0.0
1,58,1108,ENSG00000101447,ENSOANG00000044824,65.2991,ENST00000619850,ENSOANT00000058391,canonical,canonical,pass,0-1,0-1,580.0,8.0,0.03172,0.668966,15.0,13.0
1,59,6222,ENSG00000188566,ENSOANG00000042015,67.1692,ENST00000684003,ENSOANT00000062131,canonical,canonical,window_starts_too_late(h46>30),0-1,0-1,593.0,7.0,0.087692,0.686341,,
1,60,2703,ENSG00000130731,ENSOANG00000038081,72.0588,ENST00000301686,ENSOANT00000056532,canonical,canonical,pass,0-204,0-204,204.0,1.0,0.0,0.720588,0.0,0.0
1,61,4656,ENSG00000173848,ENSOANG00000015457,71.4765,ENST00000355029,ENSOANT00000024334,canonical,canonical,no_start_codon_platypus(GAG),,,,,,,,
1,62,1433,ENSG00000074047,ENSOANG00000048401,70.2996,ENST00000361492,ENSOANT00000063797,canonical,canonical,pass,0-36,0-36,1534.0,30.0,0.022307,0.726206,0.0,0.0
1,63,2087,ENSG00000117862,ENSOANG00000047968,66.2791,ENST00000371626,ENSOANT00000050411,canonical,canonical,no_start_codon_platypus(TCT),,,,,,,,
1,64,6427,ENSG00000198363,ENSOANG00000005045,68.7335,ENST00000379454,ENSOANT00000008011,canonical,canonical,pass,0-21,0-21,747.0,13.0,0.113879,0.732262,25.0,21.0
1,65,1910,ENSG00000115232,ENSOANG00000003633,70.4457,ENST00000397033,ENSOANT00000005767,canonical,canonical,window_starts_too_late(h31>30),0-3,0-3,1029.0,8.0,0.011527,0.712342,,
1,66,6369,ENSG00000197448,ENSOANG00000003505,66.3717,ENST00000358406,ENSOANT00000056011,canonical,canonical,pass,0-5,0-5,208.0,3.0,0.079646,0.721154,7.0,5.0
1,67,4620,ENSG00000163749,ENSOANG00000003480,66.786,ENST00000682701,ENSOANT00000048833,canonical,canonical,window_starts_too_late(h41>30),0-4,0-4,1115.0,11.0,0.079273,0.679821,,
1,68,3891,ENSG00000149573,ENSOANG00000005346,68.8372,ENST00000278937,ENSOANT00000008511,canonical,canonical,pass,0-7,0-7,210.0,5.0,0.023256,0.714286,8.0,7.0
1,69,3418,ENSG00000140931,ENSOANG00000036392,64.8352,ENST00000567572,ENSOANT00000063464,canonical,canonical,pass,0-5,0-5,173.0,4.0,0.049451,0.687861,22.0,15.0
1,70,2625,ENSG00000069849,ENSOANG00000038147,67.3835,ENST00000286371,ENSOANT00000072816,canonical,canonical,pass,0-239,0-239,279.0,2.0,0.003571,0.673835,0.0,0.0
1,71,3790,ENSG00000147679,ENSOANG00000004878,70.2811,ENST00000309822,ENSOANT00000007731,canonical,canonical,pass,0-189,69-258,247.0,4.0,0.228125,0.728745,0.0,69.0
1,72,3036,ENSG00000135900,ENSOANG00000009738,69.8795,ENST00000258383,ENSOANT00000015454,canonical,canonical,window_starts_too_late(h53>30),0-9,0-9,326.0,5.0,0.038348,0.714724,,
1,73,1084,ENSG00000101190,ENSOANG00000004974,67.8,ENST00000335351,ENSOANT00000007888,canonical,canonical,pass,0-17,0-17,494.0,15.0,0.085185,0.726721,27.0,39.0
1,74,3722,ENSG00000146233,ENSOANG00000008272,66.3113,ENST00000275016,ENSOANT00000013148,canonical,canonical,pass,0-13,0-13,468.0,3.0,0.002132,0.688034,14.0,13.0
1,75,2572,ENSG00000128272,ENSOANG00000011026,72.3647,ENST00000674920,ENSOANT00000017470,canonical,canonical,pass,0-107,0-107,346.0,9.0,0.064865,0.742775,0.0,0.0
1,76,1500,ENSG00000107897,ENSOANG00000006034,69.5238,ENST00000396271,ENSOANT00000057254,canonical,canonical,window_starts_too_late(h35>30),35-163,0-128,481.0,6.0,0.08381,0.758836,,
1,77,2519,ENSG00000126861,ENSOANG00000005670,65.0,ENST00000247271,ENSOANT00000009024,canonical,canonical,no_start_codon_platypus(TTG),,,,,,,,
1,78,308,ENSG00000051620,ENSOANG00000049313,66.8293,ENST00000607197,ENSOANT00000064331,canonical,canonical,window_starts_too_late(h33>30),0-24,0-24,204.0,4.0,0.101322,0.696078,,
1,79,6176,ENSG00000187535,ENSOANG00000001815,72.3666,ENST00000426508,ENSOANT00000002881,canonical,canonical,pass,0-363,0-363,1374.0,8.0,0.060192,0.773654,0.0,0.0
1,80,6440,ENSG00000198570,ENSOANG00000046905,67.1795,ENST00000680073,ENSOANT00000057290,canonical,canonical,pass,0-151,0-151,195.0,2.0,0.010152,0.671795,0.0,0.0
1,81,257,ENSG00000041802,ENSOANG00000012742,65.0456,ENST00000265245,ENSOANT00000060276,canonical,canonical,window_starts_too_late(h70>30),0-2,0-2,627.0,12.0,0.061377,0.700159,,
1,82,851,ENSG00000092036,ENSOANG00000010721,69.697,ENST00000541587,ENSOANT00000017004,canonical,canonical,pass,0-130,0-130,363.0,2.0,0.005479,0.69697,0.0,0.0
1,83,4480,ENSG00000105639,ENSOANG00000005345,69.573,ENST00000458235,ENSOANT00000008512,canonical,canonical,pass,0-30,0-30,1103.0,5.0,0.018683,0.710789,0.0,0.0
1,84,145,ENSG00000014138,ENSOANG00000014222,66.8896,ENST00000265465,ENSOANT00000048135,canonical,canonical,pass,0-19,134-153,571.0,10.0,0.248684,0.705779,19.0,156.0
1,85,5960,ENSG00000183287,ENSOANG00000048648,72.6601,ENST00000439986,ENSOANT00000062620,canonical,canonical,window_starts_too_late(h70>30),0-15,0-15,359.0,5.0,0.115764,0.821727,,
1,86,3795,ENSG00000147813,ENSOANG00000037934,72.119,ENST00000449291,ENSOANT00000054537,canonical,canonical,pass,0-2,0-2,526.0,5.0,0.022305,0.739544,7.0,2.0
1,87,3269,ENSG00000138434,ENSOANG00000003629,69.1819,ENST00000431877,ENSOANT00000005759,canonical,canonical,window_starts_too_late(h50>30),0-11,55-66,1239.0,18.0,0.056359,0.718321,,
1,88,3652,ENSG00000064309,ENSOANG00000003430,68.75,ENST00000531738,ENSOANT00000060412,canonical,canonical,pass,0-943,25-968,1242.0,10.0,0.028929,0.704509,0.0,25.0
1,89,114,ENSG00000010292,ENSOANG00000003013,69.6645,ENST00000315579,ENSOANT00000074332,canonical,canonical,pass,0-136,0-136,1358.0,19.0,0.030692,0.726068,0.0,0.0
1,90,5803,ENSG00000179958,ENSOANG00000012011,65.2941,ENST00000319285,ENSOANT00000019025,canonical,canonical,pass,0-4,0-4,162.0,7.0,0.063584,0.722222,22.0,18.0
1,91,2160,ENSG00000119698,ENSOANG00000011245,70.1031,ENST00000304338,ENSOANT00000017818,canonical,canonical,pass,0-681,0-681,857.0,6.0,0.018328,0.715286,0.0,0.0
1,92,2254,ENSG00000121316,ENSOANG00000007338,65.0995,ENST00000240617,ENSOANT00000011685,canonical,canonical,no_start_codon_platypus(ATA),,,,,,,,
1,93,5220,ENSG00000100060,ENSOANG00000015105,67.6012,ENST00000356998,ENSOANT00000023790,canonical,canonical,pass,0-30,0-30,298.0,4.0,0.071651,0.728188,0.0,0.0
1,94,4554,ENSG00000122367,ENSOANG00000008906,72.4897,ENST00000361373,ENSOANT00000068611,canonical,canonical,pass,0-107,0-107,703.0,17.0,0.095238,0.765292,0.0,0.0
1,95,2860,ENSG00000133226,ENSOANG00000002202,72.2345,ENST00000323848,ENSOANT00000003490,canonical,canonical,window_starts_too_late(h83>30),83-306,0-223,722.0,8.0,0.201327,0.907202,,
1,96,3128,ENSG00000136877,ENSOANG00000008391,70.6985,ENST00000373247,ENSOANT00000013337,canonical,canonical,window_starts_too_late(h44>30),0-1,0-1,568.0,5.0,0.032368,0.742958,,
1,97,600,ENSG00000076650,ENSOANG00000012732,69.2803,ENST00000170564,ENSOANT00000020153,canonical,canonical,pass,0-2,0-2,891.0,11.0,0.042965,0.732884,2.0,8.0
1,98,4006,ENSG00000140368,ENSOANG00000007549,68.5096,ENST00000558012,ENSOANT00000049802,canonical,canonical,pass,1-325,0-324,406.0,8.0,0.10177,0.706897,1.0,0.0
1,99,2299,ENSG00000122512,ENSOANG00000001944,70.3016,ENST00000265849,ENSOANT00000056613,canonical,canonical,pass,0-4,0-4,852.0,13.0,0.103158,0.723005,4.0,77.0
1,100,5694,ENSG00000177694,ENSOANG00000049145,72.5786,ENST00000454872,ENSOANT00000030842,canonical,canonical,pass,0-7,0-7,788.0,2.0,0.008805,0.734772,14.0,7.0
1,101,6466,ENSG00000198746,ENSOANG00000039186,68.0,ENST00000361720,ENSOANT00000056956,canonical,canonical,pass,0-4,0-4,485.0,11.0,0.07619,0.758763,4.0,10.0
1,102,1588,ENSG00000109576,ENSOANG00000007439,69.1765,ENST00000337664,ENSOANT00000011849,canonical,canonical,pass,0-425,0-425,425.0,1.0,0.0,0.717647,0.0,0.0
1,103,2322,ENSG00000123064,ENSOANG00000046705,70.6016,ENST00000306014,ENSOANT00000076883,canonical,canonical,window_starts_too_late(h34>30),0-3,0-3,845.0,14.0,0.040863,0.753846,,
1,104,2166,ENSG00000119725,ENSOANG00000040286,66.5272,ENST00000555044,ENSOANT00000049351,canonical,canonical,pass,0-211,0-211,448.0,7.0,0.100402,0.734375,0.0,0.0
1,105,3051,ENSG00000135972,ENSOANG00000012373,71.2121,ENST00000258455,ENSOANT00000019583,canonical,canonical,window_starts_too_late(h36>30),0-4,29-33,385.0,6.0,0.074519,0.753247,,
1,106,1464,ENSG00000107249,ENSOANG00000014997,67.2043,ENST00000381971,ENSOANT00000023607,canonical,canonical,window_starts_too_late(h155>30),155-237,0-82,768.0,5.0,0.174194,0.813802,,
1,107,788,ENSG00000088766,ENSOANG00000041110,68.7708,ENST00000378863,ENSOANT00000048470,canonical,canonical,window_starts_too_late(h100>30),0-17,0-17,275.0,10.0,0.086379,0.792727,,
1,108,4561,ENSG00000128805,ENSOANG00000013846,68.6246,ENST00000249601,ENSOANT00000021834,canonical,canonical,pass,0-2,0-2,684.0,16.0,0.051318,0.73538,11.0,17.0
1,109,6957,ENSG00000293543,ENSOANG00000046388,69.1489,ENST00000713560,ENSOANT00000058170,canonical,canonical,pass,0-2,0-2,185.0,3.0,0.015957,0.718919,11.0,10.0
1,110,446,ENSG00000066827,ENSOANG00000010056,69.9115,ENST00000377838,ENSOANT00000075502,canonical,canonical,pass,12-52,0-40,1179.0,16.0,0.051488,0.743851,12.0,0.0
1,111,5763,ENSG00000179091,ENSOANG00000038322,71.6923,ENST00000318911,ENSOANT00000050711,canonical,canonical,window_starts_too_late(h33>30),0-19,0-19,324.0,3.0,0.04142,0.787037,,
1,112,36,ENSG00000123388,ENSOANG00000013040,70.7237,ENST00000546378,ENSOANT00000020618,canonical,canonical,pass,0-93,0-93,296.0,8.0,0.026316,0.753378,0.0,0.0
1,113,2814,ENSG00000132561,ENSOANG00000003682,69.7699,ENST00000254898,ENSOANT00000054164,canonical,canonical,pass,0-14,0-14,888.0,6.0,0.07113,0.753378,15.0,14.0
1,114,1165,ENSG00000102760,ENSOANG00000004628,70.073,ENST00000379359,ENSOANT00000016947,canonical,canonical,no_start_codon_platypus(CCT),,,,,,,,
1,115,4730,ENSG00000164494,ENSOANG00000000783,72.4311,ENST00000369037,ENSOANT00000001215,canonical,canonical,window_starts_too_late(h38>30),0-7,0-7,382.0,5.0,0.042607,0.769634,,
1,116,5537,ENSG00000174796,ENSOANG00000050194,70.2703,ENST00000311638,ENSOANT00000073336,canonical,canonical,pass,0-207,0-207,218.0,2.0,0.018018,0.715596,0.0,0.0
1,117,6273,ENSG00000189306,ENSOANG00000015007,65.0,ENST00000323013,ENSOANT00000023628,canonical,canonical,pass,0-3,0-3,280.0,4.0,0.02439,0.660714,12.0,17.0
1,118,3799,ENSG00000147912,ENSOANG00000007574,66.7364,ENST00000432825,ENSOANT00000012072,canonical,canonical,pass,0-291,3-294,947.0,13.0,0.019669,0.68849,0.0,3.0
1,119,4350,ENSG00000160049,ENSOANG00000002798,67.0695,ENST00000377038,ENSOANT00000004455,canonical,canonical,pass,0-6,0-6,321.0,6.0,0.030211,0.694704,11.0,6.0
1,120,6612,ENSG00000205730,ENSOANG00000038067,66.9159,ENST00000381440,ENSOANT00000048023,canonical,canonical,pass,0-35,0-35,517.0,8.0,0.033645,0.694391,0.0,0.0
1,121,4658,ENSG00000163956,ENSOANG00000043402,64.7059,ENST00000650182,ENSOANT00000057341,canonical,canonical,window_starts_too_late(h47>30),0-21,0-21,346.0,5.0,0.030812,0.676301,,
1,122,5726,ENSG00000178409,ENSOANG00000050605,72.7053,ENST00000369042,ENSOANT00000056028,canonical,canonical,pass,0-14,0-14,819.0,11.0,0.055363,0.737485,24.0,33.0
1,123,4798,ENSG00000165138,ENSOANG00000014874,72.4455,ENST00000353234,ENSOANT00000023418,canonical,canonical,window_starts_too_late(h69>30),0-4,0-4,832.0,13.0,0.044776,0.765625,,
1,124,3785,ENSG00000147642,ENSOANG00000007367,65.7617,ENST00000276646,ENSOANT00000066904,canonical,canonical,pass,0-177,133-310,648.0,10.0,0.199011,0.682099,0.0,133.0
1,125,2246,ENSG00000138439,ENSOANG00000036215,71.3073,ENST00000392238,ENSOANT00000075793,canonical,canonical,pass,0-11,89-100,547.0,11.0,0.1493,0.771481,12.0,100.0
1,126,2544,ENSG00000127564,ENSOANG00000006251,66.9339,ENST00000262300,ENSOANT00000055764,canonical,canonical,pass,9-384,0-375,449.0,9.0,0.171587,0.746102,9.0,0.0
2,0,1866,ENSG00000114446,ENSOANG00000007495,78.5548,ENST00000264538,ENSOANT00000011935,canonical,canonical,pass,0-7,0-7,415.0,3.0,0.032634,0.819277,29.0,15.0
2,1,24,ENSG00000004534,ENSOANG00000031085,76.5806,ENST00000266022,ENSOANT00000010465,canonical,canonical,pass,0-30,0-30,1113.0,18.0,0.062342,0.778077,0.0,0.0
2,2,5815,ENSG00000066230,ENSOANG00000014871,78.5372,ENST00000264938,ENSOANT00000057395,canonical,canonical,window_starts_too_late(h40>30),0-1,0-1,822.0,18.0,0.196481,0.823601,,
2,3,5097,ENSG00000168237,ENSOANG00000013690,73.4226,ENST00000436784,ENSOANT00000021588,canonical,canonical,pass,0-12,0-12,519.0,5.0,0.007648,0.749518,20.0,19.0
2,4,6261,ENSG00000187837,ENSOANG00000047788,80.2817,ENST00000343677,ENSOANT00000064057,canonical,canonical,pass,0-5,0-5,211.0,10.0,0.074561,0.838863,26.0,30.0
2,5,6716,ENSG00000223802,ENSOANG00000004570,75.4286,ENST00000623882,ENSOANT00000007243,canonical,canonical,pass,0-4,0-4,341.0,4.0,0.025714,0.791789,12.0,4.0
2,6,6471,ENSG00000198774,ENSOANG00000006646,77.2414,ENST00000361228,ENSOANT00000010601,canonical,canonical,pass,0-435,0-435,435.0,1.0,0.0,0.772414,0.0,0.0
2,7,3720,ENSG00000146215,ENSOANG00000007234,75.9804,ENST00000372569,ENSOANT00000011512,canonical,canonical,pass,0-114,0-114,204.0,2.0,0.014493,0.759804,0.0,0.0
2,8,5846,ENSG00000180902,ENSOANG00000000857,73.3205,ENST00000321264,ENSOANT00000001327,canonical,canonical,window_starts_too_late(h35>30),0-1,0-1,521.0,8.0,0.069643,0.752399,,
2,9,6195,ENSG00000187796,ENSOANG00000000626,73.5075,ENST00000371732,ENSOANT00000067516,canonical,canonical,pass,0-444,74-518,536.0,2.0,0.12275,0.735075,0.0,74.0
2,10,1528,ENSG00000108423,ENSOANG00000002225,78.3664,ENST00000325752,ENSOANT00000003529,canonical,canonical,pass,0-453,0-453,453.0,1.0,0.0,0.788079,0.0,0.0
2,11,1963,ENSG00000115942,ENSOANG00000010096,75.7366,ENST00000234296,ENSOANT00000016006,canonical,canonical,pass,0-92,69-161,577.0,3.0,0.115031,0.759099,0.0,69.0
2,12,3747,ENSG00000146828,ENSOANG00000046393,77.8993,ENST00000354161,ENSOANT00000071375,canonical,canonical,pass,0-1,0-1,844.0,16.0,0.076586,0.850711,21.0,18.0
2,13,672,ENSG00000080819,ENSOANG00000007535,73.7885,ENST00000647941,ENSOANT00000012007,canonical,canonical,window_starts_too_late(h119>30),0-2,0-2,445.0,12.0,0.212389,0.764045,,
2,14,4781,ENSG00000164976,ENSOANG00000006865,75.7703,ENST00000297625,ENSOANT00000010943,canonical,canonical,no_start_codon_platypus(CGC),,,,,,,,
2,15,5159,ENSG00000168924,ENSOANG00000005820,75.2368,ENST00000302787,ENSOANT00000056577,canonical,canonical,window_starts_too_late(h88>30),0-8,0-8,725.0,11.0,0.039735,0.769655,,
2,16,3715,ENSG00000146090,ENSOANG00000010229,74.8927,ENST00000361132,ENSOANT00000016223,canonical,canonical,pass,9-175,0-166,456.0,4.0,0.021459,0.826754,9.0,0.0
2,17,5881,ENSG00000181827,ENSOANG00000008526,75.5479,ENST00000559447,ENSOANT00000013573,canonical,canonical,pass,0-4,0-4,1447.0,13.0,0.01296,0.761576,25.0,20.0
2,18,4478,ENSG00000022567,ENSOANG00000009761,76.9802,ENST00000517878,ENSOANT00000015489,canonical,canonical,pass,0-35,0-35,766.0,8.0,0.05198,0.821149,0.0,0.0
2,19,1493,ENSG00000107833,ENSOANG00000039490,75.2809,ENST00000370110,ENSOANT00000056669,canonical,canonical,pass,0-10,0-10,175.0,6.0,0.033149,0.811429,27.0,32.0
2,20,6605,ENSG00000168389,ENSOANG00000002711,76.4151,ENST00000372811,ENSOANT00000004312,canonical,canonical,window_starts_too_late(h35>30),0-25,0-25,516.0,5.0,0.026415,0.784884,,
2,21,3516,ENSG00000142751,ENSOANG00000048781,80.3226,ENST00000374135,ENSOANT00000057000,canonical,canonical,pass,0-1,0-1,304.0,4.0,0.13881,0.825658,3.0,1.0
2,22,3408,ENSG00000140740,ENSOANG00000003259,80.3532,ENST00000268379,ENSOANT00000005169,canonical,canonical,pass,0-11,72-83,453.0,2.0,0.138783,0.807947,11.0,84.0
2,23,5091,ENSG00000168143,ENSOANG00000013832,76.5579,ENST00000306858,ENSOANT00000021809,canonical,canonical,pass,0-623,0-623,1002.0,10.0,0.008902,0.778443,0.0,0.0
2,24,6286,ENSG00000012171,ENSOANG00000047686,75.0334,ENST00000616701,ENSOANT00000071764,canonical,canonical,pass,0-1,0-1,740.0,10.0,0.031414,0.768919,14.0,11.0
2,25,3733,ENSG00000146425,ENSOANG00000005209,76.1062,ENST00000367089,ENSOANT00000008278,canonical,canonical,pass,0-1,0-1,110.0,3.0,0.043478,0.790909,22.0,24.0
2,26,964,ENSG00000100207,ENSOANG00000049101,74.6939,ENST00000677622,ENSOANT00000048456,canonical,canonical,pass,0-33,0-33,1900.0,43.0,0.041856,0.773684,0.0,0.0
2,27,4657,ENSG00000163950,ENSOANG00000014243,78.5185,ENST00000489418,ENSOANT00000022453,canonical,canonical,window_starts_too_late(h44>30),0-1,0-1,265.0,11.0,0.267956,0.807547,,
2,28,2146,ENSG00000119471,ENSOANG00000011531,80.1435,ENST00000398805,ENSOANT00000018277,canonical,canonical,pass,0-294,79-373,417.0,2.0,0.159274,0.803357,0.0,79.0
2,29,4780,ENSG00000164975,ENSOANG00000010116,73.7226,ENST00000380821,ENSOANT00000016039,canonical,canonical,pass,0-6,0-6,400.0,6.0,0.026764,0.765,27.0,21.0
2,30,4132,ENSG00000155189,ENSOANG00000037958,79.6703,ENST00000285518,ENSOANT00000071665,canonical,canonical,pass,0-44,0-44,364.0,3.0,0.005464,0.796703,0.0,0.0
2,31,1209,ENSG00000103194,ENSOANG00000011345,79.8246,ENST00000219473,ENSOANT00000050918,canonical,canonical,pass,0-6,0-6,797.0,6.0,0.055687,0.801757,6.0,18.0
2,32,4911,ENSG00000166192,ENSOANG00000001976,79.717,ENST00000340912,ENSOANT00000003138,canonical,canonical,pass,0-212,0-212,212.0,1.0,0.0,0.79717,0.0,0.0
2,33,4328,ENSG00000127249,ENSOANG00000040503,74.1639,ENST00000342695,ENSOANT00000065478,canonical,canonical,no_start_codon_platypus(CTA),,,,,,,,
2,34,6863,ENSG00000257727,ENSOANG00000036646,76.3736,ENST00000273308,ENSOANT00000053675,canonical,canonical,no_start_codon_platypus(TGG),,,,,,,,
2,35,1410,ENSG00000106144,ENSOANG00000003502,77.2124,ENST00000310447,ENSOANT00000005546,canonical,canonical,no_start_codon_platypus(CAC),,,,,,,,
2,36,6139,ENSG00000186468,ENSOANG00000012718,78.3217,ENST00000296674,ENSOANT00000065425,canonical,canonical,window_starts_too_late(h33>30),0-3,0-3,143.0,4.0,0.281407,0.825175,,
2,37,1508,ENSG00000108010,ENSOANG00000044992,78.5075,ENST00000331244,ENSOANT00000057655,canonical,canonical,pass,0-1,0-1,334.0,5.0,0.200957,0.793413,8.0,90.0
2,38,1932,ENSG00000115486,ENSOANG00000003061,76.1214,ENST00000233838,ENSOANT00000004850,canonical,canonical,pass,0-1,0-1,752.0,6.0,0.007916,0.776596,12.0,7.0
2,39,4862,ENSG00000141873,ENSOANG00000039451,75.1592,ENST00000269740,ENSOANT00000071101,canonical,canonical,pass,0-1,0-1,313.0,3.0,0.006349,0.760383,2.0,1.0
2,40,4796,ENSG00000165124,ENSOANG00000006970,75.077,ENST00000374469,ENSOANT00000074252,canonical,canonical,pass,0-48,0-48,3567.0,9.0,0.046002,0.754696,0.0,0.0
2,41,996,ENSG00000078687,ENSOANG00000009758,75.8781,ENST00000696270,ENSOANT00000068425,canonical,canonical,no_start_codon_platypus(TCG),,,,,,,,
2,42,2018,ENSG00000116754,ENSOANG00000015528,75.4132,ENST00000370949,ENSOANT00000024465,canonical,canonical,window_starts_too_late(h109>30),0-1,0-1,405.0,5.0,0.163223,0.896296,,
2,43,5263,ENSG00000170385,ENSOANG00000008479,74.5562,ENST00000367001,ENSOANT00000013490,canonical,canonical,pass,0-157,0-157,495.0,7.0,0.023669,0.769697,0.0,0.0
2,44,4043,ENSG00000020181,ENSOANG00000043495,79.7459,ENST00000412232,ENSOANT00000071116,canonical,canonical,window_starts_too_late(h58>30),0-13,0-13,1320.0,19.0,0.029412,0.818939,,
2,45,593,ENSG00000076053,ENSOANG00000001754,73.0337,ENST00000375490,ENSOANT00000055798,canonical,canonical,pass,0-102,19-121,265.0,5.0,0.092466,0.735849,0.0,19.0
2,46,1898,ENSG00000115109,ENSOANG00000012068,74.7613,ENST00000263713,ENSOANT00000071835,canonical,canonical,pass,0-405,0-405,727.0,10.0,0.067949,0.757909,0.0,0.0
2,47,1755,ENSG00000112320,ENSOANG00000048313,79.6105,ENST00000317357,ENSOANT00000076882,canonical,canonical,pass,0-223,0-223,862.0,20.0,0.076099,0.816705,0.0,0.0
2,48,5528,ENSG00000174611,ENSOANG00000050223,73.8275,ENST00000423778,ENSOANT00000067133,canonical,canonical,window_starts_too_late(h54>30),0-27,0-27,654.0,4.0,0.01059,0.746177,,
2,49,239,ENSG00000198948,ENSOANG00000007440,73.8386,ENST00000361618,ENSOANT00000030802,canonical,canonical,pass,0-96,0-96,406.0,7.0,0.051402,0.763547,0.0,0.0
2,50,322,ENSG00000054148,ENSOANG00000049298,74.4,ENST00000247665,ENSOANT00000075350,canonical,canonical,pass,0-36,0-36,124.0,2.0,0.008,0.75,0.0,0.0
2,51,2152,ENSG00000119630,ENSOANG00000047675,73.5294,ENST00000555567,ENSOANT00000075533,canonical,canonical,pass,3-39,0-36,167.0,2.0,0.223256,0.748503,3.0,0.0
2,52,5972,ENSG00000183495,ENSOANG00000006596,74.4156,ENST00000389561,ENSOANT00000061111,canonical,canonical,pass,0-245,0-245,3033.0,32.0,0.028818,0.768876,0.0,0.0
2,53,4618,ENSG00000163728,ENSOANG00000003676,76.7533,ENST00000296015,ENSOANT00000005833,canonical,canonical,pass,0-50,0-50,768.0,9.0,0.019157,0.773438,0.0,0.0
2,54,4955,ENSG00000166596,ENSOANG00000014112,76.129,ENST00000352665,ENSOANT00000022264,canonical,canonical,no_start_codon_platypus(CCC),,,,,,,,
2,55,1136,ENSG00000126217,ENSOANG00000015640,74.2222,ENST00000535094,ENSOANT00000066467,canonical,canonical,no_start_codon_platypus(GCT),,,,,,,,
2,56,4652,ENSG00000163933,ENSOANG00000022204,79.1128,ENST00000296292,ENSOANT00000032124,canonical,canonical,pass,0-212,0-212,539.0,3.0,0.003697,0.794063,0.0,0.0
2,57,2039,ENSG00000116984,ENSOANG00000048280,78.8142,ENST00000366577,ENSOANT00000052308,canonical,canonical,pass,0-1,0-1,1252.0,2.0,0.010277,0.797125,14.0,1.0
2,58,261,ENSG00000042286,ENSOANG00000012147,80.1609,ENST00000307864,ENSOANT00000019243,canonical,canonical,pass,0-9,56-65,372.0,2.0,0.130841,0.806452,10.0,65.0
2,59,3275,ENSG00000138495,ENSOANG00000037632,74.6032,ENST00000261070,ENSOANT00000074786,canonical,canonical,pass,0-16,0-16,63.0,2.0,0.030769,0.761905,16.0,18.0
2,60,1931,ENSG00000115468,ENSOANG00000036057,74.0586,ENST00000264059,ENSOANT00000063389,canonical,canonical,window_starts_too_late(h41>30),0-18,0-18,233.0,3.0,0.025105,0.763948,,
2,61,4142,ENSG00000155393,ENSOANG00000000588,80.1471,ENST00000299192,ENSOANT00000000929,canonical,canonical,window_starts_too_late(h36>30),0-28,83-111,678.0,4.0,0.116037,0.806785,,
2,62,4061,ENSG00000153391,ENSOANG00000001743,75.0,ENST00000334598,ENSOANT00000030610,canonical,canonical,pass,0-32,33-65,185.0,2.0,0.151376,0.783784,0.0,33.0
2,63,2453,ENSG00000125652,ENSOANG00000045418,73.3032,ENST00000245812,ENSOANT00000052872,canonical,canonical,pass,0-5,0-5,221.0,5.0,0.094262,0.746606,14.0,35.0
2,64,2352,ENSG00000123684,ENSOANG00000008481,80.2703,ENST00000366997,ENSOANT00000057210,canonical,canonical,pass,0-370,19-389,370.0,1.0,0.048843,0.802703,0.0,19.0
2,65,3731,ENSG00000146411,ENSOANG00000013096,77.1475,ENST00000275230,ENSOANT00000020701,canonical,canonical,pass,0-34,14-48,616.0,4.0,0.040498,0.777597,0.0,14.0
2,66,2732,ENSG00000131263,ENSOANG00000002027,73.5577,ENST00000332687,ENSOANT00000041766,canonical,canonical,pass,0-197,0-197,583.0,10.0,0.065705,0.794168,0.0,0.0
2,67,1715,ENSG00000111832,ENSOANG00000045892,74.0741,ENST00000466444,ENSOANT00000052684,canonical,canonical,pass,0-195,22-217,243.0,6.0,0.21865,0.744856,0.0,22.0
2,68,4882,ENSG00000165929,ENSOANG00000003814,77.1429,ENST00000435962,ENSOANT00000006057,canonical,canonical,pass,0-40,0-40,489.0,3.0,0.002041,0.777096,0.0,0.0
2,69,1357,ENSG00000105538,ENSOANG00000049908,79.2316,ENST00000222145,ENSOANT00000058548,canonical,canonical,pass,0-9,0-9,933.0,20.0,0.043077,0.838156,9.0,10.0
2,70,3423,ENSG00000140968,ENSOANG00000003741,79.8122,ENST00000268638,ENSOANT00000005938,canonical,canonical,pass,0-172,16-188,426.0,2.0,0.038375,0.798122,0.0,16.0
2,71,5940,ENSG00000183032,ENSOANG00000014067,79.9331,ENST00000331299,ENSOANT00000022188,canonical,canonical,pass,0-299,0-299,299.0,1.0,0.0,0.816054,0.0,0.0
2,72,6577,ENSG00000204859,ENSOANG00000012292,79.5058,ENST00000377674,ENSOANT00000019450,canonical,canonical,pass,0-127,0-127,668.0,6.0,0.02907,0.827844,0.0,0.0
2,73,6131,ENSG00000186132,ENSOANG00000039631,78.5714,ENST00000334816,ENSOANT00000054876,canonical,canonical,pass,0-126,0-126,126.0,1.0,0.0,0.801587,0.0,0.0
2,74,5773,ENSG00000179241,ENSOANG00000031345,73.913,ENST00000315571,ENSOANT00000057587,canonical,canonical,pass,0-2,0-2,345.0,7.0,0.033613,0.797101,14.0,18.0
2,75,917,ENSG00000086015,ENSOANG00000011786,72.97,ENST00000361297,ENSOANT00000054933,canonical,canonical,window_starts_too_late(h56>30),0-13,0-13,1692.0,27.0,0.059477,0.78487,,
2,76,5503,ENSG00000174238,ENSOANG00000002537,80.0,ENST00000313486,ENSOANT00000032199,canonical,canonical,no_start_codon_platypus(TTA),,,,,,,,
2,77,3738,ENSG00000146476,ENSOANG00000048494,73.0159,ENST00000367294,ENSOANT00000071610,canonical,canonical,pass,0-2,0-2,441.0,3.0,0.02,0.730159,2.0,10.0
2,78,6854,ENSG00000256061,ENSOANG00000008539,73.0952,ENST00000321149,ENSOANT00000013600,canonical,canonical,pass,0-201,0-201,418.0,2.0,0.007126,0.744019,0.0,0.0
2,79,5517,ENSG00000155052,ENSOANG00000013116,79.5715,ENST00000682447,ENSOANT00000073502,canonical,canonical,pass,0-1,0-1,1304.0,5.0,0.028316,0.80138,19.0,52.0
2,80,218,ENSG00000033030,ENSOANG00000006199,74.9646,ENST00000633063,ENSOANT00000009910,canonical,canonical,window_starts_too_late(h35>30),0-16,0-16,702.0,11.0,0.020921,0.760684,,
2,81,1083,ENSG00000101189,ENSOANG00000050356,78.4314,ENST00000370487,ENSOANT00000054195,canonical,canonical,pass,0-10,0-10,202.0,3.0,0.009804,0.836634,12.0,10.0
2,82,5368,ENSG00000172164,ENSOANG00000037104,73.4201,ENST00000517992,ENSOANT00000054594,canonical,canonical,window_starts_too_late(h89>30),0-4,0-4,503.0,6.0,0.065056,0.787276,,
2,83,493,ENSG00000070061,ENSOANG00000009880,73.5736,ENST00000374647,ENSOANT00000015670,canonical,canonical,pass,0-185,0-185,1288.0,6.0,0.033033,0.762422,0.0,0.0
2,84,5925,ENSG00000182747,ENSOANG00000005259,77.1635,ENST00000331858,ENSOANT00000008361,canonical,canonical,pass,0-1,0-1,412.0,6.0,0.014354,0.788835,2.0,1.0
2,85,4005,ENSG00000152223,ENSOANG00000014691,78.0535,ENST00000282041,ENSOANT00000023153,canonical,canonical,no_start_codon_platypus(TTT),,,,,,,,
2,86,5699,ENSG00000177791,ENSOANG00000014156,72.9097,ENST00000359322,ENSOANT00000022334,canonical,canonical,pass,0-23,0-23,293.0,6.0,0.020067,0.750853,23.0,24.0
2,87,162,ENSG00000018189,ENSOANG00000013695,74.1936,ENST00000381006,ENSOANT00000068548,canonical,canonical,window_starts_too_late(h57>30),0-2,0-2,606.0,15.0,0.173261,0.764026,,
2,88,616,ENSG00000077420,ENSOANG00000006030,74.1742,ENST00000376236,ENSOANT00000009596,canonical,canonical,pass,0-34,49-83,647.0,12.0,0.073066,0.76507,0.0,49.0
2,89,1459,ENSG00000107104,ENSOANG00000008293,78.5503,ENST00000382297,ENSOANT00000061740,canonical,canonical,pass,0-396,0-396,1348.0,6.0,0.009552,0.788576,0.0,0.0
2,90,4114,ENSG00000149294,ENSOANG00000012271,76.4569,ENST00000316851,ENSOANT00000064833,canonical,canonical,window_starts_too_late(h118>30),118-255,0-137,738.0,5.0,0.256048,0.888889,,
2,91,4459,ENSG00000162191,ENSOANG00000001565,80.4714,ENST00000301935,ENSOANT00000002495,canonical,canonical,pass,0-182,0-182,296.0,2.0,0.003367,0.827703,0.0,0.0
2,92,5594,ENSG00000175600,ENSOANG00000010701,79.4521,ENST00000335693,ENSOANT00000050610,canonical,canonical,pass,0-1,0-1,431.0,3.0,0.015982,0.809745,16.0,9.0
2,93,994,ENSG00000100350,ENSOANG00000007486,73.3918,ENST00000397224,ENSOANT00000011917,canonical,canonical,pass,0-3,0-3,673.0,5.0,0.016082,0.756315,18.0,18.0
2,94,6889,ENSG00000262919,ENSOANG00000000678,79.4355,ENST00000576892,ENSOANT00000001059,canonical,canonical,pass,0-3,0-3,244.0,2.0,0.016129,0.827869,7.0,3.0
2,95,1462,ENSG00000107186,ENSOANG00000013531,76.0387,ENST00000319217,ENSOANT00000048473,canonical,canonical,pass,0-63,0-63,2053.0,17.0,0.035244,0.769605,0.0,0.0
2,96,1398,ENSG00000105976,ENSOANG00000015031,77.3381,ENST00000397752,ENSOANT00000064836,canonical,canonical,pass,0-73,55-128,1380.0,4.0,0.039666,0.778986,0.0,55.0
2,97,6232,ENSG00000188716,ENSOANG00000031368,73.6364,ENST00000338487,ENSOANT00000041253,canonical,canonical,pass,0-17,0-17,211.0,3.0,0.040909,0.767773,25.0,17.0
2,98,3576,ENSG00000143653,ENSOANG00000010244,77.8555,ENST00000366510,ENSOANT00000016257,canonical,canonical,pass,0-37,0-37,429.0,2.0,0.002326,0.778555,0.0,0.0
2,99,1917,ENSG00000115286,ENSOANG00000014630,78.4038,ENST00000233627,ENSOANT00000023051,canonical,canonical,pass,0-2,0-2,206.0,7.0,0.185771,0.830097,22.0,58.0
2,100,14,ENSG00000003393,ENSOANG00000001687,79.4206,ENST00000264276,ENSOANT00000002699,canonical,canonical,pass,0-71,0-71,1628.0,13.0,0.017502,0.810197,0.0,0.0
2,101,208,ENSG00000029725,ENSOANG00000028473,75.29,ENST00000537505,ENSOANT00000070273,canonical,canonical,window_starts_too_late(h84>30),84-337,0-253,778.0,5.0,0.097448,0.835476,,
2,102,762,ENSG00000087088,ENSOANG00000039128,78.6458,ENST00000345358,ENSOANT00000061249,canonical,canonical,window_starts_too_late(h50>30),0-12,0-12,184.0,5.0,0.310861,0.842391,,
2,103,3930,ENSG00000118689,ENSOANG00000000768,78.7519,ENST00000406360,ENSOANT00000001192,canonical,canonical,pass,0-50,0-50,657.0,12.0,0.050578,0.818874,0.0,0.0
2,104,1563,ENSG00000177706,ENSOANG00000007003,76.3699,ENST00000313766,ENSOANT00000011160,canonical,canonical,pass,0-49,0-49,559.0,8.0,0.080592,0.810376,0.0,0.0
2,105,643,ENSG00000078808,ENSOANG00000004787,76.9014,ENST00000360001,ENSOANT00000007572,canonical,canonical,pass,0-355,0-355,355.0,1.0,0.0,0.771831,0.0,0.0
2,106,1321,ENSG00000105135,ENSOANG00000038696,77.8481,ENST00000263383,ENSOANT00000069186,canonical,canonical,pass,0-632,0-632,632.0,1.0,0.0,0.778481,0.0,0.0
2,107,3771,ENSG00000147465,ENSOANG00000013099,75.7895,ENST00000276449,ENSOANT00000073343,canonical,canonical,pass,0-1,0-1,285.0,4.0,0.07767,0.768421,15.0,38.0
3,0,636,ENSG00000078403,ENSOANG00000005699,85.8614,ENST00000307729,ENSOANT00000009070,canonical,canonical,pass,0-540,0-540,1042.0,5.0,0.024345,0.884837,0.0,0.0
3,1,5709,ENSG00000178031,ENSOANG00000009223,84.2792,ENST00000380548,ENSOANT00000014687,canonical,canonical,pass,0-995,0-995,1762.0,3.0,0.002265,0.847333,0.0,0.0
3,2,4071,ENSG00000115474,ENSOANG00000007779,87.7778,ENST00000233826,ENSOANT00000012392,canonical,canonical,pass,0-1,0-1,359.0,4.0,0.00554,0.883008,1.0,2.0
3,3,2743,ENSG00000131503,ENSOANG00000001493,85.9559,ENST00000360839,ENSOANT00000002372,canonical,canonical,pass,0-4,65-69,2517.0,22.0,0.055889,0.868097,4.0,76.0
3,4,930,ENSG00000135686,ENSOANG00000039074,84.5779,ENST00000564996,ENSOANT00000056060,canonical,canonical,pass,0-19,0-19,616.0,2.0,0.003236,0.845779,19.0,21.0
3,5,5717,ENSG00000178209,ENSOANG00000044463,80.6246,ENST00000345136,ENSOANT00000067433,canonical,canonical,window_starts_too_late(h87>30),0-11,0-11,4539.0,17.0,0.018807,0.812514,,
3,6,1999,ENSG00000034677,ENSOANG00000001803,86.5155,ENST00000341084,ENSOANT00000002865,canonical,canonical,pass,0-1,0-1,801.0,7.0,0.044153,0.910112,27.0,1.0
3,7,3633,ENSG00000144644,ENSOANG00000010531,82.3417,ENST00000282538,ENSOANT00000016696,canonical,canonical,pass,0-1,0-1,515.0,6.0,0.185127,0.850485,12.0,6.0
3,8,4779,ENSG00000164961,ENSOANG00000014093,84.8145,ENST00000318410,ENSOANT00000054570,canonical,canonical,pass,0-382,0-382,1146.0,15.0,0.124523,0.863002,0.0,0.0
3,9,6229,ENSG00000188647,ENSOANG00000005028,82.5871,ENST00000340434,ENSOANT00000007979,canonical,canonical,pass,0-280,0-280,401.0,4.0,0.065268,0.830424,0.0,0.0
3,10,476,ENSG00000068885,ENSOANG00000029045,81.2098,ENST00000326448,ENSOANT00000051076,canonical,canonical,window_starts_too_late(h80>30),0-1,0-1,753.0,9.0,0.096038,0.843293,,
3,11,1833,ENSG00000113734,ENSOANG00000046862,85.9649,ENST00000351486,ENSOANT00000067862,canonical,canonical,pass,0-228,0-228,228.0,1.0,0.0,0.859649,0.0,0.0
3,12,2045,ENSG00000117118,ENSOANG00000011731,86.0714,ENST00000375499,ENSOANT00000058017,canonical,canonical,pass,0-1,0-1,279.0,5.0,0.309406,0.88172,15.0,140.0
3,13,5742,ENSG00000178741,ENSOANG00000006532,82.0,ENST00000322347,ENSOANT00000010427,canonical,canonical,pass,0-17,89-106,146.0,2.0,0.378723,0.842466,21.0,106.0
3,14,3955,ENSG00000012232,ENSOANG00000051018,81.284,ENST00000220562,ENSOANT00000049009,canonical,canonical,pass,5-15,0-10,912.0,7.0,0.033898,0.817982,15.0,19.0
3,15,4307,ENSG00000159079,ENSOANG00000040755,83.1034,ENST00000290155,ENSOANT00000074772,canonical,canonical,pass,0-290,0-290,290.0,1.0,0.0,0.831034,0.0,0.0
3,16,175,ENSG00000020922,ENSOANG00000010399,85.8757,ENST00000323929,ENSOANT00000016494,canonical,canonical,pass,0-421,0-421,703.0,6.0,0.007062,0.863442,0.0,0.0
3,17,4326,ENSG00000159335,ENSOANG00000045022,86.2745,ENST00000309083,ENSOANT00000075806,canonical,canonical,pass,0-45,0-45,102.0,3.0,0.028571,0.892157,0.0,0.0
3,18,3933,ENSG00000188026,ENSOANG00000028489,87.5931,ENST00000376874,ENSOANT00000050734,canonical,canonical,pass,0-8,0-8,401.0,3.0,0.004963,0.880299,9.0,8.0
3,19,980,ENSG00000100296,ENSOANG00000005901,84.6266,ENST00000490103,ENSOANT00000009393,canonical,canonical,no_start_codon_platypus(GAC),,,,,,,,
3,20,2705,ENSG00000125703,ENSOANG00000008336,82.9694,ENST00000317868,ENSOANT00000013250,canonical,canonical,pass,0-53,0-53,457.0,4.0,0.004357,0.838074,0.0,0.0
3,21,1871,ENSG00000114541,ENSOANG00000000486,84.5261,ENST00000398540,ENSOANT00000073536,canonical,canonical,pass,0-568,0-568,1032.0,7.0,0.04797,0.84593,0.0,0.0
3,22,193,ENSG00000025434,ENSOANG00000006250,82.3266,ENST00000441012,ENSOANT00000010003,canonical,canonical,window_starts_too_late(h58>30),0-20,0-20,437.0,5.0,0.028889,0.851259,,
3,23,2279,ENSG00000122042,ENSOANG00000039422,85.4701,ENST00000380680,ENSOANT00000073663,canonical,canonical,pass,0-100,0-100,117.0,2.0,0.225166,0.880342,0.0,0.0
3,24,2591,ENSG00000128590,ENSOANG00000000836,82.0628,ENST00000249356,ENSOANT00000001294,canonical,canonical,pass,0-96,0-96,220.0,4.0,0.013453,0.831818,0.0,0.0
3,25,3398,ENSG00000140563,ENSOANG00000007231,84.1686,ENST00000357742,ENSOANT00000011508,canonical,canonical,pass,0-65,0-65,875.0,5.0,0.003417,0.846857,0.0,0.0
3,26,5697,ENSG00000177731,ENSOANG00000009871,85.8944,ENST00000327031,ENSOANT00000067745,canonical,canonical,pass,0-410,0-410,1253.0,8.0,0.027929,0.871508,0.0,0.0
3,27,5571,ENSG00000175224,ENSOANG00000006550,81.6364,ENST00000683050,ENSOANT00000050770,canonical,canonical,pass,0-262,67-329,480.0,3.0,0.127273,0.9375,0.0,67.0
3,28,6491,ENSG00000103460,ENSOANG00000013400,86.8056,ENST00000219746,ENSOANT00000075835,canonical,canonical,pass,0-443,0-443,567.0,5.0,0.015625,0.883598,0.0,0.0
3,29,4407,ENSG00000144426,ENSOANG00000011085,83.5476,ENST00000683969,ENSOANT00000017572,canonical,canonical,pass,0-366,0-366,2691.0,5.0,0.011752,0.84987,0.0,0.0
3,30,178,ENSG00000021776,ENSOANG00000002565,85.6566,ENST00000156471,ENSOANT00000004062,canonical,canonical,pass,0-956,0-956,1483.0,11.0,0.028178,0.86379,0.0,0.0
3,31,2046,ENSG00000117143,ENSOANG00000015694,81.6092,ENST00000367925,ENSOANT00000076107,canonical,canonical,pass,0-65,0-65,521.0,3.0,0.001916,0.817658,0.0,0.0
3,32,2068,ENSG00000101986,ENSOANG00000041560,83.8926,ENST00000218104,ENSOANT00000061273,canonical,canonical,pass,0-3,0-3,739.0,8.0,0.013351,0.85521,3.0,5.0
3,33,1487,ENSG00000107736,ENSOANG00000041676,82.6774,ENST00000224721,ENSOANT00000054261,canonical,canonical,pass,0-378,0-378,3316.0,6.0,0.01133,0.835947,0.0,0.0
3,34,1260,ENSG00000104142,ENSOANG00000001057,86.742,ENST00000220509,ENSOANT00000001682,canonical,canonical,pass,0-233,24-257,973.0,5.0,0.030876,0.86742,0.0,24.0
3,35,6819,ENSG00000248098,ENSOANG00000008790,84.9438,ENST00000269980,ENSOANT00000014013,canonical,canonical,pass,0-10,0-10,445.0,3.0,0.028384,0.849438,27.0,40.0
3,36,5811,ENSG00000180198,ENSOANG00000001180,84.0855,ENST00000683442,ENSOANT00000060586,canonical,canonical,pass,0-314,137-451,421.0,2.0,0.295987,0.84323,0.0,137.0
3,37,5185,ENSG00000105664,ENSOANG00000002729,82.5627,ENST00000222271,ENSOANT00000073112,canonical,canonical,pass,0-22,0-22,754.0,3.0,0.005277,0.828912,25.0,22.0
3,38,4190,ENSG00000156467,ENSOANG00000001416,87.3874,ENST00000287022,ENSOANT00000002245,canonical,canonical,pass,0-111,0-111,111.0,1.0,0.0,0.873874,0.0,0.0
3,39,6401,ENSG00000137478,ENSOANG00000008170,83.2432,ENST00000409418,ENSOANT00000049866,canonical,canonical,pass,0-714,0-714,740.0,4.0,0.094247,0.82973,0.0,0.0
3,40,1654,ENSG00000110917,ENSOANG00000046458,87.6712,ENST00000228506,ENSOANT00000051511,canonical,canonical,window_starts_too_late(h41>30),0-4,0-4,280.0,4.0,0.041096,0.914286,,
3,41,5786,ENSG00000179562,ENSOANG00000000822,84.2581,ENST00000321407,ENSOANT00000001276,canonical,canonical,pass,0-76,0-76,771.0,3.0,0.005161,0.848249,0.0,0.0
3,42,5400,ENSG00000172500,ENSOANG00000036560,83.4734,ENST00000357519,ENSOANT00000069136,canonical,canonical,pass,0-334,83-417,335.0,2.0,0.198565,0.916418,0.0,83.0
3,43,252,ENSG00000040199,ENSOANG00000008185,85.941,ENST00000568954,ENSOANT00000013007,canonical,canonical,pass,0-46,33-79,1316.0,5.0,0.029499,0.861702,0.0,33.0
3,44,2689,ENSG00000130560,ENSOANG00000005895,85.4321,ENST00000371756,ENSOANT00000009387,canonical,canonical,pass,0-9,0-9,405.0,2.0,0.012195,0.854321,9.0,14.0
3,45,4293,ENSG00000158747,ENSOANG00000041470,82.3204,ENST00000375136,ENSOANT00000070794,canonical,canonical,pass,0-12,0-12,171.0,4.0,0.055249,0.871345,12.0,13.0
3,46,2412,ENSG00000124767,ENSOANG00000039552,82.0652,ENST00000373365,ENSOANT00000076409,canonical,canonical,pass,0-9,0-9,184.0,2.0,0.05641,0.820652,9.0,20.0
3,47,4674,ENSG00000164080,ENSOANG00000012793,81.3224,ENST00000684192,ENSOANT00000040188,canonical,canonical,pass,0-30,0-30,1460.0,14.0,0.015509,0.822603,0.0,0.0
3,48,2726,ENSG00000131149,ENSOANG00000011355,81.2654,ENST00000253458,ENSOANT00000047351,canonical,canonical,pass,0-1,0-1,1204.0,16.0,0.063764,0.830565,1.0,74.0
3,49,5227,ENSG00000169895,ENSOANG00000014232,82.9545,ENST00000380155,ENSOANT00000022437,canonical,canonical,window_starts_too_late(h49>30),0-16,0-16,351.0,4.0,0.016807,0.849003,,
3,50,1076,ENSG00000090621,ENSOANG00000010001,87.1212,ENST00000372858,ENSOANT00000015858,canonical,canonical,pass,0-484,0-484,630.0,3.0,0.045455,0.915873,0.0,0.0
3,51,6713,ENSG00000221988,ENSOANG00000038201,84.7682,ENST00000324816,ENSOANT00000058261,canonical,canonical,window_starts_too_late(h35>30),0-1,0-1,297.0,5.0,0.02623,0.86532,,
3,52,2031,ENSG00000116885,ENSOANG00000002064,84.9604,ENST00000235532,ENSOANT00000058897,canonical,canonical,pass,0-37,0-37,379.0,2.0,0.025707,0.849604,0.0,0.0
3,53,2887,ENSG00000133935,ENSOANG00000005067,82.8571,ENST00000256319,ENSOANT00000008044,canonical,canonical,pass,0-140,0-140,140.0,1.0,0.255319,0.828571,0.0,0.0
3,54,2864,ENSG00000133313,ENSOANG00000013448,83.7895,ENST00000324262,ENSOANT00000021230,canonical,canonical,pass,0-475,0-475,475.0,1.0,0.0,0.837895,0.0,0.0
3,55,2308,ENSG00000122694,ENSOANG00000043736,86.3636,ENST00000377960,ENSOANT00000057311,canonical,canonical,pass,0-154,0-154,154.0,1.0,0.0,0.87013,0.0,0.0
3,56,914,ENSG00000118257,ENSOANG00000012962,83.2613,ENST00000357785,ENSOANT00000056346,canonical,canonical,pass,0-631,0-631,921.0,5.0,0.0054,0.837134,0.0,0.0
3,57,4640,ENSG00000163870,ENSOANG00000003056,81.7694,ENST00000355552,ENSOANT00000004839,canonical,canonical,pass,0-3,0-3,362.0,7.0,0.386441,0.883978,17.0,245.0
3,58,2552,ENSG00000127837,ENSOANG00000036228,82.4885,ENST00000248450,ENSOANT00000069599,canonical,canonical,pass,0-14,0-14,421.0,5.0,0.029954,0.852732,22.0,14.0
3,59,1824,ENSG00000113595,ENSOANG00000004723,87.4564,ENST00000231524,ENSOANT00000076475,canonical,canonical,pass,0-519,0-519,571.0,10.0,0.219945,0.882662,0.0,0.0
3,60,185,ENSG00000023318,ENSOANG00000002120,85.7143,ENST00000262455,ENSOANT00000003369,canonical,canonical,pass,0-406,0-406,406.0,1.0,0.0,0.857143,0.0,0.0
3,61,4767,ENSG00000164880,ENSOANG00000014932,86.0731,ENST00000404767,ENSOANT00000023508,canonical,canonical,pass,0-69,0-69,2182.0,6.0,0.004108,0.864803,0.0,0.0
3,62,5593,ENSG00000175595,ENSOANG00000020158,81.441,ENST00000311895,ENSOANT00000029402,canonical,canonical,pass,11-482,0-471,897.0,4.0,0.020742,0.835006,11.0,0.0
3,63,4290,ENSG00000158715,ENSOANG00000050608,84.2676,ENST00000367145,ENSOANT00000058511,canonical,canonical,pass,0-223,0-223,545.0,8.0,0.014467,0.858716,0.0,0.0
3,64,4651,ENSG00000163930,ENSOANG00000003247,86.0082,ENST00000460680,ENSOANT00000005146,canonical,canonical,pass,0-610,54-664,726.0,2.0,0.079848,0.873278,0.0,54.0
3,65,1800,ENSG00000143479,ENSOANG00000047064,81.2925,ENST00000367109,ENSOANT00000063516,canonical,canonical,pass,0-2,0-2,581.0,7.0,0.018581,0.822719,23.0,28.0
3,66,371,ENSG00000061455,ENSOANG00000001527,82.0168,ENST00000407847,ENSOANT00000002433,canonical,canonical,window_starts_too_late(h160>30),0-6,0-6,561.0,10.0,0.057143,0.869875,,
3,67,2696,ENSG00000130703,ENSOANG00000036569,81.875,ENST00000313733,ENSOANT00000049421,canonical,canonical,no_start_codon_platypus(AAA),,,,,,,,
3,68,3905,ENSG00000149823,ENSOANG00000036443,85.0384,ENST00000279281,ENSOANT00000075985,canonical,canonical,pass,0-1,0-1,779.0,4.0,0.006378,0.856226,14.0,13.0
3,69,1075,ENSG00000117016,ENSOANG00000021495,82.4675,ENST00000372684,ENSOANT00000031174,canonical,canonical,window_starts_too_late(h36>30),0-14,0-14,308.0,3.0,0.025316,0.844156,,
3,70,664,ENSG00000117758,ENSOANG00000008316,84.7826,ENST00000373943,ENSOANT00000013222,canonical,canonical,pass,0-13,37-50,274.0,3.0,0.127389,0.857664,13.0,53.0
3,71,4213,ENSG00000043355,ENSOANG00000041320,85.7143,ENST00000376335,ENSOANT00000072912,canonical,canonical,window_starts_too_late(h51>30),0-24,0-24,523.0,12.0,0.090435,0.877629,,
3,72,3917,ENSG00000131023,ENSOANG00000001067,87.9646,ENST00000543571,ENSOANT00000048523,canonical,canonical,pass,0-52,0-52,1126.0,12.0,0.013146,0.882771,0.0,0.0
3,73,1893,ENSG00000114988,ENSOANG00000015450,81.0345,ENST00000264963,ENSOANT00000074782,canonical,canonical,pass,0-2,0-2,342.0,7.0,0.129771,0.833333,26.0,61.0
3,74,1707,ENSG00000111726,ENSOANG00000011047,83.871,ENST00000229329,ENSOANT00000017504,canonical,canonical,window_starts_too_late(h39>30),0-7,0-7,427.0,4.0,0.016129,0.854801,,
3,75,4979,ENSG00000166889,ENSOANG00000011117,86.4935,ENST00000300146,ENSOANT00000071124,canonical,canonical,pass,0-114,0-114,766.0,6.0,0.009056,0.869452,0.0,0.0
3,76,1317,ENSG00000105058,ENSOANG00000037684,87.5,ENST00000263384,ENSOANT00000054497,canonical,canonical,pass,0-22,0-22,111.0,2.0,0.008929,0.873874,23.0,22.0
3,77,1902,ENSG00000115137,ENSOANG00000050168,81.685,ENST00000264711,ENSOANT00000064581,canonical,canonical,pass,0-262,0-262,262.0,1.0,0.040293,0.851145,0.0,0.0
3,78,6100,ENSG00000185633,ENSOANG00000044477,83.908,ENST00000554503,ENSOANT00000061936,canonical,canonical,pass,0-87,0-87,87.0,1.0,0.0,0.83908,0.0,0.0
3,79,5662,ENSG00000177000,ENSOANG00000002743,82.6219,ENST00000376590,ENSOANT00000004366,canonical,canonical,pass,0-12,0-12,646.0,3.0,0.015244,0.863777,15.0,12.0
3,80,2812,ENSG00000132549,ENSOANG00000013271,81.8864,ENST00000357162,ENSOANT00000065609,canonical,canonical,pass,0-376,0-376,3960.0,18.0,0.009257,0.827778,0.0,0.0
3,81,2994,ENSG00000135374,ENSOANG00000007396,83.1373,ENST00000257832,ENSOANT00000011774,canonical,canonical,pass,0-119,0-119,235.0,3.0,0.078431,0.902128,0.0,0.0
3,82,4617,ENSG00000163719,ENSOANG00000015207,82.3077,ENST00000296003,ENSOANT00000023950,canonical,canonical,pass,0-10,0-10,634.0,5.0,0.024615,0.842271,23.0,10.0
3,83,4474,ENSG00000162384,ENSOANG00000008992,83.125,ENST00000294360,ENSOANT00000014317,canonical,canonical,pass,0-160,0-160,160.0,1.0,0.0,0.83125,0.0,0.0
3,84,6546,ENSG00000204311,ENSOANG00000008632,86.9318,ENST00000644580,ENSOANT00000013761,canonical,canonical,pass,0-352,0-352,352.0,1.0,0.0,0.869318,0.0,0.0
3,85,1781,ENSG00000112874,ENSOANG00000005459,81.1688,ENST00000230792,ENSOANT00000054247,canonical,canonical,pass,0-1,0-1,461.0,5.0,0.121905,0.819957,3.0,66.0
3,86,520,ENSG00000071794,ENSOANG00000000614,80.6739,ENST00000310053,ENSOANT00000000968,canonical,canonical,pass,0-429,0-429,1007.0,3.0,0.001982,0.808342,0.0,0.0
3,87,1544,ENSG00000108599,ENSOANG00000012706,83.9879,ENST00000225737,ENSOANT00000029781,canonical,canonical,pass,22-188,0-166,639.0,4.0,0.034743,0.871674,22.0,0.0
3,88,4766,ENSG00000185015,ENSOANG00000002031,83.5878,ENST00000321764,ENSOANT00000003220,canonical,canonical,pass,0-262,75-337,262.0,1.0,0.224852,0.847328,0.0,75.0
3,89,5272,ENSG00000170502,ENSOANG00000009493,82.0,ENST00000302174,ENSOANT00000015083,canonical,canonical,pass,0-23,0-23,349.0,2.0,0.002857,0.816619,23.0,24.0
3,90,5506,ENSG00000061938,ENSOANG00000050920,81.2322,ENST00000672887,ENSOANT00000067688,canonical,canonical,pass,0-1,0-1,1008.0,21.0,0.11811,0.863095,3.0,69.0
3,91,1489,ENSG00000107745,ENSOANG00000001130,87.395,ENST00000361114,ENSOANT00000070561,canonical,canonical,pass,0-64,0-64,476.0,5.0,0.018557,0.87395,0.0,0.0
4,0,1951,ENSG00000115760,ENSOANG00000004758,92.7115,ENST00000421745,ENSOANT00000007531,canonical,canonical,pass,0-43,0-43,4856.0,9.0,0.01421,0.929572,0.0,0.0
4,1,1751,ENSG00000112306,ENSOANG00000001886,100.0,ENST00000230050,ENSOANT00000002991,canonical,canonical,pass,0-132,113-245,132.0,1.0,0.461224,1.0,0.0,113.0
4,2,6220,ENSG00000164548,ENSOANG00000014202,98.5816,ENST00000297071,ENSOANT00000022395,canonical,canonical,pass,0-282,0-282,282.0,1.0,0.0,0.985816,0.0,0.0
4,3,4355,ENSG00000160075,ENSOANG00000042602,89.6907,ENST00000291386,ENSOANT00000054612,canonical,canonical,pass,0-1,0-1,194.0,5.0,0.403077,0.907216,25.0,156.0
4,4,3111,ENSG00000136709,ENSOANG00000008958,93.8623,ENST00000322313,ENSOANT00000014269,canonical,canonical,pass,0-579,0-579,1323.0,8.0,0.009731,0.948602,0.0,0.0
4,5,6072,ENSG00000115216,ENSOANG00000013293,94.0187,ENST00000379852,ENSOANT00000050909,canonical,canonical,pass,0-220,0-220,534.0,3.0,0.01476,0.941948,0.0,0.0
4,6,1930,ENSG00000115464,ENSOANG00000012415,93.7112,ENST00000398571,ENSOANT00000019650,canonical,canonical,window_starts_too_late(h44>30),0-14,0-14,3515.0,6.0,0.008742,0.948506,,
4,7,1007,ENSG00000100412,ENSOANG00000003550,93.0769,ENST00000216254,ENSOANT00000005630,canonical,canonical,pass,0-1,0-1,780.0,5.0,0.007634,0.933333,15.0,19.0
4,8,3789,ENSG00000147677,ENSOANG00000004874,92.8977,ENST00000521861,ENSOANT00000007729,canonical,canonical,pass,0-7,0-7,352.0,5.0,0.1477,0.951705,28.0,89.0
4,9,5531,ENSG00000174695,ENSOANG00000014766,93.0556,ENST00000502346,ENSOANT00000023263,canonical,canonical,no_start_codon_platypus(AAT),,,,,,,,
4,10,3557,ENSG00000143376,ENSOANG00000041578,92.976,ENST00000458013,ENSOANT00000062503,canonical,canonical,window_starts_too_late(h33>30),0-25,0-25,532.0,3.0,0.016636,0.945489,,
4,11,6422,ENSG00000198276,ENSOANG00000004923,88.6861,ENST00000354216,ENSOANT00000007803,canonical,canonical,window_starts_too_late(h35>30),0-24,0-24,538.0,4.0,0.018248,0.908922,,
4,12,1915,ENSG00000115268,ENSOANG00000014514,100.0,ENST00000592588,ENSOANT00000022872,canonical,canonical,pass,0-145,0-145,145.0,1.0,0.0,1.0,0.0,0.0
4,13,2233,ENSG00000120837,ENSOANG00000040290,98.0676,ENST00000240055,ENSOANT00000076126,canonical,canonical,pass,0-1,0-1,207.0,2.0,0.450928,0.985507,1.0,171.0
4,14,4304,ENSG00000158966,ENSOANG00000008330,89.5604,ENST00000651257,ENSOANT00000064589,canonical,canonical,window_starts_too_late(h34>30),0-6,0-6,1246.0,11.0,0.021978,0.926164,,
4,15,3357,ENSG00000139926,ENSOANG00000013962,88.2637,ENST00000344768,ENSOANT00000022013,canonical,canonical,no_start_codon_platypus(GTG),,,,,,,,
4,16,1341,ENSG00000119699,ENSOANG00000046243,92.7184,ENST00000238682,ENSOANT00000065511,canonical,canonical,pass,0-412,135-547,412.0,1.0,0.246801,0.927184,0.0,135.0
4,17,2710,ENSG00000130811,ENSOANG00000028960,96.25,ENST00000253108,ENSOANT00000039178,canonical,canonical,pass,0-39,0-39,320.0,2.0,0.003115,0.9625,0.0,0.0
4,18,4157,ENSG00000155792,ENSOANG00000020439,89.731,ENST00000286234,ENSOANT00000029791,canonical,canonical,pass,0-3,0-3,402.0,2.0,0.017115,0.912935,10.0,3.0
4,19,385,ENSG00000063244,ENSOANG00000040411,98.1053,ENST00000308924,ENSOANT00000075699,canonical,canonical,no_start_codon_platypus(AGC),,,,,,,,
4,20,2151,ENSG00000119616,ENSOANG00000039099,96.4646,ENST00000341162,ENSOANT00000071415,canonical,canonical,pass,0-198,0-198,198.0,1.0,0.0,0.964646,0.0,0.0
4,21,2319,ENSG00000122966,ENSOANG00000046097,88.8352,ENST00000392521,ENSOANT00000065024,canonical,canonical,pass,0-608,0-608,2033.0,8.0,0.0174,0.903591,0.0,0.0
4,22,4159,ENSG00000062598,ENSOANG00000042410,90.1389,ENST00000290246,ENSOANT00000060422,canonical,canonical,pass,0-333,0-333,718.0,2.0,0.002778,0.9039,0.0,0.0
4,23,2592,ENSG00000136068,ENSOANG00000013849,89.1237,ENST00000295956,ENSOANT00000021840,canonical,canonical,pass,0-2602,61-2663,2602.0,1.0,0.022906,0.891238,0.0,61.0
4,24,1133,ENSG00000144233,ENSOANG00000042318,97.4194,ENST00000272647,ENSOANT00000065959,canonical,canonical,pass,0-310,0-310,310.0,1.0,0.0,0.974194,0.0,0.0
4,25,705,ENSG00000083799,ENSOANG00000013398,90.6904,ENST00000427738,ENSOANT00000058552,canonical,canonical,pass,0-304,0-304,953.0,3.0,0.008325,0.909759,0.0,0.0
4,26,2378,ENSG00000124214,ENSOANG00000006394,89.6014,ENST00000371856,ENSOANT00000010209,canonical,canonical,pass,0-68,0-68,577.0,4.0,0.17689,0.894281,0.0,0.0
4,27,1112,ENSG00000101557,ENSOANG00000007418,91.2955,ENST00000261601,ENSOANT00000011810,canonical,canonical,pass,0-230,5-235,493.0,2.0,0.01004,0.918864,0.0,5.0
4,28,2684,ENSG00000130517,ENSOANG00000009849,95.2153,ENST00000269919,ENSOANT00000015622,canonical,canonical,pass,0-209,0-209,209.0,1.0,0.0,0.952153,0.0,0.0
4,29,4015,ENSG00000152382,ENSOANG00000036382,91.6418,ENST00000367874,ENSOANT00000053522,canonical,canonical,pass,0-335,0-335,335.0,1.0,0.0,0.916418,0.0,0.0
4,30,1022,ENSG00000100522,ENSOANG00000049203,90.7609,ENST00000216410,ENSOANT00000047842,canonical,canonical,pass,0-184,0-184,184.0,1.0,0.005405,0.907609,0.0,0.0
4,31,4130,ENSG00000155099,ENSOANG00000049096,94.5525,ENST00000285419,ENSOANT00000048104,canonical,canonical,pass,0-257,0-257,257.0,1.0,0.0,0.945525,0.0,0.0
4,32,4220,ENSG00000157064,ENSOANG00000037011,97.3941,ENST00000287713,ENSOANT00000054581,canonical,canonical,pass,0-307,0-307,307.0,1.0,0.0,0.973941,0.0,0.0
4,33,1081,ENSG00000101161,ENSOANG00000004920,97.4495,ENST00000266079,ENSOANT00000007799,canonical,canonical,pass,0-941,0-941,941.0,1.0,0.0,0.974495,0.0,0.0
4,34,5842,ENSG00000180875,ENSOANG00000010275,88.0952,ENST00000318160,ENSOANT00000016313,canonical,canonical,pass,0-36,0-36,168.0,2.0,0.034483,0.880952,0.0,0.0
4,35,5941,ENSG00000183036,ENSOANG00000035160,88.7097,ENST00000328619,ENSOANT00000044294,canonical,canonical,pass,0-5,0-5,62.0,2.0,0.074627,0.919355,5.0,10.0
4,36,5511,ENSG00000174417,ENSOANG00000008318,88.9447,ENST00000518632,ENSOANT00000013224,canonical,canonical,pass,0-398,0-398,398.0,1.0,0.0,0.889447,0.0,0.0
4,37,2170,ENSG00000119820,ENSOANG00000004756,95.082,ENST00000238831,ENSOANT00000007530,canonical,canonical,pass,0-2,0-2,244.0,2.0,0.012146,0.95082,2.0,5.0
4,38,6016,ENSG00000138083,ENSOANG00000048536,92.7711,ENST00000260653,ENSOANT00000055006,canonical,canonical,pass,0-34,21-55,332.0,3.0,0.097826,0.927711,0.0,21.0
4,39,6354,ENSG00000197217,ENSOANG00000013881,88.6364,ENST00000358689,ENSOANT00000021895,canonical,canonical,pass,0-605,0-605,616.0,2.0,0.001621,0.887987,0.0,0.0
4,40,5319,ENSG00000166342,ENSOANG00000005834,90.2439,ENST00000327305,ENSOANT00000057273,canonical,canonical,pass,0-5,0-5,533.0,2.0,0.003738,0.902439,5.0,7.0
4,41,1564,ENSG00000136297,ENSOANG00000020170,89.0244,ENST00000401401,ENSOANT00000029418,canonical,canonical,pass,0-246,113-359,246.0,1.0,0.314763,0.890244,0.0,113.0
4,42,1884,ENSG00000114757,ENSOANG00000041655,88.6581,ENST00000467460,ENSOANT00000056193,canonical,canonical,window_starts_too_late(h31>30),0-6,0-6,620.0,6.0,0.034268,0.898387,,
4,43,3430,ENSG00000141030,ENSOANG00000001262,96.6903,ENST00000268717,ENSOANT00000073138,canonical,canonical,pass,0-408,120-528,423.0,3.0,0.284264,0.964539,0.0,120.0
4,44,5560,ENSG00000175115,ENSOANG00000041581,88.8889,ENST00000320580,ENSOANT00000068669,canonical,canonical,window_starts_too_late(h47>30),0-9,0-9,947.0,8.0,0.022704,0.904963,,
4,45,2405,ENSG00000124641,ENSOANG00000038647,91.5094,ENST00000265350,ENSOANT00000049481,canonical,canonical,pass,0-212,0-212,212.0,1.0,0.0,0.924528,0.0,0.0
4,46,775,ENSG00000087502,ENSOANG00000010582,90.9814,ENST00000360150,ENSOANT00000016771,canonical,canonical,pass,0-377,0-377,377.0,1.0,0.0,0.909814,0.0,0.0
4,47,829,ENSG00000090686,ENSOANG00000005928,92.1739,ENST00000308271,ENSOANT00000009435,canonical,canonical,pass,0-639,0-639,1035.0,3.0,0.00289,0.925604,0.0,0.0
4,48,2116,ENSG00000118939,ENSOANG00000006493,93.4783,ENST00000377595,ENSOANT00000054526,canonical,canonical,pass,0-158,0-158,230.0,2.0,0.217687,0.93913,0.0,0.0
4,49,2937,ENSG00000134748,ENSOANG00000009541,98.3974,ENST00000257181,ENSOANT00000015148,canonical,canonical,pass,0-312,0-312,312.0,1.0,0.0,0.983974,0.0,0.0
4,50,4432,ENSG00000161654,ENSOANG00000046842,89.2308,ENST00000293406,ENSOANT00000076015,canonical,canonical,pass,0-178,0-178,195.0,4.0,0.283088,0.923077,0.0,0.0
4,51,1952,ENSG00000115761,ENSOANG00000014497,90.5523,ENST00000381685,ENSOANT00000046818,canonical,canonical,pass,0-688,0-688,688.0,1.0,0.0,0.905523,0.0,0.0
4,52,4857,ENSG00000165724,ENSOANG00000051258,95.1542,ENST00000298585,ENSOANT00000069479,canonical,canonical,pass,0-227,0-227,227.0,1.0,0.0,0.951542,0.0,0.0
4,53,1507,ENSG00000107968,ENSOANG00000006044,90.7923,ENST00000263056,ENSOANT00000009628,canonical,canonical,pass,0-425,69-494,467.0,2.0,0.130354,0.907923,0.0,69.0
4,54,3529,ENSG00000143155,ENSOANG00000050237,89.3382,ENST00000367833,ENSOANT00000069953,canonical,canonical,pass,0-267,0-267,272.0,2.0,0.007299,0.897059,0.0,0.0
4,55,1696,ENSG00000111669,ENSOANG00000042133,90.3614,ENST00000396705,ENSOANT00000071838,canonical,canonical,pass,0-249,144-393,249.0,1.0,0.366412,0.903614,0.0,144.0
4,56,4624,ENSG00000163785,ENSOANG00000004663,89.1269,ENST00000623711,ENSOANT00000007394,canonical,canonical,window_starts_too_late(h59>30),0-2,0-2,586.0,8.0,0.034596,0.930034,,
4,57,727,ENSG00000085276,ENSOANG00000007585,91.7676,ENST00000651503,ENSOANT00000064582,canonical,canonical,window_starts_too_late(h38>30),0-16,0-16,1239.0,3.0,0.001612,0.917676,,
4,58,708,ENSG00000083937,ENSOANG00000048121,97.1831,ENST00000263780,ENSOANT00000062987,canonical,canonical,pass,0-195,0-195,213.0,2.0,0.004673,0.976526,0.0,0.0
4,59,98,ENSG00000008952,ENSOANG00000007659,89.2231,ENST00000337002,ENSOANT00000063686,canonical,canonical,pass,0-12,0-12,399.0,5.0,0.019656,0.892231,12.0,13.0
4,60,355,ENSG00000067842,ENSOANG00000000679,92.7869,ENST00000263519,ENSOANT00000001064,canonical,canonical,pass,0-18,0-18,1215.0,5.0,0.033413,0.933333,19.0,18.0
4,61,6065,ENSG00000177954,ENSOANG00000048281,100.0,ENST00000651669,ENSOANT00000064759,canonical,canonical,pass,0-84,0-84,84.0,1.0,0.0,1.0,0.0,0.0
4,62,6707,ENSG00000217930,ENSOANG00000010386,91.2,ENST00000318059,ENSOANT00000016476,canonical,canonical,pass,0-125,0-125,125.0,1.0,0.0,0.912,0.0,0.0
4,63,5221,ENSG00000169744,ENSOANG00000004866,97.8552,ENST00000304523,ENSOANT00000007715,canonical,canonical,pass,0-373,0-373,373.0,1.0,0.0,0.978552,0.0,0.0
4,64,2343,ENSG00000123395,ENSOANG00000046188,91.2844,ENST00000336854,ENSOANT00000070508,canonical,canonical,pass,0-218,0-218,218.0,1.0,0.0,0.912844,0.0,0.0
4,65,1239,ENSG00000103544,ENSOANG00000014308,88.162,ENST00000417362,ENSOANT00000022554,canonical,canonical,no_start_codon_platypus(CTC),,,,,,,,
4,66,5286,ENSG00000168280,ENSOANG00000011829,95.1933,ENST00000435030,ENSOANT00000018746,canonical,canonical,pass,0-956,0-956,957.0,2.0,0.002086,0.954023,0.0,0.0
4,67,1217,ENSG00000103266,ENSOANG00000044262,88.4488,ENST00000219548,ENSOANT00000075063,canonical,canonical,pass,0-8,44-52,303.0,4.0,0.187668,0.90099,17.0,78.0
4,68,4074,ENSG00000153879,ENSOANG00000008143,90.0,ENST00000284000,ENSOANT00000012940,canonical,canonical,pass,0-150,0-150,150.0,1.0,0.0,0.9,0.0,0.0
4,69,5045,ENSG00000167693,ENSOANG00000040222,91.954,ENST00000336868,ENSOANT00000069440,canonical,canonical,pass,0-18,0-18,435.0,4.0,0.035477,0.926437,18.0,20.0
4,70,640,ENSG00000162670,ENSOANG00000038759,94.2559,ENST00000367462,ENSOANT00000062538,canonical,canonical,pass,14-766,0-752,752.0,1.0,0.018277,0.960106,14.0,0.0
4,71,3859,ENSG00000148935,ENSOANG00000013127,91.0543,ENST00000454584,ENSOANT00000020745,canonical,canonical,pass,0-190,0-190,313.0,2.0,0.003185,0.910543,0.0,0.0
4,72,4305,ENSG00000109756,ENSOANG00000014970,92.8313,ENST00000691494,ENSOANT00000072790,canonical,canonical,window_starts_too_late(h34>30),34-1196,0-1162,1619.0,5.0,0.024699,0.953057,,
4,73,5471,ENSG00000173653,ENSOANG00000043531,88.7538,ENST00000309657,ENSOANT00000066222,canonical,canonical,pass,0-32,0-32,329.0,3.0,0.012012,0.884498,0.0,0.0
4,74,6167,ENSG00000187231,ENSOANG00000008646,96.6954,ENST00000428443,ENSOANT00000013783,canonical,canonical,pass,0-696,0-696,696.0,1.0,0.0,0.966954,0.0,0.0
4,75,3697,ENSG00000145860,ENSOANG00000012337,91.4027,ENST00000424310,ENSOANT00000019524,canonical,canonical,pass,0-622,40-662,662.0,4.0,0.080556,0.916918,0.0,40.0
4,76,1629,ENSG00000110321,ENSOANG00000015252,89.1952,ENST00000339995,ENSOANT00000067858,canonical,canonical,no_start_codon_human(GTG),,,,,,,,
4,77,4443,ENSG00000161980,ENSOANG00000039734,95.3704,ENST00000293860,ENSOANT00000069000,canonical,canonical,pass,0-108,0-108,108.0,1.0,0.0,0.953704,0.0,0.0
4,78,1821,ENSG00000113569,ENSOANG00000011539,90.2229,ENST00000231498,ENSOANT00000018289,canonical,canonical,pass,0-4,0-4,1387.0,5.0,0.002876,0.905552,7.0,4.0
4,79,1682,ENSG00000111481,ENSOANG00000043627,95.4802,ENST00000262061,ENSOANT00000051333,canonical,canonical,pass,0-4,0-4,177.0,2.0,0.032787,0.954802,4.0,10.0
4,80,5477,ENSG00000173744,ENSOANG00000004524,88.968,ENST00000310078,ENSOANT00000007178,canonical,canonical,pass,0-188,98-286,561.0,5.0,0.170118,0.905526,0.0,98.0
4,81,3057,ENSG00000136021,ENSOANG00000005585,90.0969,ENST00000360820,ENSOANT00000055563,canonical,canonical,pass,0-424,0-424,926.0,6.0,0.056065,0.903888,0.0,0.0
4,82,2922,ENSG00000134440,ENSOANG00000001717,91.9708,ENST00000256854,ENSOANT00000002742,canonical,canonical,pass,0-548,11-559,548.0,1.0,0.019678,0.919708,0.0,11.0
4,83,1652,ENSG00000110851,ENSOANG00000005526,90.5119,ENST00000228437,ENSOANT00000052224,canonical,canonical,pass,0-1,0-1,801.0,2.0,0.047562,0.906367,1.0,41.0
4,84,751,ENSG00000086475,ENSOANG00000015403,99.2347,ENST00000327347,ENSOANT00000024234,canonical,canonical,pass,0-392,0-392,392.0,1.0,0.0,0.992347,0.0,0.0
4,85,700,ENSG00000083307,ENSOANG00000004305,91.68,ENST00000646743,ENSOANT00000006834,canonical,canonical,pass,0-94,0-94,625.0,3.0,0.00319,0.9168,0.0,0.0
4,86,4993,ENSG00000167085,ENSOANG00000003080,98.1618,ENST00000300408,ENSOANT00000004874,canonical,canonical,pass,0-272,0-272,272.0,1.0,0.0,0.981618,0.0,0.0
4,87,1820,ENSG00000113558,ENSOANG00000048044,100.0,ENST00000353411,ENSOANT00000068148,canonical,canonical,pass,0-163,112-275,163.0,1.0,0.407273,1.0,0.0,112.0
4,88,1512,ENSG00000036257,ENSOANG00000012372,99.6094,ENST00000264414,ENSOANT00000019582,canonical,canonical,pass,0-768,0-768,768.0,1.0,0.0,0.996094,0.0,0.0
4,89,173,ENSG00000020426,ENSOANG00000009088,89.3204,ENST00000261245,ENSOANT00000065091,canonical,canonical,pass,0-309,0-309,309.0,1.0,0.0,0.899676,0.0,0.0
4,90,729,ENSG00000085382,ENSOANG00000010300,95.8196,ENST00000262903,ENSOANT00000064601,canonical,canonical,pass,0-400,0-400,908.0,3.0,0.0011,0.959251,0.0,0.0
4,91,5219,ENSG00000169727,ENSOANG00000036167,92.8131,ENST00000578552,ENSOANT00000055828,canonical,canonical,no_start_codon_platypus(CTC),,,,,,,,
4,92,1026,ENSG00000100554,ENSOANG00000045150,96.3563,ENST00000216442,ENSOANT00000063240,canonical,canonical,pass,0-247,0-247,247.0,1.0,0.0,0.963563,0.0,0.0
4,93,284,ENSG00000171848,ENSOANG00000005507,91.0026,ENST00000304567,ENSOANT00000008752,canonical,canonical,pass,0-15,23-38,389.0,3.0,0.078199,0.915167,15.0,42.0
4,94,4029,ENSG00000152642,ENSOANG00000036687,93.7322,ENST00000282541,ENSOANT00000050690,canonical,canonical,pass,0-351,0-351,351.0,1.0,0.0,0.937322,0.0,0.0
