site_set,condition,gc_class,n_sites_per_gene,level,base_level,d_A_n_genes,d_A_mean,d_A_median,d_A_sd,d_A_q25,d_A_q75,d_A_frac_improved
platy_not_human,add_a0.5,gc_up,89.4235849463037,49.00256455728076,44.37142860462797,400,4.631135952652785,4.584148565023021,6.948238179271353,0.4532539486177604,8.284207628747268,0.77
platy_not_human,add_a0.5,gc_down,55.34256459512709,32.558783308150815,36.53442025787548,400,-3.975636949724654,-3.781455338750476,6.887223716966939,-8.144266808903238,0.0504491154777007,0.2525
platy_not_human,add_a0.5,gc_neutral,44.89334768009768,43.690229377617534,42.23676446722318,400,1.453464910394352,0.9581143494187004,7.057509855484022,-2.4849125526738085,5.5177816898743455,0.5675
platy_not_human,add_a0.5_L24,gc_up,89.39259158549783,45.44842375387745,44.37142860462797,400,1.0769951492494831,1.0526174121872849,6.264278538146836,-2.4471590615627994,4.838624631272404,0.5775
platy_not_human,add_a0.5_L24,gc_down,55.41762426115551,34.42592775194039,36.53442025787548,400,-2.108492505935085,-1.839750066866774,6.928998642143619,-6.336576082936785,2.329444825359513,0.375
platy_not_human,add_a0.5_L24,gc_neutral,44.94225632006882,42.91294450189973,42.23676446722318,400,0.6761800346765537,0.429702878877741,6.81677162871688,-3.479119640479702,4.556748046098537,0.54
platy_not_human,add_a1.0,gc_up,89.53805916305915,53.79720560987383,44.37142860462797,400,9.425777005245852,8.421511600938832,8.362551613500619,3.9956569494766967,13.788857343396453,0.9075
platy_not_human,add_a1.0,gc_down,55.17779507298258,29.018506654050807,36.53442025787548,400,-7.515913603824668,-7.216410480925916,7.325826898787729,-12.404381941556824,-2.677133510602964,0.145
platy_not_human,add_a1.0,gc_neutral,44.89296703296703,44.81254857257578,42.23676446722318,400,2.5757841053526027,1.8446595838383573,7.304393962297888,-2.0993367343042184,6.0471596223472766,0.6175
platy_not_human,add_a1.0_L24,gc_up,89.42015746753248,46.38367203649539,44.37142860462797,400,2.0122434318674096,2.1158022781803645,6.422253577148696,-2.565302696876799,5.997211193917389,0.605
platy_not_human,add_a1.0_L24,gc_down,55.43825880022756,34.46914175037391,36.53442025787548,400,-2.0652785075015654,-1.9889480505453427,7.003012040496124,-6.085109627589374,2.230936678305099,0.375
platy_not_human,add_a1.0_L24,gc_neutral,44.96787480921856,43.1221168931346,42.23676446722318,400,0.885352425911422,1.099583889626036,7.028754368595594,-3.1542112025631948,4.358709475693109,0.5825
platy_not_human,add_a2.0,gc_up,89.91009032287158,59.49423967085935,44.37142860462797,400,15.122811066231383,13.996260229626792,10.67665828181126,7.579947444302471,22.024510233383477,0.935
platy_not_human,add_a2.0,gc_down,55.05762501040626,22.083990035444245,36.53442025787548,400,-14.450430222431228,-13.831026891502669,9.718948191856216,-21.1227537057191,-8.125285045826498,0.065
platy_not_human,add_a2.0,gc_neutral,44.95179513888888,45.75070137225874,42.23676446722318,400,3.513936905035562,3.3055554668847087,10.163343097102524,-2.786106988712209,9.311485008070022,0.645
platy_not_human,add_a2.0_L24,gc_up,89.38809061077811,49.02768514436632,44.37142860462797,400,4.6562565397383375,4.166222711255671,8.042244536469358,-0.4316250671435586,8.755790579853839,0.7325
platy_not_human,add_a2.0_L24,gc_down,55.42004853132978,32.77003005070991,36.53442025787548,400,-3.764390207165557,-3.3129322312401577,7.924947075005065,-8.923868941443356,1.6413872979208737,0.31
platy_not_human,add_a2.0_L24,gc_neutral,44.96061613386613,43.98806278781048,42.23676446722318,400,1.7512983205872985,1.5887295631198122,7.788548942845791,-2.4820887757853,5.699042539550721,0.6075
platy_not_human,add_a3.0,gc_up,90.10656266996892,61.953789860815206,44.37142860462797,400,17.582361256187227,16.816830384053276,11.722641249906996,8.500959835875392,25.442519711141387,0.9475
platy_not_human,add_a3.0,gc_down,54.956971074064825,18.92996110701255,36.53442025787548,400,-17.60445915086292,-17.34022702925747,11.083968108737915,-25.79438875603084,-9.33830098704971,0.04
platy_not_human,add_a3.0,gc_neutral,45.03501593545343,46.04703790603675,42.23676446722318,400,3.810273438813571,3.364809081527348,11.731125986256265,-2.7296371456128847,10.037121163226471,0.6575
platy_not_human,add_a3.0_L24,gc_up,89.59348802239427,51.7722409574868,44.37142860462797,400,7.400812352858816,6.124204693821884,9.416915332359055,0.8090378139176995,12.953374693196867,0.79
platy_not_human,add_a3.0_L24,gc_down,55.34131433150184,30.01331993548161,36.53442025787548,400,-6.521100322393858,-5.954319716889095,8.405267461656846,-11.588251108675614,-1.0940397732702838,0.195
platy_not_human,add_a3.0_L24,gc_neutral,44.95519683441558,44.90646117819749,42.23676446722318,400,2.669696710974313,1.79718269556313,8.276688239813817,-2.190835691494767,6.459471857069104,0.6325
platy_not_human,add_a4.0,gc_up,90.23784166527916,63.26775685959719,44.37142860462797,400,18.896328254969216,18.448577775166257,11.833804658600172,9.948592168964185,27.218002496869268,0.9625
platy_not_human,add_a4.0,gc_down,55.02280059176934,16.36132531296969,36.53442025787548,400,-20.17309494490578,-19.10716374232284,12.318313495000254,-29.613009052508502,-10.986769937613746,0.0325
platy_not_human,add_a4.0,gc_neutral,45.06105338064714,46.06351005002805,42.23676446722318,400,3.8267455828048766,3.869261940978044,12.394510857920444,-2.721177944862154,10.039077732753078,0.6575
platy_not_human,add_a4.0_L24,gc_up,89.6823013791764,54.51616014244629,44.37142860462797,400,10.144731537818313,9.443992308472868,9.929361869980278,3.2056219338599927,15.346671369064078,0.8725
platy_not_human,add_a4.0_L24,gc_down,55.28571811174936,27.23397592470638,36.53442025787548,400,-9.30044433316909,-9.629680674017058,9.569371110253256,-15.574203667953672,-3.002572786040705,0.1525
platy_not_human,add_a4.0_L24,gc_neutral,44.98329653679653,45.22103762050334,42.23676446722318,400,2.9842731532801587,2.026459421152282,9.153577576417574,-3.013706051938424,7.295681809084698,0.615
platy_not_human,add_cone_removed_a1.0,gc_up,89.53053565878567,54.06144974928878,44.37142860462797,400,9.690021144660813,8.840713482917792,8.175535822526944,4.872946136977337,13.934151372507536,0.9125
platy_not_human,add_cone_removed_a1.0,gc_down,55.232881111943605,28.48829798800032,36.53442025787548,400,-8.046122269875154,-7.460536353562347,7.927304472924712,-13.4362211638792,-2.880255616835595,0.14
platy_not_human,add_cone_removed_a1.0,gc_neutral,44.90539118867244,44.941232744891096,42.23676446722318,400,2.704468277667916,2.2132898125133416,7.5023293758346785,-2.024475524475525,6.362266465679877,0.63
platy_not_human,add_gc_removed_a1.0,gc_up,89.00360598776224,43.37333473315723,44.37142860462797,400,-0.9980938714707476,-1.2204933729997691,6.738697338353553,-5.0810051416369175,3.0678953170775385,0.3975
platy_not_human,add_gc_removed_a1.0,gc_down,55.45189302017427,40.49633128947556,36.53442025787548,400,3.961911031600093,3.80590846448138,7.29097139087432,-0.7153437848792263,8.333159806316324,0.6875
platy_not_human,add_gc_removed_a1.0,gc_neutral,44.821386967199466,43.28307193449697,42.23676446722318,400,1.0463074672737895,0.8978057349795492,7.585613974228536,-3.4765866873065026,4.723992427423227,0.555
platy_not_human,add_gc_removed_a1.0_L24,gc_up,89.18732661435786,43.295708336094286,44.37142860462797,400,-1.0757202685336895,-1.300246223171449,6.348393960356609,-5.063452362395829,2.668814556800996,0.405
platy_not_human,add_gc_removed_a1.0_L24,gc_down,55.56169707722833,39.23527310694506,36.53442025787548,400,2.7008528490695887,2.530060171634471,7.541487579934052,-2.346530570754023,7.431581468250782,0.635
platy_not_human,add_gc_removed_a1.0_L24,gc_neutral,44.90822283272282,42.53597508363809,42.23676446722318,400,0.2992106164149181,0.127112008418873,6.820254336071902,-3.8761755919769616,4.178747436390591,0.5025
platy_not_human,add_own,gc_up,89.5906413412976,53.98310401039127,44.37142860462797,400,9.611675405763304,8.802849798192149,8.886497437654981,4.151580812700989,13.905535634547476,0.875
platy_not_human,add_own,gc_down,55.20860368104118,28.45191798713501,36.53442025787548,400,-8.082502270740465,-7.408185161746648,7.787640195079071,-12.84449781407297,-3.230484407037415,0.13
platy_not_human,add_own,gc_neutral,44.873888545482295,45.32197741972796,42.23676446722318,400,3.08521295250477,2.3401321547675096,7.9453045882301,-1.7634651036764524,7.114645002937916,0.6325
platy_not_human,add_own_L24,gc_up,89.34171725149851,47.04234587616696,44.37142860462797,400,2.670917271538982,2.055420896128272,7.355649098322289,-1.6168481162107255,7.251800456484449,0.6375
platy_not_human,add_own_L24,gc_down,55.463602064602064,34.171999641797214,36.53442025787548,400,-2.362420616078257,-2.514662601721003,7.42179663814634,-7.552943437704791,2.8603369014613227,0.3775
platy_not_human,add_own_L24,gc_neutral,44.97963349497724,43.24757253446185,42.23676446722318,400,1.0108080672386703,0.9227610795451112,7.385997134102331,-3.269013997274868,5.4622874455586015,0.5425
platy_not_human,cross_gene_a1.0,gc_up,89.56104897186147,53.67584043294959,44.37142860462797,400,9.304411828321616,8.093041208064928,8.210519138889994,3.973996938688524,12.997393635730798,0.915
platy_not_human,cross_gene_a1.0,gc_down,55.20623460914086,28.768594967561413,36.53442025787548,400,-7.765825290314057,-7.397657551013024,8.067735818099443,-13.290308806449412,-2.732971848961463,0.1575
platy_not_human,cross_gene_a1.0,gc_neutral,44.93519707722832,45.50914170271167,42.23676446722318,400,3.272377235488495,2.8899649384696566,8.065561668932855,-1.8651554712914429,7.735013690226818,0.6525
platy_not_human,panel_other_k5,gc_up,89.5060603528416,52.38892155551242,44.37142860462797,400,8.01749295088444,7.022919500994201,8.959231445994583,1.787604688816618,12.703264018786715,0.8325
platy_not_human,panel_other_k5,gc_down,55.257256278443776,29.85346219394009,36.53442025787548,400,-6.68095806393539,-6.462037269843021,8.410786240588997,-11.379868092233275,-1.6227919881221933,0.19
platy_not_human,panel_other_k5,gc_neutral,44.908289186507936,44.01890755398117,42.23676446722318,400,1.7821430867579964,1.4310920743186737,7.596658207154904,-2.734506176322608,6.397118081080346,0.595
platy_not_human,panel_same_k5,gc_up,89.4599262889888,51.45881696749334,44.37142860462797,400,7.087388362865373,6.293510033541445,9.31184534208986,0.8107664971245496,12.210128434355962,0.78
platy_not_human,panel_same_k5,gc_down,55.243770424020425,30.97825963543997,36.53442025787548,400,-5.556160622435498,-4.404700358967212,10.430075748593358,-12.270449959263455,1.6394625900780575,0.305
platy_not_human,panel_same_k5,gc_neutral,44.89778562409813,44.84953233829113,42.23676446722318,400,2.6127678710679487,1.8191311612364205,7.877687154718485,-2.401316941466739,7.416966272048311,0.6175
platy_not_human,random_a0.5,gc_up,89.28463385572759,44.47752617870829,44.37142860462797,400,0.1060975740803177,0.4432937278627928,5.990079276721639,-3.515341798547203,3.871322252301945,0.525
platy_not_human,random_a0.5,gc_down,55.48239808455433,35.92303679500847,36.53442025787548,400,-0.6113834628670017,-0.5835236078176909,7.187433086048016,-4.791942174148615,3.6784162434931833,0.4525
platy_not_human,random_a0.5,gc_neutral,44.918738997114,42.493289238563335,42.23676446722318,400,0.2565247713401637,0.3136922074488133,6.61797265103463,-3.0487689257503483,3.968753060664824,0.52
platy_not_human,random_a1.0,gc_up,89.24715619449995,44.41641344291507,44.37142860462797,400,0.0449848382870962,0.3102208003766709,6.296505700034346,-3.6767258312210114,3.8559997578207312,0.52
platy_not_human,random_a1.0,gc_down,55.44065376984126,36.1905917301161,36.53442025787548,400,-0.3438285277593692,-0.0971364726851451,6.7879523208597865,-4.513176365788421,3.671568627450979,0.4875
platy_not_human,random_a1.0,gc_neutral,44.91828726481852,42.596007713004965,42.23676446722318,400,0.3592432457817884,0.470448207045905,6.916466719520681,-3.311028760813548,4.371144836929084,0.53
platy_not_human,random_a1.0_L24,gc_up,89.34589016885893,44.354202112528256,44.37142860462797,400,-0.0172264920997194,-0.0281993934524749,6.484476662890013,-4.060740782410884,4.036361933478863,0.4975
platy_not_human,random_a1.0_L24,gc_down,55.47691469294594,35.45722631213977,36.53442025787548,400,-1.0771939457357025,-0.9030961791831352,6.970808864469137,-5.202322098039561,3.335167411083467,0.4275
platy_not_human,random_a1.0_L24,gc_neutral,44.87531101190476,42.21924664696214,42.23676446722318,400,-0.0175178202610373,0.2307273154544766,7.047557670287518,-3.976712797678848,3.6494028420423374,0.515
platy_not_human,random_a2.0,gc_up,89.29927148199022,44.018273327019486,44.37142860462797,400,-0.3531552776084817,0.1979133358491562,6.924506771861505,-4.293174495905234,3.704275129034482,0.515
platy_not_human,random_a2.0,gc_down,55.448470210345214,36.690490163544624,36.53442025787548,400,0.15606990566915,0.0529289004779656,7.5136691309691805,-4.746424266926279,4.603215714513773,0.5025
platy_not_human,random_a2.0,gc_neutral,44.95047023809524,42.57415136148861,42.23676446722318,400,0.337386894265433,0.4644254607065257,7.3543796661849665,-3.252088554720136,3.8615542624674495,0.5275
private,add_a0.5,gc_up,22.67260267857143,45.38318278508349,41.22955673674492,394,4.153626048338572,4.465495744565512,11.975029896616617,-1.3504114447002884,10.363562091503267,0.6852791878172588
private,add_a0.5,gc_down,15.18009923063048,30.14037865832783,34.0161964380716,395,-3.875817779743781,-3.504429105522433,10.616586762732249,-10.0,2.662698412698408,0.3215189873417721
private,add_a0.5,gc_neutral,16.33061687271062,41.86512746209952,39.95829358341872,395,1.9068338786807948,1.3301336344814558,9.77447926031761,-3.868131868131865,8.224534161490677,0.5620253164556962
private,add_a0.5_L24,gc_up,22.690308441558447,42.23612427240746,41.22955673674492,394,1.0065675356625434,1.5792239023400043,11.901928369384912,-4.770440043272856,7.125371360665478,0.5482233502538071
private,add_a0.5_L24,gc_down,15.197209693084693,31.880489952119184,34.0161964380716,395,-2.1357064859524213,-2.333333333333332,10.646718182448478,-7.94949494949495,4.631868131868131,0.4075949367088607
private,add_a0.5_L24,gc_neutral,16.359698627761126,40.62275509046317,39.95829358341872,395,0.664461507044447,0.3232323232323217,9.906198298825188,-6.253374016531911,7.386456336920737,0.5063291139240507
private,add_a1.0,gc_up,22.692715773809525,50.469851051653976,41.22955673674492,394,9.240294314909043,9.508424908424914,14.134104227501217,2.7911142462850167,15.32198438816086,0.817258883248731
private,add_a1.0,gc_down,15.139308594183596,26.799147687197976,34.0161964380716,395,-7.217048750873634,-7.346960405783935,10.82564582817897,-14.604700854700855,-0.0949062379268301,0.2177215189873417
private,add_a1.0,gc_neutral,16.311475503663004,42.75742148598287,39.95829358341872,395,2.799127902564143,2.418809948221714,11.095448784972874,-3.979949874686716,9.41004731702406,0.5772151898734177
private,add_a1.0_L24,gc_up,22.66303273809524,42.72793393150787,41.22955673674492,394,1.4983771947629474,1.8300571804546788,11.722683286626822,-4.550109984982408,8.325501253132828,0.5736040609137056
private,add_a1.0_L24,gc_down,15.215616439116438,32.25555796079856,34.0161964380716,395,-1.760638477273048,-0.7272727272727266,11.07274165121885,-8.664799253034545,4.924242424242426,0.4430379746835443
private,add_a1.0_L24,gc_neutral,16.334740728021977,41.04624109132951,39.95829358341872,395,1.087947507910786,1.1891963109354435,10.23094495129514,-4.649114774114771,6.666666666666661,0.5443037974683544
private,add_a2.0,gc_up,22.80219345238095,57.23558925226548,41.22955673674492,394,16.006032515520552,16.095631234950115,14.740794745087577,6.7365617025717,23.804855275443515,0.8781725888324873
private,add_a2.0,gc_down,15.111862661643912,21.57934173427406,34.0161964380716,395,-12.436854703797549,-12.0,12.793354961885653,-21.210901027077497,-4.340867955573836,0.1518987341772152
private,add_a2.0,gc_neutral,16.354411706349207,43.88218546161613,39.95829358341872,395,3.923891878197409,3.333333333333336,14.03873618012873,-4.07728494623656,11.813852813852815,0.6
private,add_a2.0_L24,gc_up,22.668632097069597,45.96167742570052,41.22955673674492,394,4.732120688955601,3.850575724360894,12.38632556369816,-1.624627300011758,11.075034620397526,0.6776649746192893
private,add_a2.0_L24,gc_down,15.167807817182815,30.82966867858988,34.0161964380716,395,-3.186527759481729,-3.272727272727277,11.876219974593395,-10.12121212121212,3.971783047870004,0.3620253164556962
private,add_a2.0_L24,gc_neutral,16.330327533577535,41.98762425441165,39.95829358341872,395,2.029330670992932,1.312546071059998,11.27324220014874,-3.6237373737373737,8.27012024440722,0.5569620253164557
private,add_a3.0,gc_up,22.83665854978355,60.50631232532725,41.22955673674492,394,19.27675558858233,18.7689393939394,18.09125630126317,9.005189255189254,28.87005442789706,0.883248730964467
private,add_a3.0,gc_down,15.063226315351317,18.99263857336961,34.0161964380716,395,-15.023557864701996,-14.727272727272734,14.463134446591786,-25.791777709734365,-4.625,0.1392405063291139
private,add_a3.0,gc_neutral,16.36333630952381,45.24600611080079,39.95829358341872,395,5.287712527382066,4.404761904761905,16.30048965027631,-4.184909665426481,13.83194391815081,0.640506329113924
private,add_a3.0_L24,gc_up,22.68940665584416,48.81291569123172,41.22955673674492,394,7.583358954486795,6.659932659932657,15.04367514928076,0.0,15.11845932705066,0.7411167512690355
private,add_a3.0_L24,gc_down,15.182242368742369,28.92035069587005,34.0161964380716,395,-5.095845742201553,-4.952380952380956,11.963503028664,-12.666666666666668,1.6904761904761916,0.3088607594936708
private,add_a3.0_L24,gc_neutral,16.353281655844157,43.641395846048766,39.95829358341872,395,3.6831022626300434,2.6666666666666714,11.94321709461203,-3.4384236453201997,9.493900302595954,0.6253164556962025
private,add_a4.0,gc_up,22.89348484848485,62.346988671276456,41.22955673674492,394,21.117431934531535,20.827718175544263,16.709543120824467,10.923600928641251,30.777115299561125,0.9263959390862944
private,add_a4.0,gc_down,15.064789744977244,16.179046152829397,34.0161964380716,395,-17.837150285242206,-17.633477633477636,15.752863441916215,-28.661492374727665,-6.975490196078432,0.1088607594936708
private,add_a4.0,gc_neutral,16.395652586996338,45.73791841909101,39.95829358341872,395,5.779624835672285,5.0,17.123640204586444,-4.348205071502285,13.603775853775854,0.6556962025316456
private,add_a4.0_L24,gc_up,22.74009523809524,51.87020648599768,41.22955673674492,394,10.640649749252766,9.93145012881855,16.38139497742945,2.8979593258561884,17.728414276267685,0.8223350253807107
private,add_a4.0_L24,gc_down,15.148883547008548,26.478158435732077,34.0161964380716,395,-7.538038002339534,-7.837301587301589,12.986065128270448,-15.167332667332673,0.1132673201638656,0.2531645569620253
private,add_a4.0_L24,gc_neutral,16.362636408730157,43.77733665336851,39.95829358341872,395,3.819043069949788,3.4483490365843323,12.675899860896958,-4.504643206256112,10.917077175697866,0.6075949367088608
private,add_cone_removed_a1.0,gc_up,22.69829761904761,51.10002272972893,41.22955673674492,394,9.870465992984014,9.76107226107226,13.05498670993166,3.2878787878787907,16.90359477124183,0.8248730964467005
private,add_cone_removed_a1.0,gc_down,15.13939381105006,27.003904386928497,34.0161964380716,395,-7.012292051143107,-7.581699346405223,11.421098390657065,-13.725145661177246,0.0718285632014064,0.2531645569620253
private,add_cone_removed_a1.0,gc_neutral,16.335380772005774,42.999217082454905,39.95829358341872,395,3.040923499036182,3.0707070707070727,10.855696851850103,-3.333333333333333,9.550264550264554,0.6151898734177215
private,add_gc_removed_a1.0,gc_up,22.58695684523809,40.50507827696906,41.22955673674492,394,-0.7244784597758595,-0.6904761904761934,13.192846038741257,-6.666666666666671,6.35188870147077,0.4441624365482233
private,add_gc_removed_a1.0,gc_down,15.237765286796536,38.57996676546419,34.0161964380716,395,4.563770327392586,4.670329670329675,11.065887321993216,-2.1849816849816843,10.601731601731604,0.6455696202531646
private,add_gc_removed_a1.0,gc_neutral,16.30522758838384,41.34609504198706,39.95829358341872,395,1.3878014585683345,0.4891774891774858,10.575960682271557,-4.885038363171358,7.10822510822511,0.529113924050633
private,add_gc_removed_a1.0_L24,gc_up,22.58711309523809,39.95654793878602,41.22955673674492,394,-1.2730087979588938,-1.131636707818819,11.370843110693992,-6.8634910782858105,5.017737139458822,0.434010152284264
private,add_gc_removed_a1.0_L24,gc_down,15.241872443528695,36.95314266055387,34.0161964380716,395,2.936946222482263,2.923839726165305,10.796477566592236,-3.290909090909089,8.390977443609028,0.6050632911392405
private,add_gc_removed_a1.0_L24,gc_neutral,16.33492307692308,41.15842898743953,39.95829358341872,395,1.2001354040208072,0.606060606060602,9.851637673161466,-4.853543171654621,7.467948717948719,0.5139240506329114
private,add_own,gc_up,22.73369642857143,50.97798189644077,41.22955673674492,394,9.748425159695856,9.930684554523562,14.339736849058957,1.9624505928853733,16.599828573512774,0.8071065989847716
private,add_own,gc_down,15.149563464313465,26.804355152395896,34.0161964380716,395,-7.21184128567571,-7.38095238095238,11.608587561595028,-13.333333333333332,0.0,0.230379746835443
private,add_own,gc_neutral,16.333318605006106,43.7970402408378,39.95829358341872,395,3.838746657419074,2.579365079365082,10.78403144787342,-2.8831168831168803,9.762845849802371,0.6025316455696202
private,add_own_L24,gc_up,22.66422287087912,43.00026910467223,41.22955673674492,394,1.7707123679273058,1.6061306405088018,12.75954064061944,-3.830325311942965,8.606504440087651,0.5634517766497462
private,add_own_L24,gc_down,15.202582455738709,31.76891399892873,34.0161964380716,395,-2.2472824391428694,-2.197802197802197,10.800005557200958,-8.084967320261438,4.099298634182352,0.4050632911392405
private,add_own_L24,gc_neutral,16.380094246031746,41.08240793833117,39.95829358341872,395,1.1241143549124488,0.4093567251461927,10.363806128715572,-5.074967945710981,7.279868917799947,0.5189873417721519
private,cross_gene_a1.0,gc_up,22.725250000000003,50.3052692194427,41.22955673674492,394,9.07571248269778,8.812719647502261,14.75543434800235,2.5756835762961687,15.847598697598697,0.8096446700507615
private,cross_gene_a1.0,gc_down,15.15222938172938,26.854990029757197,34.0161964380716,395,-7.161206408314416,-6.62645650719136,10.712693047103103,-13.634491348188986,0.0,0.2050632911392405
private,cross_gene_a1.0,gc_neutral,16.37026453754579,43.360342087692885,39.95829358341872,395,3.4020485042741546,3.1475029036004685,11.5699975086355,-3.260073260073259,10.732498869317556,0.6177215189873417
private,panel_other_k5,gc_up,22.703422619047625,49.380512798265606,41.22955673674492,394,8.150956061520686,7.09242643553927,13.74638285292975,0.0567139899438053,15.431699709917332,0.7538071065989848
private,panel_other_k5,gc_down,15.166860153735156,28.03385608287465,34.0161964380716,395,-5.982340355196955,-5.714285714285708,11.465438948872544,-13.145622198925828,0.8930849851902494,0.2658227848101265
private,panel_other_k5,gc_neutral,16.326723214285717,42.00182616108468,39.95829358341872,395,2.043532577665956,1.8701888015557917,11.15116598310708,-4.502120158408186,8.541666666666675,0.5518987341772152
private,panel_same_k5,gc_up,22.660898466117217,48.61216544793311,41.22955673674492,394,7.38260871118819,6.666666666666664,13.184237383782934,-0.2822814440461529,14.995459840287426,0.7233502538071066
private,panel_same_k5,gc_down,15.180750672938172,29.424719888146235,34.0161964380716,395,-4.591476549925372,-3.190391983495431,12.677747265871783,-12.803030303030305,3.2815734989648035,0.3569620253164557
private,panel_same_k5,gc_neutral,16.323722222222223,43.187568269755786,39.95829358341872,395,3.2292746863370585,2.421052631578945,10.912054097396028,-3.262578162578162,9.557234432234434,0.5949367088607594
private,random_a0.5,gc_up,22.638639880952383,40.944757210227216,41.22955673674492,394,-0.2847995265177038,0.0,10.820015755200709,-5.588563581984627,6.256689468027229,0.4873096446700508
private,random_a0.5,gc_down,15.22564548992674,33.20772634445541,34.0161964380716,395,-0.8084700936162003,-0.2894103946735527,10.49187772997974,-7.002217553688137,5.555555555555561,0.4582278481012658
private,random_a0.5,gc_neutral,16.34775487012987,39.81506577400924,39.95829358341872,395,-0.1432278094094828,0.0,9.244922159028937,-5.398262813897496,5.646997929606624,0.4835443037974684
private,random_a1.0,gc_up,22.62564887196137,40.22950345255658,41.22955673674492,394,-1.0000532841883405,-0.3193785206390238,11.677684072934394,-6.655677655677653,5.684622963227078,0.4568527918781725
private,random_a1.0,gc_down,15.219566086691088,33.621118507088376,34.0161964380716,395,-0.3950779309832281,0.0,11.41915857569759,-7.214285714285712,6.227860374919199,0.4860759493670886
private,random_a1.0,gc_neutral,16.355007350288602,40.61276560654168,39.95829358341872,395,0.6544720231229528,0.7122507122507145,9.704341977749062,-4.706959706959708,6.202027057909412,0.5265822784810127
private,random_a1.0_L24,gc_up,22.645689393939392,41.263257048220346,41.22955673674492,394,0.0337003114754239,0.0,11.76955543476384,-6.158668730650158,6.239697802197803,0.4720812182741117
private,random_a1.0_L24,gc_down,15.218203435453436,33.066122984400174,34.0161964380716,395,-0.9500734536714406,-0.9782608695652176,10.88656220034698,-7.543298771121354,6.04805409187145,0.4556962025316455
private,random_a1.0_L24,gc_neutral,16.31800843253968,39.76439155183418,39.95829358341872,395,-0.193902031584542,-0.4863147605083142,9.761009148743758,-5.909902597402599,5.100225854555578,0.4506329113924051
private,random_a2.0,gc_up,22.642018262987012,40.66782992810514,41.22955673674492,394,-0.5617268086397732,-0.170848946711013,11.639966790626085,-6.666666666666671,4.729090354090353,0.467005076142132
private,random_a2.0,gc_down,15.192791385697635,34.419071770594655,34.0161964380716,395,0.4028753325230528,0.0,10.856780163923077,-6.649184149184153,7.091535402581911,0.4962025316455696
private,random_a2.0,gc_neutral,16.361150297619048,40.62794982844659,39.95829358341872,395,0.6696562450278696,0.7017543859649109,10.13553139181301,-4.778048038917603,6.6323188770119685,0.5265822784810127
shared_not_private,add_a0.5,gc_up,66.75098226773227,50.04724143303495,45.33703312278598,400,4.710208310248976,4.484647772795324,7.26622828299933,0.5684118499380837,8.726871898922802,0.7625
shared_not_private,add_a0.5,gc_down,40.16246536449662,33.26998708195805,37.47682360630548,400,-4.206836524347422,-3.7797619047619087,7.668417179382585,-9.073295985060692,0.2287197773846401,0.2575
shared_not_private,add_a0.5,gc_neutral,28.562730807387062,45.17059255087442,43.62819812991429,397,1.5423944209601337,1.089073187091671,8.648955492563283,-3.93010752688172,6.584960137901312,0.5591939546599496
shared_not_private,add_a0.5_L24,gc_up,66.7022831439394,46.44251396857161,45.33703312278598,400,1.1054808457856329,0.8320436597497176,6.541402158716004,-2.60586444302041,4.975100808240002,0.5625
shared_not_private,add_a0.5_L24,gc_down,40.220414568070815,35.29057515371565,37.47682360630548,400,-2.186248452589824,-2.152108502337388,7.779048820879287,-6.860220144639269,2.755027080353827,0.39
shared_not_private,add_a0.5_L24,gc_neutral,28.58255769230769,44.69407471439435,43.62819812991429,397,1.0658765844800586,0.5392156862745097,8.17331095210993,-3.602941176470587,4.981549364613876,0.5415617128463476
shared_not_private,add_a1.0,gc_up,66.84534338924965,54.7289410261807,45.33703312278598,400,9.391907903394726,8.419676261015212,8.5790295827568,3.812911575553796,13.53235112991202,0.895
shared_not_private,add_a1.0,gc_down,40.03848647879898,29.788486838184216,37.47682360630548,400,-7.688336768121262,-7.859319616007735,8.533157304075834,-12.958313737150732,-2.1790566749494755,0.145
shared_not_private,add_a1.0,gc_neutral,28.58149152930403,45.92824054226532,43.62819812991429,397,2.300042412351035,1.879992894091956,8.774871224577693,-2.8350804045642377,7.214452214452223,0.6045340050377834
shared_not_private,add_a1.0_L24,gc_up,66.75712472943722,47.46701189528803,45.33703312278598,400,2.129978772502056,1.8704836832570173,6.774193477813706,-2.7260994182372507,6.648018219152089,0.6075
shared_not_private,add_a1.0_L24,gc_down,40.22264236111111,35.17177275213793,37.47682360630548,400,-2.3050508541675447,-1.923759579895268,7.819044591461218,-6.629102580112206,2.314095175550281,0.3575
shared_not_private,add_a1.0_L24,gc_neutral,28.63313408119658,44.54181886435428,43.62819812991429,397,0.913620734439984,0.4342671133331137,8.75635851377961,-3.846153846153847,5.223684210526315,0.5264483627204031
shared_not_private,add_a2.0,gc_up,67.10789687049062,60.09669476138922,45.33703312278598,400,14.75966163860326,13.7526512082639,10.827105847608236,7.4630851374893155,21.50382860207632,0.935
shared_not_private,add_a2.0,gc_down,39.94576234876234,22.349521946409837,37.47682360630548,400,-15.127301659895643,-14.422830698437426,11.285183235007407,-21.957231897248924,-8.44174150470391,0.0625
shared_not_private,add_a2.0,gc_neutral,28.597383432539683,46.66916301935108,43.62819812991429,397,3.040964889436786,2.8529644268774774,11.624576624867515,-3.234195498150079,9.190476190476184,0.6095717884130982
shared_not_private,add_a2.0_L24,gc_up,66.71945851370852,49.927027490062,45.33703312278598,400,4.589994367276029,3.786079583001129,8.281390152224654,-1.1286875561926308,9.208661659117595,0.7025
shared_not_private,add_a2.0_L24,gc_down,40.25224071414696,33.45469501151742,37.47682360630548,400,-4.02212859478805,-3.996482699004833,9.084435865238596,-10.206364120511264,1.9678535373636104,0.315
shared_not_private,add_a2.0_L24,gc_neutral,28.630288600288605,45.30739113801035,43.62819812991429,397,1.679193008096057,1.2168091168091166,9.230842524727016,-3.3737373737373844,6.315789473684212,0.5591939546599496
shared_not_private,add_a3.0,gc_up,67.26990412018536,62.46897219304341,45.33703312278598,400,17.131939070257438,16.851408700015217,11.632331043297524,8.312428219852334,25.03232289270625,0.945
shared_not_private,add_a3.0,gc_down,39.89374475871351,18.83910804058261,37.47682360630548,400,-18.637715565722864,-18.86603020298672,11.405545460313348,-27.55328205756772,-10.122587806705791,0.04
shared_not_private,add_a3.0,gc_neutral,28.671679625929624,46.42943383769202,43.62819812991429,397,2.801235707777738,2.490118577075094,12.463968802947692,-3.8290598290598297,9.530158730158732,0.6171284634760705
shared_not_private,add_a3.0_L24,gc_up,66.90408136655012,52.56475599557254,45.33703312278598,400,7.227722872786573,6.289036441127283,9.784917129607772,1.017143766949122,13.233610289377893,0.795
shared_not_private,add_a3.0_L24,gc_down,40.15907196275947,30.39722476005865,37.47682360630548,400,-7.079598846246829,-6.673400319410458,9.149792621178264,-12.421127536557794,-1.2163811691535509,0.2
shared_not_private,add_a3.0_L24,gc_neutral,28.60191517857143,45.58356281498738,43.62819812991429,397,1.955364685073088,1.3425675689971754,9.22940702101752,-3.94736842105263,6.620718462823724,0.6020151133501259
shared_not_private,add_a4.0,gc_up,67.34435681679432,63.567860876106906,45.33703312278598,400,18.23082775332093,17.834299226750474,11.750873154372666,9.147510565854668,26.70209599126826,0.9525
shared_not_private,add_a4.0,gc_down,39.9580108467921,16.41939394793664,37.47682360630548,400,-21.05742965836884,-20.005305152363974,12.560249314765922,-30.63246830145549,-12.311636063508985,0.03
shared_not_private,add_a4.0,gc_neutral,28.6654007936508,46.08568654444248,43.62819812991429,397,2.457488414528187,2.6923076923076934,13.32010240370894,-4.746014089729329,9.143446852425178,0.5969773299748111
shared_not_private,add_a4.0_L24,gc_up,66.94220614108114,55.24336788201694,45.33703312278598,400,9.906334759230967,9.501111130172816,10.196751326725794,3.0843090258405645,15.278420139486109,0.8425
shared_not_private,add_a4.0_L24,gc_down,40.136834564740816,27.44717417461118,37.47682360630548,400,-10.029649431694295,-10.21522472625414,10.085004800752577,-16.658002153607292,-3.4850482885927603,0.1375
shared_not_private,add_a4.0_L24,gc_neutral,28.62066012806638,45.86062659364727,43.62819812991429,397,2.232428463732972,1.860869565217385,10.00541853307456,-3.8864241348713335,7.3417649795237665,0.5919395465994962
shared_not_private,add_cone_removed_a1.0,gc_up,66.83223803973804,54.95951958208475,45.33703312278598,400,9.622486459298775,8.762085707671154,8.684790618222443,4.420887824418916,13.91845515848864,0.905
shared_not_private,add_cone_removed_a1.0,gc_down,40.09348730089355,29.01022833747499,37.47682360630548,400,-8.466595268830487,-8.147905973906536,9.266116497087188,-14.393947086644856,-2.539686028100358,0.1575
shared_not_private,add_cone_removed_a1.0,gc_neutral,28.570010416666666,46.11370569913818,43.62819812991429,397,2.4855075692238957,1.5476190476190368,9.20188989213196,-3.095238095238095,7.469720330034853,0.5969773299748111
shared_not_private,add_gc_removed_a1.0,gc_up,66.41664914252415,44.1539357376824,45.33703312278598,400,-1.1830973851035642,-1.31637246466439,7.04416320737389,-5.562620798700502,3.015167636195569,0.42
shared_not_private,add_gc_removed_a1.0,gc_down,40.21412773337774,41.09409936721133,37.47682360630548,400,3.617275760905856,3.682487725040911,7.983479494000935,-1.4801494920038056,8.473615819596446,0.66
shared_not_private,add_gc_removed_a1.0,gc_neutral,28.51615937881563,44.56877956361613,43.62819812991429,397,0.9405814337018422,1.0548089591567873,8.834316709761346,-4.166666666666664,5.087719298245609,0.5743073047858942
shared_not_private,add_gc_removed_a1.0_L24,gc_up,66.60021351911978,44.22247691836613,45.33703312278598,400,-1.1145562044198478,-1.321827814857901,6.681960361188951,-5.447412341919893,3.024796497845019,0.41
shared_not_private,add_gc_removed_a1.0_L24,gc_down,40.31982463369963,40.05540468661437,37.47682360630548,400,2.578581080308901,2.294886067939343,8.101107498849565,-2.601242212250648,7.695509936905099,0.61
shared_not_private,add_gc_removed_a1.0_L24,gc_neutral,28.573299755799752,43.36336902310904,43.62819812991429,397,-0.2648291068052512,-1.030652867500805,8.199696403180372,-4.994962643561266,4.551378446115287,0.4458438287153652
shared_not_private,add_own,gc_up,66.85694491272616,54.8103215465114,45.33703312278598,400,9.473288423725425,8.605286318193386,9.050156856716908,3.79241558246299,14.896139939416114,0.875
shared_not_private,add_own,gc_down,40.05904021672772,28.813208907272628,37.47682360630548,400,-8.663614699032847,-8.45646557743332,8.729601569661389,-13.51388888888889,-2.581618464961066,0.145
shared_not_private,add_own,gc_neutral,28.540569940476196,46.188103088476254,43.62819812991429,397,2.5599049585619573,2.363636363636367,9.162887597433862,-2.7756396027206307,7.427536231884062,0.6146095717884131
shared_not_private,add_own_L24,gc_up,66.6774943806194,48.09649588863493,45.33703312278598,400,2.7594627658489643,2.022200064008814,7.459991444667156,-1.6964107270711055,7.009530740668579,0.63
shared_not_private,add_own_L24,gc_down,40.26101960886336,34.94052234315871,37.47682360630548,400,-2.5363012631467656,-2.832359532441739,8.692888563163985,-8.223767304210854,2.990487869334297,0.375
shared_not_private,add_own_L24,gc_neutral,28.599539248945497,44.58084480421917,43.62819812991429,397,0.9526466743048784,0.4558404558404589,8.434154556542484,-4.222222222222221,5.320197044334982,0.5314861460957179
shared_not_private,cross_gene_a1.0,gc_up,66.83579897186148,54.61194919563427,45.33703312278598,400,9.274916072848296,8.451041051799002,8.650313019715485,3.856950158147338,13.913509524572437,0.9075
shared_not_private,cross_gene_a1.0,gc_down,40.05400522741147,29.250940998367327,37.47682360630548,400,-8.22588260793815,-7.765233680938866,8.987844578554045,-13.672029991346744,-2.377896393616288,0.1725
shared_not_private,cross_gene_a1.0,gc_neutral,28.56493253968254,46.58956847761549,43.62819812991429,397,2.9613703477012043,2.7405450500556228,9.42576637290606,-2.2086956521739083,7.367647058823522,0.6347607052896725
shared_not_private,panel_other_k5,gc_up,66.80263773379399,53.2431030200533,45.33703312278598,400,7.906069897267331,7.083468286099873,9.220042951565606,1.940894046491524,12.520000707989666,0.8125
shared_not_private,panel_other_k5,gc_down,40.09039612470863,30.4649972020883,37.47682360630548,400,-7.011826404217179,-6.283403363898724,9.240499320339977,-12.80178700295065,-1.3627366997765415,0.215
shared_not_private,panel_other_k5,gc_neutral,28.581565972222226,45.34000526014333,43.62819812991429,397,1.7118071302290363,2.100847650523214,8.586190553518376,-3.712454212454212,7.036363508898347,0.5743073047858942
shared_not_private,panel_same_k5,gc_up,66.79902782287157,52.272969886118375,45.33703312278598,400,6.935936763332406,6.464545885762817,9.761128833113217,0.4543659869287033,13.033382400228774,0.765
shared_not_private,panel_same_k5,gc_down,40.06301975108224,31.374493292558785,37.47682360630548,400,-6.102330313746695,-5.750575553846927,11.208706269200244,-13.333333333333336,1.623953371473986,0.29
shared_not_private,panel_same_k5,gc_neutral,28.5740634018759,45.86152855922944,43.62819812991429,397,2.2333304293151364,1.813172043010752,9.228440466873591,-3.055555555555564,7.656565656565661,0.5818639798488665
shared_not_private,random_a0.5,gc_up,66.64599397477522,45.475258363888734,45.33703312278598,400,0.1382252411027604,0.1566715645663059,6.272841373944841,-3.529958733437216,3.989409014286821,0.515
shared_not_private,random_a0.5,gc_down,40.2567525946276,36.67368599584152,37.47682360630548,400,-0.8031376104639563,-0.7689456137732016,7.940837600423446,-5.65570745483136,4.165242114658257,0.45
shared_not_private,random_a0.5,gc_neutral,28.57098412698413,43.94293577954876,43.62819812991429,397,0.314737649634468,0.4188119626475739,8.180002601880533,-4.52079202013099,5.0,0.5239294710327456
shared_not_private,random_a1.0,gc_up,66.62150732253856,45.5207922486808,45.33703312278598,400,0.1837591258948239,0.0156747631065421,6.519786411900715,-3.895294461161337,4.2873225704506375,0.5025
shared_not_private,random_a1.0,gc_down,40.22142101648352,37.15650356112036,37.47682360630548,400,-0.320320045185117,-0.1251412576713768,7.275236869436368,-4.9441572919833785,4.13640265866721,0.4825
shared_not_private,random_a1.0,gc_neutral,28.56369658119658,43.77123152159081,43.62819812991429,397,0.1430333916765182,0.0952380952380949,8.521881645010113,-4.083694083694077,5.069169960474305,0.5037783375314862
shared_not_private,random_a1.0_L24,gc_up,66.70020077491954,45.25179613329525,45.33703312278598,400,-0.0852369894907173,-0.3823472114311474,6.7625452725566495,-4.319102838763963,3.936409139504749,0.4775
shared_not_private,random_a1.0_L24,gc_down,40.25871125749251,36.231747498603184,37.47682360630548,400,-1.2450761077022958,-0.9367133730042988,7.66476390014348,-5.53244365928189,3.1052457339120867,0.42
shared_not_private,random_a1.0_L24,gc_neutral,28.55730257936508,43.6131215843193,43.62819812991429,397,-0.0150765455949844,0.0928556037799737,8.206520075485777,-4.725274725274723,4.757122032815694,0.5088161209068011
shared_not_private,random_a2.0,gc_up,66.65725321900322,44.93604391952962,45.33703312278598,400,-0.4009892032563516,0.0385157252987298,7.14342342072724,-4.352116648169281,4.321257610129043,0.5075
shared_not_private,random_a2.0,gc_down,40.255678824647575,37.51003458140237,37.47682360630548,400,0.0332109750968896,0.0033115132845615,8.238533662433161,-4.685315139414241,4.458588840941784,0.5
shared_not_private,random_a2.0,gc_neutral,28.589319940476187,43.7228642634464,43.62819812991429,397,0.0946661335321142,0.0,8.630053158408835,-4.598427887901565,5.0,0.4937027707808564
