family,gene,n_species,human_len_bp,n_diag_platypus,n_diag_opossum,n_auto_platypus,n_auto_opossum,n_diag_deep_sum,aa_frac_platypus,indel_frac_platypus,indel_frac_deep_max,n_diag_divergent_mean,nearest_primate,n_diag_nearest_primate,grad_ratio,has_platypus,has_opossum,has_elephant,has_armadillo,ndiag_chimp,ndiag_mouse,ndiag_cow,ndiag_armadillo,ndiag_elephant,ndiag_opossum,ndiag_platypus,ladder,composite,rank,selected
nitric_oxide_synthase,NOS3,21,3612,569,652,180,203,1221,0.34797891036906853,0.00830564784053156,0.00913621262458475,374.625,chimp,16,0.028119507908611598,True,True,False,True,16.0,422.0,376.0,239.0,,652,569,chimp(8):16;orangutan(21):55;macaque(42):92;marmoset(64):175;guineapig(156):366;rat(156):424;mouse(156):422;rabbit(156):299;cow(169):376;sheep(169):348;pig(169):305;goat(169):338;bat(169):313;ferret(169):330;panda(169):310;cat(169):319;horse(169):384;armadillo(180):239;opossum(319):652;platypus(378):569,3.0927435259571325,1,True
adamts_metallopeptidase,ADAMTS1,16,2904,844,645,431,277,1489,0.5556872037914692,0.07851239669421484,0.07851239669421484,518.6,chimp,7,0.008293838862559242,True,True,False,True,7.0,529.0,453.0,419.0,,645,844,chimp(8):7;gorilla(11):25;orangutan(21):60;macaque(42):71;marmoset(64):139;rat(156):513;mouse(156):529;rabbit(156):369;cow(169):453;sheep(169):478;goat(169):498;ferret(169):438;armadillo(180):419;opossum(319):645;platypus(378):844,3.0385159905838175,2,True
m14_carboxypeptidase,AGBL5,21,2661,649,569,264,257,1218,0.5855161787365177,0.08342728297632473,0.08342728297632473,313.4375,gorilla,8,0.012326656394453005,True,True,True,True,,275.0,271.0,245.0,221.0,569,649,gorilla(11):8;orangutan(21):20;macaque(42):55;marmoset(64):102;guineapig(156):307;rat(156):337;mouse(156):275;rabbit(156):295;cow(169):271;sheep(169):275;pig(169):302;goat(169):277;dog(169):245;panda(169):270;cat(169):267;horse(169):210;armadillo(180):245;elephant(183):221;opossum(319):569;platypus(378):649,2.9475301594334726,3,True
ectonucleotide_pyrophosphatase,ENPP3,16,2628,693,687,248,256,1380,0.6363636363636364,0.011415525114155223,0.011415525114155223,441.54545454545456,chimp,12,0.017316017316017316,True,True,False,False,12.0,471.0,368.0,,,687,693,chimp(8):12;orangutan(21):38;macaque(42):70;marmoset(64):116;rat(156):501;mouse(156):471;cow(169):368;sheep(169):374;pig(169):346;goat(169):372;dog(169):343;panda(169):362;cat(169):340;opossum(319):687;platypus(378):693,2.850414925673651,4,True
adamts_metallopeptidase,ADAMTS16,15,3675,815,876,185,235,1691,0.5006134969325153,0.04081632653061229,0.04081632653061229,666.2727272727273,orangutan,77,0.09447852760736196,True,True,False,False,,671.0,633.0,,,876,815,orangutan(21):77;macaque(42):170;marmoset(64):251;rat(156):674;mouse(156):671;cow(169):633;sheep(169):654;pig(169):645;goat(169):656;dog(169):554;cat(169):578;horse(169):573;opossum(319):876;platypus(378):815,2.642870607496789,5,False
cytochrome_p450,CYP24A1,22,1545,435,358,144,90,793,0.6114942528735632,0.001941747572815511,0.003883495145631022,232.2941176470588,chimp,14,0.03218390804597701,True,True,True,True,14.0,292.0,200.0,177.0,176.0,358,435,chimp(8):14;orangutan(21):23;macaque(42):37;marmoset(64):81;guineapig(156):264;rat(156):311;mouse(156):292;rabbit(156):211;cow(169):200;sheep(169):206;pig(169):197;goat(169):210;dog(169):178;ferret(169):181;panda(169):183;cat(169):193;horse(169):177;armadillo(180):177;elephant(183):176;opossum(319):358;platypus(378):435,2.5912557350854453,6,False
m14_carboxypeptidase,AEBP1,16,3477,707,770,246,264,1477,0.5954738330975955,0.09232096635030196,0.09232096635030196,504.0,orangutan,50,0.07072135785007072,True,True,True,False,,544.0,444.0,,515.0,770,707,orangutan(21):50;marmoset(64):167;guineapig(156):472;rat(156):529;mouse(156):544;cow(169):444;sheep(169):450;pig(169):393;goat(169):452;dog(169):439;cat(169):441;horse(169):396;elephant(183):515;opossum(319):770;platypus(378):707,2.289932495967268,7,False
serine_protease,CFI,16,1752,594,518,224,153,1112,0.7171717171717171,0.015410958904109595,0.015410958904109595,368.9166666666667,orangutan,37,0.06228956228956229,True,True,False,True,,406.0,337.0,252.0,,518,594,orangutan(21):37;macaque(42):180;marmoset(64):125;rat(156):398;mouse(156):406;cow(169):337;sheep(169):332;pig(169):285;goat(169):330;dog(169):333;cat(169):307;horse(169):335;armadillo(180):252;opossum(319):518;platypus(378):594,2.2896421184908746,8,False
serine_protease,PRSS35,22,1242,337,298,83,82,635,0.5667655786350149,0.007246376811594235,0.007246376811594235,209.58823529411765,chimp,9,0.026706231454005934,True,True,True,True,9.0,266.0,212.0,166.0,118.0,298,337,chimp(8):9;gorilla(11):6;orangutan(21):22;macaque(42):39;guineapig(156):253;rat(156):262;mouse(156):266;rabbit(156):188;cow(169):212;sheep(169):216;pig(169):196;goat(169):210;bat(169):211;dog(169):137;ferret(169):150;cat(169):183;horse(169):160;armadillo(180):166;elephant(183):118;opossum(319):298;platypus(378):337,2.166718273829056,9,True
cytochrome_p450,CYP27B1,24,1527,415,406,157,126,821,0.6096385542168675,0.058939096267190516,0.058939096267190516,241.33333333333334,chimp,9,0.021686746987951807,True,True,True,True,9.0,285.0,194.0,212.0,211.0,406,415,chimp(8):9;gorilla(11):12;orangutan(21):22;macaque(42):53;marmoset(64):71;guineapig(156):243;rat(156):288;mouse(156):285;rabbit(156):231;cow(169):194;sheep(169):193;pig(169):192;goat(169):195;bat(169):190;dog(169):192;ferret(169):211;panda(169):191;cat(169):270;horse(169):225;armadillo(180):212;elephant(183):211;opossum(319):406;platypus(378):415,2.150084471268554,10,False
muscarinic_receptor,CHRM2,23,1401,315,212,121,61,527,0.3873015873015873,0.0021413276231263545,0.0021413276231263545,123.44444444444444,chimp,2,0.006349206349206349,True,True,True,True,2.0,149.0,94.0,89.0,113.0,212,315,chimp(8):2;gorilla(11):5;macaque(42):22;marmoset(64):30;guineapig(156):110;rat(156):150;mouse(156):149;rabbit(156):109;cow(169):94;sheep(169):94;pig(169):104;goat(169):91;bat(169):108;dog(169):92;ferret(169):94;panda(169):107;cat(169):107;horse(169):84;armadillo(180):89;elephant(183):113;opossum(319):212;platypus(378):315,2.1375080442420007,11,True
cytochrome_p450,CYP4V2,17,1578,525,396,229,123,921,0.6057142857142858,0.009505703422053258,0.013307984790874472,289.1818181818182,chimp,15,0.02857142857142857,True,True,False,True,15.0,283.0,266.0,206.0,,396,525,chimp(8):15;gorilla(11):11;orangutan(21):30;macaque(42):39;marmoset(64):176;guineapig(156):265;rat(156):274;mouse(156):283;cow(169):266;sheep(169):262;goat(169):262;dog(169):231;panda(169):211;armadillo(180):206;opossum(319):396;platypus(378):525,2.114896918343102,12,False
aldehyde_dehydrogenase,ALDH18A1,19,2388,439,441,144,167,880,0.26879271070615035,0.005025125628140725,0.005025125628140725,249.5,gorilla,17,0.0387243735763098,True,True,True,False,,291.0,211.0,,187.0,441,439,gorilla(11):17;orangutan(21):30;macaque(42):40;marmoset(64):71;rat(156):294;mouse(156):291;cow(169):211;sheep(169):217;pig(169):197;goat(169):215;bat(169):220;dog(169):202;panda(169):202;cat(169):192;horse(169):185;elephant(183):187;opossum(319):441;platypus(378):439,2.064215403594352,13,False
phosphodiesterase,PDE6C,19,2577,604,518,205,203,1122,0.42218543046357615,0.023282887077997638,0.023282887077997638,347.84615384615387,chimp,12,0.019867549668874173,True,True,False,False,12.0,398.0,286.0,,,518,604,chimp(8):12;gorilla(11):12;orangutan(21):24;macaque(42):52;marmoset(64):76;guineapig(156):293;rat(156):404;mouse(156):398;cow(169):286;sheep(169):299;pig(169):260;goat(169):314;dog(169):281;ferret(169):312;panda(169):283;cat(169):270;opossum(319):518;platypus(378):604,2.056399904937291,14,False
ectonucleotide_pyrophosphatase,ENPP1,19,2778,648,557,231,164,1205,0.625,0.04643628509719222,0.04643628509719222,410.0,chimp,11,0.016975308641975308,True,True,False,False,11.0,511.0,320.0,,,557,648,chimp(8):11;orangutan(21):42;macaque(42):51;marmoset(64):99;guineapig(156):507;rat(156):534;mouse(156):511;cow(169):320;sheep(169):304;pig(169):273;goat(169):366;bat(169):304;dog(169):311;panda(169):285;cat(169):400;horse(169):420;opossum(319):557;platypus(378):648,2.0307535154954186,15,False
arachidonate_lipoxygenase,ALOX12B,19,2106,476,549,152,198,1025,0.5378151260504201,0.002849002849002802,0.005698005698005715,298.14285714285717,chimp,9,0.018907563025210083,True,True,False,False,9.0,332.0,246.0,,,549,476,chimp(8):9;orangutan(21):29;macaque(42):72;marmoset(64):115;guineapig(156):283;rat(156):322;mouse(156):332;cow(169):246;sheep(169):251;pig(169):233;goat(169):251;dog(169):249;ferret(169):246;panda(169):271;cat(169):238;horse(169):227;opossum(319):549;platypus(378):476,2.010742067070553,16,False
muscarinic_receptor,CHRM3,20,1773,450,303,202,119,753,0.5577777777777778,0.050761421319796995,0.050761421319796995,221.86666666666667,chimp,8,0.017777777777777778,True,True,True,True,8.0,229.0,168.0,250.0,152.0,303,450,chimp(8):8;orangutan(21):20;macaque(42):33;marmoset(64):77;guineapig(156):189;rat(156):219;mouse(156):229;cow(169):168;sheep(169):162;pig(169):136;goat(169):169;bat(169):308;dog(169):207;panda(169):220;cat(169):166;armadillo(180):250;elephant(183):152;opossum(319):303;platypus(378):450,1.9939207825854277,17,False
matrix_metalloproteinase,MMP1,17,1410,435,374,161,131,809,0.7080459770114943,0.012765957446808529,0.012765957446808529,237.0,chimp,6,0.013793103448275862,True,True,True,False,6.0,,,,159.0,374,435,chimp(8):6;gorilla(11):14;orangutan(21):20;macaque(42):46;marmoset(64):149;rabbit(156):160;sheep(169):198;pig(169):176;dog(169):205;ferret(169):278;panda(169):249;cat(169):227;horse(169):146;elephant(183):159;opossum(319):374;platypus(378):435,1.9450765687257203,18,True
cytochrome_p450,CYP7A1,22,1515,370,332,117,88,702,0.5405405405405406,0.001980198019801982,0.001980198019801982,245.9375,chimp,4,0.010810810810810811,True,True,False,True,4.0,257.0,254.0,251.0,,332,370,chimp(8):4;gorilla(11):9;orangutan(21):22;macaque(42):51;marmoset(64):76;rat(156):268;mouse(156):257;rabbit(156):204;cow(169):254;sheep(169):254;pig(169):240;goat(169):255;bat(169):214;dog(169):232;ferret(169):204;panda(169):203;cat(169):210;horse(169):187;armadillo(180):251;opossum(319):332;platypus(378):370,1.9366357426491017,19,False
p2y_receptor,P2RY14,23,1017,294,295,101,66,589,0.6020408163265306,0.01179941002949858,0.014749262536873142,182.58823529411765,chimp,12,0.04081632653061224,True,True,True,True,12.0,187.0,183.0,140.0,189.0,295,294,chimp(8):12;gorilla(11):10;orangutan(21):18;macaque(42):27;marmoset(64):47;guineapig(156):160;rat(156):202;mouse(156):187;rabbit(156):169;cow(169):183;sheep(169):181;pig(169):166;goat(169):172;dog(169):159;ferret(169):126;panda(169):156;cat(169):146;horse(169):179;armadillo(180):140;elephant(183):189;opossum(319):295;platypus(378):294,1.8521014443028956,20,True
m14_carboxypeptidase,CPXM2,17,2271,565,542,192,173,1107,0.44424778761061945,0.0303830911492734,0.0303830911492734,321.8333333333333,chimp,16,0.02831858407079646,True,True,False,False,16.0,327.0,254.0,,,542,565,chimp(8):16;orangutan(21):48;macaque(42):63;marmoset(64):115;rat(156):337;mouse(156):327;cow(169):254;sheep(169):255;pig(169):245;goat(169):258;dog(169):384;ferret(169):214;cat(169):243;horse(169):238;opossum(319):542;platypus(378):565,1.8042048719682913,21,False
cytochrome_p450,CYP2E1,20,1482,483,480,144,117,963,0.6459627329192547,0.004048582995951455,0.004048582995951455,310.1333333333333,chimp,18,0.037267080745341616,True,True,False,False,18.0,304.0,283.0,,,480,483,chimp(8):18;gorilla(11):9;orangutan(21):25;marmoset(64):111;guineapig(156):288;rat(156):292;mouse(156):304;rabbit(156):276;cow(169):283;sheep(169):279;pig(169):280;goat(169):283;bat(169):294;dog(169):296;panda(169):278;cat(169):290;horse(169):246;opossum(319):480;platypus(378):483,1.7249050073698382,22,False
matrix_metalloproteinase,MMP2,18,1983,392,391,170,176,783,0.4387755102040816,0.015128593040847238,0.015128593040847238,230.83333333333334,chimp,12,0.030612244897959183,True,True,False,True,12.0,209.0,185.0,220.0,,391,392,chimp(8):12;gorilla(11):14;orangutan(21):30;macaque(42):51;marmoset(64):101;rat(156):229;mouse(156):209;cow(169):185;sheep(169):186;goat(169):179;bat(169):269;dog(169):180;cat(169):164;horse(169):166;armadillo(180):220;opossum(319):391;platypus(378):392,1.723104223355037,23,False
p2y_receptor,P2RY2,21,1134,325,326,121,117,651,0.7353846153846154,0.044973544973545,0.05820105820105825,160.8125,chimp,6,0.018461538461538463,True,True,True,True,6.0,162.0,125.0,147.0,131.0,326,325,chimp(8):6;gorilla(11):6;orangutan(21):16;macaque(42):37;guineapig(156):164;rat(156):166;mouse(156):162;cow(169):125;sheep(169):133;pig(169):143;goat(169):132;bat(169):134;dog(169):120;ferret(169):146;cat(169):109;horse(169):110;armadillo(180):147;elephant(183):131;opossum(319):326;platypus(378):325,1.6450664350726028,24,False
matrix_metalloproteinase,MMP14,20,1749,298,324,126,140,622,0.32550335570469796,0.010291595197255532,0.010291595197255532,165.78571428571428,chimp,1,0.003355704697986577,True,True,True,False,1.0,177.0,135.0,,116.0,324,298,chimp(8):1;gorilla(11):12;orangutan(21):16;macaque(42):32;marmoset(64):78;guineapig(156):148;rat(156):178;mouse(156):177;cow(169):135;sheep(169):136;pig(169):116;goat(169):147;dog(169):143;ferret(169):159;cat(169):132;horse(169):112;elephant(183):116;opossum(319):324;platypus(378):298,1.6320987762232495,25,False
glutamate_metabotropic,GRM3,17,2640,432,450,145,148,882,0.2361111111111111,0.003409090909090917,0.003409090909090917,262.3333333333333,chimp,7,0.016203703703703703,True,True,False,False,7.0,273.0,212.0,,,450,432,chimp(8):7;orangutan(21):18;macaque(42):46;marmoset(64):85;rat(156):267;mouse(156):273;rabbit(156):255;cow(169):212;sheep(169):212;goat(169):210;dog(169):214;panda(169):224;cat(169):227;horse(169):172;opossum(319):450;platypus(378):432,1.6193516087885147,26,False
adam_metallopeptidase,ADAM15,22,2592,774,753,308,258,1527,0.7467700258397932,0.21064814814814814,0.21064814814814814,452.3125,chimp,20,0.025839793281653745,True,True,True,False,20.0,379.0,456.0,,348.0,753,774,chimp(8):20;gorilla(11):22;orangutan(21):32;macaque(42):71;marmoset(64):159;guineapig(156):403;rat(156):428;mouse(156):379;rabbit(156):423;cow(169):456;sheep(169):382;pig(169):371;goat(169):385;bat(169):369;dog(169):420;panda(169):434;cat(169):514;horse(169):398;elephant(183):348;opossum(319):753;platypus(378):774,1.5542025019738281,27,False
ectonucleotide_pyrophosphatase,ENPP4,20,1362,310,257,95,67,567,0.567741935483871,0.0022026431718061845,0.004405286343612369,185.0,chimp,1,0.0032258064516129032,True,True,False,True,1.0,219.0,187.0,114.0,,257,310,chimp(8):1;orangutan(21):15;macaque(42):30;marmoset(64):50;guineapig(156):217;rat(156):218;mouse(156):219;cow(169):187;sheep(169):194;pig(169):206;goat(169):195;dog(169):123;ferret(169):139;panda(169):130;cat(169):128;horse(169):138;armadillo(180):114;opossum(319):257;platypus(378):310,1.5534747544581544,28,False
flavin_monooxygenase,FMO5,18,1602,487,344,189,96,831,0.5770020533880903,0.0037453183520599342,0.0037453183520599342,237.6153846153846,chimp,6,0.012320328542094456,True,True,False,False,6.0,252.0,199.0,,,344,487,chimp(8):6;orangutan(21):25;macaque(42):32;marmoset(64):83;guineapig(156):210;rat(156):256;mouse(156):252;rabbit(156):217;cow(169):199;sheep(169):199;pig(169):231;goat(169):198;panda(169):164;cat(169):163;horse(169):169;opossum(319):344;platypus(378):487,1.5356468667915828,29,False
arf_gtpase,ARL4A,23,603,152,187,30,70,339,0.13157894736842105,0.00497512437810943,0.00497512437810943,49.77777777777778,gorilla,2,0.013157894736842105,True,True,True,True,,45.0,33.0,27.0,24.0,187,152,gorilla(11):2;orangutan(21):54;macaque(42):9;marmoset(64):15;guineapig(156):48;rat(156):40;mouse(156):45;rabbit(156):42;cow(169):33;sheep(169):38;pig(169):38;goat(169):39;bat(169):41;dog(169):20;ferret(169):30;panda(169):36;cat(169):30;horse(169):26;armadillo(180):27;elephant(183):24;opossum(319):187;platypus(378):152,1.5290278718340184,30,True
steap_metalloreductase,STEAP2,19,1473,396,193,181,49,589,0.3106060606060606,0.004073319755600768,0.004073319755600768,144.42857142857142,gorilla,7,0.017676767676767676,True,True,True,False,,201.0,98.0,,96.0,193,396,gorilla(11):7;orangutan(21):15;macaque(42):44;marmoset(64):41;guineapig(156):151;rat(156):198;mouse(156):201;cow(169):98;pig(169):99;goat(169):96;dog(169):101;ferret(169):122;panda(169):91;cat(169):87;horse(169):93;elephant(183):96;opossum(319):193;platypus(378):396,1.4647010817276631,31,False
aldehyde_dehydrogenase,ALDH1A3,21,1539,304,267,54,44,571,0.3256578947368421,0.0019493177387914784,0.0019493177387914784,199.3125,gorilla,7,0.023026315789473683,True,True,False,True,,196.0,174.0,178.0,,267,304,gorilla(11):7;orangutan(21):23;macaque(42):46;marmoset(64):67;guineapig(156):81;rat(156):180;mouse(156):196;rabbit(156):432;cow(169):174;sheep(169):212;pig(169):159;goat(169):173;dog(169):160;ferret(169):168;panda(169):183;cat(169):172;horse(169):150;armadillo(180):178;opossum(319):267;platypus(378):304,1.4452480803708592,32,False
aldehyde_dehydrogenase,ALDH1B1,15,1554,282,330,67,104,612,0.2730496453900709,0.0019305019305019266,0.0019305019305019266,201.1818181818182,chimp,7,0.024822695035460994,True,True,False,True,7.0,199.0,212.0,175.0,,330,282,chimp(8):7;macaque(42):51;marmoset(64):91;rat(156):206;mouse(156):199;cow(169):212;pig(169):163;dog(169):167;ferret(169):161;panda(169):174;cat(169):144;armadillo(180):175;opossum(319):330;platypus(378):282,1.3876733020334406,33,False
hox,HOXD10,23,1023,136,117,36,18,253,0.35294117647058826,0.0029325513196480912,0.0029325513196480912,35.5,chimp,1,0.007352941176470588,True,True,True,True,1.0,29.0,26.0,30.0,28.0,117,136,chimp(8):1;gorilla(11):1;orangutan(21):4;marmoset(64):15;guineapig(156):25;rat(156):26;mouse(156):29;rabbit(156):13;cow(169):26;sheep(169):24;pig(169):24;goat(169):25;bat(169):28;dog(169):18;ferret(169):24;panda(169):23;cat(169):21;horse(169):22;armadillo(180):30;elephant(183):28;opossum(319):117;platypus(378):136,1.3693605778392481,34,False
cytochrome_p450,CYP19A1,19,1512,430,306,152,99,736,0.5093023255813953,0.003968253968253954,0.003968253968253954,239.30769230769232,chimp,3,0.0069767441860465115,True,True,False,False,3.0,281.0,205.0,,,306,430,chimp(8):3;gorilla(11):5;orangutan(21):19;macaque(42):38;marmoset(64):80;guineapig(156):226;rat(156):297;mouse(156):281;rabbit(156):201;cow(169):205;sheep(169):206;bat(169):196;dog(169):183;panda(169):169;cat(169):176;horse(169):235;opossum(319):306;platypus(378):430,1.3457580294569726,35,False
serotonin_receptor,HTR5A,19,1074,185,239,52,75,424,0.5459459459459459,0.011173184357541888,0.011173184357541888,150.78571428571428,gorilla,8,0.043243243243243246,True,True,True,True,,169.0,136.0,115.0,123.0,239,185,gorilla(11):8;orangutan(21):17;macaque(42):29;marmoset(64):53;guineapig(156):136;rat(156):198;mouse(156):169;cow(169):136;sheep(169):147;goat(169):144;dog(169):123;ferret(169):138;cat(169):138;horse(169):120;armadillo(180):115;elephant(183):123;opossum(319):239;platypus(378):185,1.3193977532806769,36,False
flavin_monooxygenase,FMO3,17,1599,390,366,120,109,756,0.5641025641025641,0.0018761726078799779,0.0018761726078799779,261.4166666666667,chimp,6,0.015384615384615385,True,True,False,False,6.0,270.0,246.0,,,366,390,chimp(8):6;orangutan(21):23;macaque(42):56;marmoset(64):91;rat(156):273;mouse(156):270;rabbit(156):232;cow(169):246;sheep(169):237;pig(169):225;goat(169):241;dog(169):220;cat(169):222;horse(169):215;opossum(319):366;platypus(378):390,1.3001891980890916,37,False
hox,HOXB13,23,855,233,172,110,51,405,0.5708154506437768,0.038596491228070184,0.038596491228070184,110.82352941176471,chimp,4,0.017167381974248927,True,True,True,True,4.0,106.0,89.0,98.0,85.0,172,233,chimp(8):4;gorilla(11):7;orangutan(21):7;macaque(42):32;marmoset(64):40;guineapig(156):102;rat(156):103;mouse(156):106;rabbit(156):91;cow(169):89;sheep(169):87;pig(169):85;goat(169):88;dog(169):119;ferret(169):117;panda(169):115;cat(169):104;horse(169):90;armadillo(180):98;elephant(183):85;opossum(319):172;platypus(378):233,1.270278041344919,38,True
matrix_metalloproteinase,MMP8,19,1404,423,418,150,126,841,0.6761229314420804,0.021367521367521403,0.021367521367521403,270.35714285714283,chimp,13,0.030732860520094562,True,True,False,False,13.0,277.0,238.0,,,418,423,chimp(8):13;gorilla(11):13;orangutan(21):40;macaque(42):62;guineapig(156):260;rat(156):283;mouse(156):277;cow(169):238;sheep(169):236;pig(169):207;goat(169):230;bat(169):200;dog(169):241;panda(169):273;cat(169):299;horse(169):200;opossum(319):418;platypus(378):423,1.2147725043156066,39,False
arachidonate_lipoxygenase,ALOX5,19,2025,362,364,86,100,726,0.3425414364640884,0.001481481481481528,0.001481481481481528,239.0,chimp,9,0.024861878453038673,True,True,False,False,9.0,245.0,199.0,,,364,362,chimp(8):9;orangutan(21):23;macaque(42):55;marmoset(64):88;guineapig(156):268;rat(156):267;mouse(156):245;rabbit(156):194;cow(169):199;sheep(169):198;pig(169):186;goat(169):192;dog(169):199;ferret(169):195;cat(169):231;horse(169):246;opossum(319):364;platypus(378):362,1.1907633307849357,40,False
ras_gtpases,NKIRAS2,22,576,94,87,30,29,181,0.26595744680851063,0.00520833333333337,0.00520833333333337,64.25,chimp,0,0.0,True,True,True,True,0.0,52.0,122.0,48.0,47.0,87,94,chimp(8):0;gorilla(11):1;orangutan(21):5;macaque(42):11;marmoset(64):25;guineapig(156):67;rat(156):53;mouse(156):52;rabbit(156):50;cow(169):122;sheep(169):40;pig(169):44;goat(169):41;dog(169):42;ferret(169):39;panda(169):176;cat(169):26;armadillo(180):48;elephant(183):47;opossum(319):87;platypus(378):94,1.184045195998538,41,True
rho_gtpase,RND2,19,684,141,102,58,37,243,0.40425531914893614,0.004385964912280715,0.004385964912280715,52.142857142857146,chimp,2,0.014184397163120567,True,True,True,True,2.0,53.0,38.0,44.0,34.0,102,141,chimp(8):2;orangutan(21):6;macaque(42):10;marmoset(64):15;guineapig(156):79;mouse(156):53;cow(169):38;sheep(169):28;pig(169):36;goat(169):29;bat(169):44;dog(169):34;cat(169):40;horse(169):28;armadillo(180):44;elephant(183):34;opossum(319):102;platypus(378):141,1.1615801780778539,42,True
cytochrome_p450,CYP2R1,19,1506,437,319,207,112,756,0.5377574370709383,0.015936254980079667,0.015936254980079667,168.23076923076923,chimp,8,0.018306636155606407,True,True,False,False,8.0,166.0,131.0,,,319,437,chimp(8):8;gorilla(11):7;orangutan(21):17;macaque(42):35;marmoset(64):63;guineapig(156):135;rat(156):176;mouse(156):166;rabbit(156):113;cow(169):131;sheep(169):121;pig(169):117;goat(169):121;panda(169):131;cat(169):118;horse(169):102;opossum(319):319;platypus(378):437,1.15687917353731,43,False
serine_protease,PRSS23,19,1152,257,197,78,51,454,0.4474708171206226,0.01822916666666663,0.0234375,140.0625,orangutan,14,0.054474708171206226,True,True,True,True,,158.0,138.0,184.0,114.0,197,257,orangutan(21):14;macaque(42):26;guineapig(156):112;mouse(156):158;rabbit(156):109;cow(169):138;sheep(169):140;pig(169):110;goat(169):144;bat(169):120;dog(169):123;ferret(169):129;cat(169):105;horse(169):101;armadillo(180):184;elephant(183):114;opossum(319):197;platypus(378):257,1.1551896941828246,44,False
hox,HOXB5,22,810,140,111,64,37,251,0.34285714285714286,0.01851851851851849,0.01851851851851849,44.625,chimp,1,0.007142857142857143,True,True,True,True,1.0,43.0,17.0,30.0,34.0,111,140,chimp(8):1;gorilla(11):3;orangutan(21):6;macaque(42):8;marmoset(64):15;guineapig(156):41;rat(156):142;mouse(156):43;rabbit(156):26;cow(169):17;sheep(169):18;pig(169):21;goat(169):17;dog(169):19;ferret(169):19;panda(169):17;horse(169):19;armadillo(180):30;elephant(183):34;opossum(319):111;platypus(378):140,1.1527364877535846,45,True
ectonucleotide_pyrophosphatase,ENPP5,20,1434,350,367,122,129,717,0.54,0.010460251046025104,0.010460251046025104,205.26666666666668,chimp,7,0.02,True,True,False,False,7.0,235.0,190.0,,,367,350,chimp(8):7;orangutan(21):15;macaque(42):37;marmoset(64):63;guineapig(156):204;rat(156):231;mouse(156):235;rabbit(156):132;cow(169):190;sheep(169):194;pig(169):185;goat(169):189;dog(169):141;ferret(169):172;panda(169):188;cat(169):164;horse(169):137;opossum(319):367;platypus(378):350,1.1267467266842859,46,False
hox,HOXA6,17,702,138,124,33,16,262,0.2463768115942029,0.008547008547008517,0.008547008547008517,45.333333333333336,gorilla,2,0.014492753623188406,True,True,True,True,,49.0,29.0,24.0,28.0,124,138,gorilla(11):2;orangutan(21):8;macaque(42):105;marmoset(64):140;guineapig(156):26;mouse(156):49;cow(169):29;sheep(169):32;goat(169):29;dog(169):20;ferret(169):23;panda(169):22;armadillo(180):24;elephant(183):28;opossum(319):124;platypus(378):138,1.1094601379067857,47,True
rab_gtpase,RAB24,22,612,86,99,29,29,185,0.1744186046511628,0.004901960784313708,0.004901960784313708,61.5625,chimp,1,0.011627906976744186,True,True,True,True,1.0,67.0,69.0,42.0,37.0,99,86,chimp(8):1;gorilla(11):0;orangutan(21):1;macaque(42):6;marmoset(64):14;guineapig(156):44;rat(156):93;mouse(156):67;cow(169):69;sheep(169):72;pig(169):139;goat(169):33;bat(169):35;dog(169):37;ferret(169):38;panda(169):31;cat(169):63;armadillo(180):42;elephant(183):37;opossum(319):99;platypus(378):86,1.096265827067568,48,True
hox,HOXB1,23,906,245,225,103,75,470,0.6571428571428571,0.019867549668874163,0.019867549668874163,129.1764705882353,chimp,4,0.0163265306122449,True,True,False,True,4.0,138.0,112.0,123.0,,225,245,chimp(8):4;gorilla(11):7;orangutan(21):15;macaque(42):24;marmoset(64):50;guineapig(156):151;rat(156):137;mouse(156):138;rabbit(156):124;cow(169):112;sheep(169):112;pig(169):107;goat(169):114;bat(169):110;dog(169):103;ferret(169):105;panda(169):96;cat(169):92;horse(169):102;armadillo(180):123;opossum(319):225;platypus(378):245,1.0639261866293208,49,False
adrenoceptor,ADRA2A,19,1398,269,252,130,109,521,0.6579925650557621,0.045064377682403456,0.0665236051502146,142.69230769230768,chimp,8,0.02973977695167286,True,True,True,True,8.0,167.0,129.0,109.0,123.0,252,269,chimp(8):8;gorilla(11):10;orangutan(21):21;macaque(42):48;marmoset(64):62;rat(156):153;mouse(156):167;cow(169):129;sheep(169):131;pig(169):127;goat(169):130;dog(169):75;cat(169):96;horse(169):94;armadillo(180):109;elephant(183):123;opossum(319):252;platypus(378):269,1.0385859361930243,50,False
cytochrome_p450,CYP1B1,21,1632,459,411,224,137,870,0.7058823529411765,0.05147058823529416,0.05147058823529416,262.8666666666667,chimp,12,0.026143790849673203,True,True,False,False,12.0,298.0,242.0,,,411,459,chimp(8):12;gorilla(11):21;orangutan(21):10;macaque(42):68;marmoset(64):94;guineapig(156):256;rat(156):293;mouse(156):298;rabbit(156):235;cow(169):242;sheep(169):232;pig(169):236;goat(169):229;dog(169):209;ferret(169):204;panda(169):221;cat(169):220;horse(169):198;opossum(319):411;platypus(378):459,1.0241735846543776,51,False
matrix_metalloproteinase,MMP25,16,1689,494,479,165,182,973,0.6477732793522267,0.007104795737122527,0.03374777975133214,311.3333333333333,orangutan,34,0.06882591093117409,True,True,False,False,,366.0,250.0,,,479,494,orangutan(21):34;macaque(42):72;marmoset(64):132;guineapig(156):276;rat(156):371;mouse(156):366;cow(169):250;sheep(169):241;pig(169):262;goat(169):249;dog(169):265;cat(169):261;horse(169):222;opossum(319):479;platypus(378):494,1.0146346945416562,52,False
rab_gtpase,RAB9B,18,606,93,95,38,34,188,0.16129032258064516,0.004950495049504955,0.004950495049504955,45.53846153846154,chimp,1,0.010752688172043012,True,True,True,True,1.0,48.0,36.0,31.0,33.0,95,93,chimp(8):1;gorilla(11):2;orangutan(21):4;marmoset(64):10;rat(156):51;mouse(156):48;cow(169):36;sheep(169):40;pig(169):33;goat(169):41;bat(169):36;ferret(169):28;panda(169):27;armadillo(180):31;elephant(183):33;opossum(319):95;platypus(378):93,1.0088158755165755,53,True
cytochrome_p450,CYP21A2,16,1488,468,530,193,201,998,0.7670940170940171,0.06854838709677424,0.06854838709677424,290.6923076923077,macaque,48,0.10256410256410256,True,True,False,True,,328.0,,273.0,,530,468,macaque(42):48;marmoset(64):93;guineapig(156):123;rat(156):339;mouse(156):328;rabbit(156):237;sheep(169):244;pig(169):240;dog(169):258;panda(169):248;cat(169):255;horse(169):236;armadillo(180):273;opossum(319):530;platypus(378):468,0.9844012375058802,54,False
aldo_keto_reductase,AKR1A1,19,978,211,200,70,58,411,0.4075829383886256,0.0030674846625766694,0.006134969325153339,123.84615384615384,chimp,3,0.014218009478672985,True,True,False,True,3.0,119.0,93.0,111.0,,200,211,chimp(8):3;gorilla(11):6;orangutan(21):11;macaque(42):16;marmoset(64):31;guineapig(156):115;rat(156):121;mouse(156):119;cow(169):93;sheep(169):94;pig(169):141;goat(169):95;bat(169):92;panda(169):101;cat(169):117;armadillo(180):111;opossum(319):200;platypus(378):211,0.9832907486127017,55,False
adamts_metallopeptidase,ADAMTS13,19,4116,1122,976,417,378,2098,0.7183600713012478,0.08090379008746351,0.32580174927113703,786.9285714285714,chimp,42,0.0374331550802139,True,True,False,False,42.0,937.0,796.0,,,976,1122,chimp(8):42;orangutan(21):115;macaque(42):166;marmoset(64):266;guineapig(156):940;rat(156):953;mouse(156):937;rabbit(156):231;cow(169):796;sheep(169):806;pig(169):707;goat(169):783;dog(169):709;ferret(169):766;cat(169):681;horse(169):610;opossum(319):976;platypus(378):1122,0.9369782142954268,56,False
carbonic_anhydrase,CA11,17,987,187,198,84,71,385,0.4117647058823529,0.003039513677811523,0.003039513677811523,96.53846153846153,chimp,2,0.0106951871657754,True,True,True,False,2.0,96.0,89.0,,67.0,198,187,chimp(8):2;macaque(42):38;marmoset(64):42;guineapig(156):87;rat(156):91;mouse(156):96;cow(169):89;sheep(169):83;pig(169):75;goat(169):79;ferret(169):69;panda(169):63;horse(169):71;elephant(183):67;opossum(319):198;platypus(378):187,0.9289752006905749,57,False
cxc_chemokine_receptor,CXCR5,19,1119,318,316,144,118,634,0.7861635220125787,0.01608579088471851,0.01608579088471851,178.76923076923077,chimp,2,0.006289308176100629,True,True,False,False,2.0,207.0,145.0,,,316,318,chimp(8):2;gorilla(11):7;orangutan(21):17;macaque(42):29;marmoset(64):76;guineapig(156):135;rat(156):210;mouse(156):207;cow(169):145;sheep(169):150;pig(169):119;goat(169):148;dog(169):140;ferret(169):154;panda(169):135;cat(169):147;opossum(319):316;platypus(378):318,0.9270668441348564,58,False
hox,HOXA5,23,813,123,119,29,23,242,0.4634146341463415,0.0073800738007380184,0.0073800738007380184,45.611111111111114,gorilla,6,0.04878048780487805,True,True,True,True,,44.0,96.0,24.0,28.0,119,123,gorilla(11):6;orangutan(21):7;macaque(42):10;marmoset(64):17;guineapig(156):30;rat(156):135;mouse(156):44;rabbit(156):29;cow(169):96;sheep(169):22;pig(169):21;goat(169):22;bat(169):23;dog(169):23;ferret(169):21;panda(169):22;cat(169):19;horse(169):20;armadillo(180):24;elephant(183):28;opossum(319):119;platypus(378):123,0.9209576407616613,59,False
arf_gtpase,ARF6,22,528,42,40,10,15,82,0.0,0.005681818181818232,0.005681818181818232,20.176470588235293,chimp,0,0.0,True,True,True,True,0.0,21.0,13.0,22.0,17.0,40,42,chimp(8):0;gorilla(11):2;orangutan(21):0;marmoset(64):8;guineapig(156):17;rat(156):18;mouse(156):21;rabbit(156):17;cow(169):13;sheep(169):13;pig(169):17;bat(169):23;dog(169):13;ferret(169):14;panda(169):13;cat(169):13;horse(169):30;armadillo(180):22;elephant(183):17;opossum(319):40;platypus(378):42,0.9074422947215199,60,False
adamts_metallopeptidase,ADAMTS5,20,2793,614,640,281,282,1254,0.47068403908794787,0.20622986036519875,0.20622986036519875,375.57142857142856,chimp,9,0.014657980456026058,True,True,True,False,9.0,383.0,344.0,,333.0,640,614,chimp(8):9;gorilla(11):17;orangutan(21):33;macaque(42):82;marmoset(64):148;guineapig(156):370;rat(156):388;mouse(156):383;cow(169):344;sheep(169):351;pig(169):296;goat(169):355;dog(169):301;ferret(169):300;cat(169):317;horse(169):266;elephant(183):333;opossum(319):640;platypus(378):614,0.9073233568179571,61,False
p2y_receptor,P2RY12,15,1029,236,233,79,69,469,0.4322033898305085,0.002915451895043719,0.002915451895043719,145.0909090909091,orangutan,8,0.03389830508474576,True,True,False,True,,179.0,115.0,122.0,,233,236,orangutan(21):8;macaque(42):21;marmoset(64):47;rat(156):179;mouse(156):179;cow(169):115;sheep(169):121;pig(169):95;dog(169):93;ferret(169):99;horse(169):124;armadillo(180):122;opossum(319):233;platypus(378):236,0.9045891002099502,62,False
histone_deacetylase_classI,HDAC2,20,1467,182,161,46,39,343,0.016483516483516484,0.002044989775051076,0.002044989775051076,116.35714285714286,chimp,2,0.01098901098901099,True,True,True,False,2.0,123.0,104.0,,78.0,161,182,chimp(8):2;gorilla(11):4;orangutan(21):5;macaque(42):14;marmoset(64):40;guineapig(156):169;rat(156):201;mouse(156):123;cow(169):104;sheep(169):87;pig(169):77;goat(169):84;dog(169):80;panda(169):73;cat(169):127;horse(169):83;elephant(183):78;opossum(319):161;platypus(378):182,0.900494722662579,63,False
phosphodiesterase,PDE7A,18,1449,199,180,56,62,379,0.1507537688442211,0.0020703933747412417,0.0020703933747412417,122.57142857142857,chimp,4,0.020100502512562814,True,True,False,True,4.0,135.0,131.0,112.0,,180,199,chimp(8):4;orangutan(21):12;macaque(42):89;rat(156):196;mouse(156):135;rabbit(156):73;cow(169):131;sheep(169):114;pig(169):93;goat(169):116;bat(169):121;dog(169):74;cat(169):99;horse(169):73;armadillo(180):112;opossum(319):180;platypus(378):199,0.8670659785195445,64,False
serotonin_receptor,HTR1E,19,1098,199,196,62,54,395,0.24623115577889448,0.005464480874316946,0.005464480874316946,121.21428571428571,chimp,5,0.02512562814070352,True,True,False,True,5.0,,119.0,110.0,,196,199,chimp(8):5;gorilla(11):7;orangutan(21):15;macaque(42):34;guineapig(156):125;rabbit(156):97;cow(169):119;sheep(169):127;pig(169):100;goat(169):129;bat(169):98;dog(169):103;panda(169):102;cat(169):89;horse(169):103;armadillo(180):110;opossum(319):196;platypus(378):199,0.851500903410921,65,False
aldehyde_dehydrogenase,ALDH6A1,19,1608,335,242,166,84,577,0.2656716417910448,0.005597014925373123,0.007462686567164201,151.07692307692307,chimp,3,0.008955223880597015,True,True,False,False,3.0,150.0,207.0,,,242,335,chimp(8):3;gorilla(11):8;orangutan(21):15;macaque(42):21;marmoset(64):39;guineapig(156):138;rat(156):136;mouse(156):150;cow(169):207;sheep(169):120;pig(169):107;goat(169):117;dog(169):101;panda(169):97;cat(169):95;horse(169):119;opossum(319):242;platypus(378):335,0.8512366499902844,66,False
serotonin_receptor,HTR1B,23,1173,382,239,269,84,621,0.7696335078534031,0.12787723785166238,0.12787723785166238,135.76470588235293,chimp,4,0.010471204188481676,True,True,True,True,4.0,120.0,124.0,110.0,116.0,239,382,chimp(8):4;gorilla(11):6;orangutan(21):11;macaque(42):28;marmoset(64):45;guineapig(156):165;rat(156):119;mouse(156):120;rabbit(156):112;cow(169):124;sheep(169):118;pig(169):104;goat(169):119;bat(169):115;dog(169):99;ferret(169):87;panda(169):85;cat(169):94;armadillo(180):110;elephant(183):116;opossum(319):239;platypus(378):382,0.8473972835695043,67,False
cytochrome_p450,CYP27A1,18,1596,461,460,214,176,921,0.6811279826464208,0.03947368421052633,0.06578947368421051,303.4166666666667,chimp,16,0.03470715835140998,True,True,False,False,16.0,330.0,260.0,,,460,461,chimp(8):16;gorilla(11):26;orangutan(21):29;macaque(42):60;marmoset(64):156;rat(156):333;mouse(156):330;cow(169):260;sheep(169):257;pig(169):256;goat(169):253;dog(169):249;panda(169):245;cat(169):292;horse(169):245;opossum(319):460;platypus(378):461,0.8391507666636334,68,False
serine_protease,F10,18,1467,404,454,103,144,858,0.6683168316831684,0.049079754601227044,0.049079754601227044,327.7692307692308,gorilla,16,0.039603960396039604,True,True,False,False,,324.0,338.0,,,454,404,gorilla(11):16;orangutan(21):38;macaque(42):71;marmoset(64):144;rat(156):335;mouse(156):324;rabbit(156):295;cow(169):338;sheep(169):343;pig(169):275;goat(169):337;dog(169):298;panda(169):286;cat(169):288;horse(169):284;opossum(319):454;platypus(378):404,0.8244355196130725,69,False
ras_gtpases,RAP1B,19,555,58,48,15,10,106,0.0,0.00540540540540535,0.00540540540540535,31.785714285714285,chimp,1,0.017241379310344827,True,True,True,True,1.0,46.0,23.0,57.0,42.0,48,58,chimp(8):1;orangutan(21):3;macaque(42):6;marmoset(64):9;mouse(156):46;rabbit(156):20;cow(169):23;sheep(169):23;pig(169):20;goat(169):24;bat(169):16;dog(169):17;cat(169):22;horse(169):29;armadillo(180):57;elephant(183):42;opossum(319):48;platypus(378):58,0.7475066059902783,70,False
serotonin_receptor,HTR2B,20,1446,344,316,118,108,660,0.45930232558139533,0.004149377593360981,0.022821576763485507,174.66666666666666,chimp,10,0.029069767441860465,True,True,False,False,10.0,223.0,140.0,,,316,344,chimp(8):10;orangutan(21):11;macaque(42):34;marmoset(64):45;guineapig(156):166;rat(156):225;mouse(156):223;rabbit(156):142;cow(169):140;sheep(169):153;pig(169):121;goat(169):151;bat(169):125;dog(169):148;panda(169):127;cat(169):120;horse(169):119;opossum(319):316;platypus(378):344,0.7423360943741241,71,False
muscarinic_receptor,CHRM4,23,1440,238,199,87,48,437,0.4327731092436975,0.022916666666666696,0.09999999999999998,133.64705882352942,chimp,3,0.012605042016806723,True,True,True,True,3.0,148.0,122.0,121.0,140.0,199,238,chimp(8):3;gorilla(11):8;orangutan(21):18;macaque(42):40;marmoset(64):70;guineapig(156):139;rat(156):151;mouse(156):148;rabbit(156):114;cow(169):122;sheep(169):117;pig(169):114;goat(169):113;bat(169):117;dog(169):108;panda(169):107;cat(169):111;horse(169):113;armadillo(180):121;elephant(183):140;opossum(319):199;platypus(378):238,0.6601062065907352,72,False
matrix_metalloproteinase,MMP23B,18,1173,269,311,83,103,580,0.6802973977695167,0.020460358056266004,0.020460358056266004,183.84615384615384,chimp,4,0.01486988847583643,True,True,False,False,4.0,232.0,199.0,,,311,269,chimp(8):4;gorilla(11):68;orangutan(21):17;macaque(42):28;guineapig(156):191;rat(156):222;mouse(156):232;cow(169):199;sheep(169):136;pig(169):108;goat(169):136;dog(169):161;ferret(169):139;panda(169):146;cat(169):140;opossum(319):311;platypus(378):269,0.6254592429920124,73,False
hox,HOXD12,19,813,186,188,74,53,374,0.6451612903225806,0.011070110701106972,0.014760147601476037,106.92857142857143,chimp,6,0.03225806451612903,True,True,True,False,6.0,113.0,91.0,,96.0,188,186,chimp(8):6;orangutan(21):10;macaque(42):24;marmoset(64):39;guineapig(156):82;rat(156):116;mouse(156):113;rabbit(156):77;cow(169):91;sheep(169):88;pig(169):89;goat(169):90;bat(169):100;dog(169):94;panda(169):87;elephant(183):96;opossum(319):188;platypus(378):186,0.619507849497475,74,False
ras_gtpases,RASL11A,21,729,188,147,61,36,335,0.6329787234042553,0.0864197530864198,0.0864197530864198,100.46666666666667,chimp,0,0.0,True,True,True,True,0.0,108.0,103.0,109.0,97.0,147,188,chimp(8):0;gorilla(11):4;orangutan(21):7;macaque(42):19;marmoset(64):31;guineapig(156):87;rat(156):102;mouse(156):108;rabbit(156):99;cow(169):103;sheep(169):100;pig(169):78;bat(169):64;dog(169):75;panda(169):66;cat(169):84;armadillo(180):109;elephant(183):97;opossum(319):147;platypus(378):188,0.6038060782143572,75,False
hox,HOXC6,21,708,129,65,84,29,194,0.2558139534883721,0.004237288135593209,0.004237288135593209,28.933333333333334,chimp,0,0.0,True,True,True,False,0.0,19.0,38.0,,15.0,65,129,chimp(8):0;gorilla(11):2;orangutan(21):1;macaque(42):6;marmoset(64):42;guineapig(156):17;rat(156):21;mouse(156):19;rabbit(156):25;cow(169):38;sheep(169):20;pig(169):13;goat(169):19;bat(169):12;dog(169):16;ferret(169):12;panda(169):13;elephant(183):15;opossum(319):65;platypus(378):129,0.5888877287118818,76,False
ras_gtpases,RASL10B,22,612,60,63,25,29,123,0.25,0.004901960784313708,0.004901960784313708,37.0,chimp,3,0.05,True,True,True,True,3.0,146.0,,24.0,20.0,63,60,chimp(8):3;gorilla(11):2;orangutan(21):5;macaque(42):14;marmoset(64):19;rat(156):35;mouse(156):146;rabbit(156):17;sheep(169):27;pig(169):28;goat(169):25;bat(169):21;dog(169):26;ferret(169):27;panda(169):26;cat(169):24;horse(169):23;armadillo(180):24;elephant(183):20;opossum(319):63;platypus(378):60,0.588659559962698,77,False
rho_gtpase,RND3,22,735,119,83,38,23,202,0.05042016806722689,0.004081632653061273,0.004081632653061273,55.9375,chimp,1,0.008403361344537815,True,True,True,False,1.0,51.0,47.0,,42.0,83,119,chimp(8):1;gorilla(11):1;orangutan(21):3;macaque(42):6;marmoset(64):13;guineapig(156):52;rat(156):56;mouse(156):51;rabbit(156):47;cow(169):47;sheep(169):44;pig(169):44;goat(169):47;bat(169):45;dog(169):77;ferret(169):48;panda(169):51;horse(169):42;elephant(183):42;opossum(319):83;platypus(378):119,0.5643377700607414,78,False
rab_gtpase,RAB29,19,612,133,96,54,30,229,0.48872180451127817,0.004901960784313708,0.004901960784313708,62.46666666666667,chimp,1,0.007518796992481203,True,True,True,False,1.0,55.0,34.0,,37.0,96,133,chimp(8):1;orangutan(21):4;marmoset(64):17;guineapig(156):48;rat(156):64;mouse(156):55;cow(169):34;sheep(169):88;pig(169):47;goat(169):36;bat(169):47;dog(169):44;ferret(169):50;panda(169):53;cat(169):105;elephant(183):37;opossum(319):96;platypus(378):133,0.559066929095195,79,False
adrenoceptor,ADRA1B,19,1563,331,306,130,107,637,0.5347432024169184,0.030710172744721653,0.03262955854126681,132.30769230769232,chimp,9,0.027190332326283987,True,True,False,False,9.0,146.0,92.0,,,306,331,chimp(8):9;gorilla(11):13;orangutan(21):11;macaque(42):22;marmoset(64):49;rat(156):143;mouse(156):146;rabbit(156):96;cow(169):92;sheep(169):87;pig(169):91;goat(169):89;dog(169):104;ferret(169):79;cat(169):71;horse(169):85;opossum(319):306;platypus(378):331,0.5523849378940104,80,False
glutathione_peroxidase,GPX8,20,630,137,147,45,43,284,0.5328467153284672,0.004761904761904745,0.004761904761904745,71.28571428571429,chimp,4,0.029197080291970802,True,True,False,True,4.0,109.0,53.0,49.0,,147,137,chimp(8):4;gorilla(11):5;orangutan(21):6;macaque(42):11;marmoset(64):17;guineapig(156):76;rat(156):102;mouse(156):109;rabbit(156):66;cow(169):53;sheep(169):51;pig(169):32;goat(169):53;panda(169):39;cat(169):43;horse(169):41;armadillo(180):49;opossum(319):147;platypus(378):137,0.5460321761416222,81,False
serine_protease,HGFAC,17,1968,547,580,225,225,1127,0.7020109689213894,0.10518292682926833,0.10518292682926833,364.0,gorilla,42,0.07678244972577697,True,True,False,False,,373.0,289.0,,,580,547,gorilla(11):42;orangutan(21):47;macaque(42):91;marmoset(64):171;guineapig(156):376;rat(156):361;mouse(156):373;cow(169):289;sheep(169):292;pig(169):329;goat(169):306;dog(169):301;ferret(169):325;horse(169):289;opossum(319):580;platypus(378):547,0.5332012322912758,82,False
arf_gtpase,ARL14,19,579,193,184,91,52,377,0.6735751295336787,0.03626943005181349,0.03626943005181349,105.92857142857143,chimp,3,0.015544041450777202,True,True,True,False,3.0,124.0,87.0,,93.0,184,193,chimp(8):3;gorilla(11):5;orangutan(21):12;macaque(42):83;guineapig(156):79;rat(156):117;mouse(156):124;rabbit(156):84;cow(169):87;sheep(169):95;pig(169):81;goat(169):96;bat(169):112;dog(169):69;panda(169):69;elephant(183):93;opossum(319):184;platypus(378):193,0.5164289908242756,83,False
aldo_keto_reductase,AKR1D1,16,981,336,247,175,97,583,0.6488095238095238,0.003058103975535187,0.030581039755351647,148.54545454545453,chimp,3,0.008928571428571428,True,True,False,False,3.0,165.0,116.0,,,247,336,chimp(8):3;orangutan(21):11;macaque(42):23;marmoset(64):46;rat(156):156;mouse(156):165;cow(169):116;sheep(169):108;pig(169):115;goat(169):105;ferret(169):96;cat(169):96;horse(169):94;opossum(319):247;platypus(378):336,0.5129760152585331,84,False
rab_gtpase,RAB3A,20,663,83,86,15,22,169,0.07228915662650602,0.004524886877828038,0.004524886877828038,57.785714285714285,chimp,0,0.0,True,True,False,True,0.0,71.0,,34.0,,86,83,chimp(8):0;gorilla(11):2;orangutan(21):7;macaque(42):13;marmoset(64):83;guineapig(156):63;rat(156):76;mouse(156):71;sheep(169):54;pig(169):46;goat(169):53;dog(169):47;ferret(169):57;panda(169):48;cat(169):47;horse(169):44;armadillo(180):34;opossum(319):86;platypus(378):83,0.4913231201037869,85,False
hox,HOXB2,23,1071,267,249,133,96,516,0.6179775280898876,0.07282913165266103,0.07282913165266103,139.76470588235293,chimp,7,0.026217228464419477,True,True,True,False,7.0,173.0,108.0,,119.0,249,267,chimp(8):7;gorilla(11):8;orangutan(21):21;macaque(42):43;marmoset(64):64;guineapig(156):154;rat(156):179;mouse(156):173;rabbit(156):130;cow(169):108;sheep(169):112;pig(169):117;goat(169):106;bat(169):136;dog(169):108;ferret(169):109;panda(169):105;cat(169):107;horse(169):97;elephant(183):119;opossum(319):249;platypus(378):267,0.4662284228673191,86,False
arf_gtpase,ARL2,20,555,61,74,10,18,135,0.19672131147540983,0.00540540540540535,0.00540540540540535,60.6,chimp,4,0.06557377049180328,True,True,True,True,4.0,51.0,33.0,36.0,32.0,74,61,chimp(8):4;gorilla(11):4;orangutan(21):6;macaque(42):11;guineapig(156):68;rat(156):83;mouse(156):51;rabbit(156):177;cow(169):33;sheep(169):114;pig(169):36;goat(169):38;ferret(169):38;panda(169):37;horse(169):31;armadillo(180):36;elephant(183):32;opossum(319):74;platypus(378):61,0.4268966983244807,87,False
serine_protease,PRSS8,19,1032,304,297,101,103,601,0.6875,0.046511627906976716,0.046511627906976716,201.85714285714286,chimp,25,0.08223684210526316,True,True,False,True,25.0,206.0,206.0,179.0,,297,304,chimp(8):25;gorilla(11):30;orangutan(21):25;marmoset(64):74;guineapig(156):204;rat(156):219;mouse(156):206;rabbit(156):170;cow(169):206;sheep(169):202;pig(169):197;goat(169):204;dog(169):147;panda(169):151;cat(169):140;armadillo(180):179;opossum(319):297;platypus(378):304,0.41895242084233697,88,False
rab_gtpase,RAB3D,19,660,145,139,44,36,284,0.4206896551724138,0.004545454545454519,0.004545454545454519,87.07142857142857,chimp,6,0.041379310344827586,True,True,True,False,6.0,84.0,107.0,,72.0,139,145,chimp(8):6;orangutan(21):13;macaque(42):18;marmoset(64):33;guineapig(156):86;rat(156):83;mouse(156):84;cow(169):107;pig(169):64;goat(169):63;dog(169):73;ferret(169):65;panda(169):62;cat(169):108;horse(169):68;elephant(183):72;opossum(319):139;platypus(378):145,0.4156481979091809,89,False
rho_gtpase,RHOG,21,576,78,97,26,26,175,0.3076923076923077,0.00520833333333337,0.00520833333333337,46.13333333333333,chimp,1,0.01282051282051282,True,True,True,False,1.0,52.0,40.0,,40.0,97,78,chimp(8):1;gorilla(11):2;orangutan(21):4;macaque(42):11;marmoset(64):21;guineapig(156):39;mouse(156):52;rabbit(156):35;cow(169):40;sheep(169):38;goat(169):38;bat(169):33;dog(169):37;ferret(169):39;panda(169):46;cat(169):38;horse(169):42;elephant(183):40;opossum(319):97;platypus(378):78,0.412314286480437,90,False
glutaredoxin,GLRX3,16,1008,269,227,102,62,496,0.4721189591078067,0.005952380952380931,0.014880952380952328,137.33333333333334,chimp,5,0.01858736059479554,True,True,False,False,5.0,126.0,97.0,,,227,269,chimp(8):5;orangutan(21):3;macaque(42):12;rat(156):93;mouse(156):126;cow(169):97;sheep(169):146;pig(169):189;goat(169):107;dog(169):105;ferret(169):82;cat(169):115;horse(169):92;opossum(319):227;platypus(378):269,0.37851273031501764,91,False
ras_gtpases,NKIRAS1,19,579,89,125,27,50,214,0.24719101123595505,0.005181347150259086,0.015544041450777257,89.0,chimp,1,0.011235955056179775,True,True,False,True,1.0,76.0,101.0,35.0,,125,89,chimp(8):1;gorilla(11):2;orangutan(21):4;macaque(42):19;marmoset(64):15;rat(156):93;mouse(156):76;cow(169):101;sheep(169):101;pig(169):60;goat(169):100;dog(169):92;panda(169):102;cat(169):92;horse(169):91;armadillo(180):35;opossum(319):125;platypus(378):89,0.3573906422099955,92,False
sulfotransferase,SULT1B1,17,891,255,244,96,88,499,0.6509803921568628,0.010101010101010055,0.010101010101010055,147.25,chimp,8,0.03137254901960784,True,True,False,False,8.0,175.0,117.0,,,244,255,chimp(8):8;orangutan(21):12;macaque(42):29;marmoset(64):61;rat(156):183;mouse(156):175;cow(169):117;sheep(169):116;pig(169):119;goat(169):118;dog(169):115;panda(169):108;cat(169):114;horse(169):103;opossum(319):244;platypus(378):255,0.35726211082329523,93,False
rab_gtpase,RAB11A,17,651,129,67,64,25,196,0.0,0.004608294930875556,0.004608294930875556,40.333333333333336,chimp,2,0.015503875968992248,True,True,True,False,2.0,27.0,,,32.0,67,129,chimp(8):2;orangutan(21):3;macaque(42):11;marmoset(64):11;guineapig(156):33;rat(156):33;mouse(156):27;pig(169):21;goat(169):26;dog(169):24;ferret(169):29;panda(169):29;cat(169):34;elephant(183):32;opossum(319):67;platypus(378):129,0.35057496533838206,94,False
arf_gtpase,ARF5,18,543,64,67,23,22,131,0.0625,0.0055248618784530246,0.0055248618784530246,36.083333333333336,chimp,0,0.0,True,True,True,False,0.0,31.0,,,26.0,67,64,chimp(8):0;gorilla(11):0;orangutan(21):2;macaque(42):4;marmoset(64):14;guineapig(156):46;mouse(156):31;rabbit(156):41;pig(169):25;goat(169):22;bat(169):32;dog(169):27;ferret(169):30;panda(169):22;elephant(183):26;opossum(319):67;platypus(378):64,0.32392702606375673,95,False
glutathione_s_transferase,GSTZ1,20,651,148,155,33,35,303,0.49324324324324326,0.004608294930875556,0.004608294930875556,105.64285714285714,chimp,9,0.060810810810810814,True,True,False,True,9.0,103.0,,81.0,,155,148,chimp(8):9;gorilla(11):11;orangutan(21):51;macaque(42):108;marmoset(64):187;rat(156):99;mouse(156):103;rabbit(156):75;sheep(169):155;pig(169):116;bat(169):80;dog(169):91;ferret(169):93;panda(169):83;cat(169):109;horse(169):91;armadillo(180):81;opossum(319):155;platypus(378):148,0.32144884866701534,96,False
m14_carboxypeptidase,CPE,17,1431,260,205,101,66,465,0.3576923076923077,0.002096436058700246,0.0062893081761006275,163.75,chimp,8,0.03076923076923077,True,True,False,False,8.0,162.0,140.0,,,205,260,chimp(8):8;orangutan(21):13;macaque(42):24;marmoset(64):40;guineapig(156):139;rat(156):159;mouse(156):162;cow(169):140;sheep(169):135;pig(169):152;goat(169):132;dog(169):289;cat(169):98;horse(169):94;opossum(319):205;platypus(378):260,0.3153421443043401,97,False
hox,HOXB7,20,654,111,101,49,37,212,0.5135135135135135,0.00917431192660545,0.00917431192660545,57.857142857142854,chimp,3,0.02702702702702703,True,True,True,False,3.0,43.0,36.0,,34.0,101,111,chimp(8):3;gorilla(11):6;orangutan(21):12;macaque(42):14;marmoset(64):19;rat(156):49;mouse(156):43;cow(169):36;sheep(169):35;pig(169):35;goat(169):35;dog(169):31;ferret(169):32;panda(169):32;cat(169):68;horse(169):168;elephant(183):34;opossum(319):101;platypus(378):111,0.3150900482326023,98,False
ectonucleotide_pyrophosphatase,ENPP7,19,1377,342,335,126,113,677,0.695906432748538,0.04575163398692805,0.04575163398692805,248.23076923076923,chimp,17,0.049707602339181284,True,True,False,False,17.0,251.0,232.0,,,335,342,chimp(8):17;gorilla(11):18;orangutan(21):37;macaque(42):62;marmoset(64):112;rat(156):231;mouse(156):251;rabbit(156):266;cow(169):232;sheep(169):201;pig(169):222;goat(169):238;dog(169):250;panda(169):306;cat(169):163;horse(169):190;opossum(319):335;platypus(378):342,0.3058393355003206,99,False
serotonin_receptor,HTR1F,17,1101,195,183,64,66,378,0.3128205128205128,0.0027247956403270157,0.0027247956403270157,108.07142857142857,chimp,2,0.010256410256410256,True,True,False,False,2.0,133.0,95.0,,,183,195,chimp(8):2;gorilla(11):7;rat(156):142;mouse(156):133;rabbit(156):66;cow(169):95;sheep(169):91;pig(169):88;bat(169):84;dog(169):86;ferret(169):81;panda(169):97;cat(169):91;horse(169):81;opossum(319):183;platypus(378):195,0.30076080618084683,100,False
olfactory_receptors,OR4E2,18,942,258,202,85,64,460,0.5852713178294574,0.006369426751592355,0.006369426751592355,132.84615384615384,chimp,9,0.03488372093023256,True,True,False,False,9.0,127.0,100.0,,,202,258,chimp(8):9;gorilla(11):9;orangutan(21):22;macaque(42):17;guineapig(156):121;rat(156):126;mouse(156):127;rabbit(156):117;cow(169):100;sheep(169):104;pig(169):100;goat(169):102;dog(169):157;ferret(169):124;horse(169):89;opossum(319):202;platypus(378):258,0.29015652007342196,101,False
hox,HOXA1,22,1008,156,158,31,44,314,0.4358974358974359,0.011904761904761862,0.011904761904761862,87.76470588235294,gorilla,10,0.0641025641025641,True,True,False,True,,102.0,79.0,89.0,,158,156,gorilla(11):10;orangutan(21):14;macaque(42):21;marmoset(64):31;guineapig(156):88;rat(156):104;mouse(156):102;rabbit(156):79;cow(169):79;sheep(169):75;pig(169):70;goat(169):76;bat(169):73;dog(169):75;ferret(169):69;panda(169):74;cat(169):59;horse(169):66;armadillo(180):89;opossum(319):158;platypus(378):156,0.2862661402732361,102,False
hox,HOXD3,23,1299,274,241,213,81,515,0.6204379562043796,0.09468822170900693,0.09468822170900693,115.88235294117646,chimp,5,0.01824817518248175,True,True,True,False,5.0,118.0,99.0,,105.0,241,274,chimp(8):5;gorilla(11):8;orangutan(21):14;macaque(42):28;marmoset(64):33;guineapig(156):75;rat(156):118;mouse(156):118;rabbit(156):101;cow(169):99;sheep(169):105;pig(169):96;goat(169):104;bat(169):94;dog(169):93;ferret(169):88;panda(169):84;cat(169):97;horse(169):78;elephant(183):105;opossum(319):241;platypus(378):274,0.2709826519309945,103,False
glutaredoxin,GLRX5,20,474,100,96,29,38,196,0.52,0.006329113924050667,0.025316455696202556,57.57142857142857,chimp,1,0.01,True,True,False,True,1.0,47.0,36.0,34.0,,96,100,chimp(8):1;gorilla(11):2;orangutan(21):10;macaque(42):9;marmoset(64):14;guineapig(156):44;rat(156):46;mouse(156):47;rabbit(156):42;cow(169):36;sheep(169):111;pig(169):32;goat(169):36;dog(169):37;panda(169):35;cat(169):110;armadillo(180):34;opossum(319):96;platypus(378):100,0.227274360129947,104,False
ras_gtpases,DIRAS2,23,600,113,89,46,25,202,0.5132743362831859,0.010000000000000009,0.010000000000000009,58.76470588235294,chimp,5,0.04424778761061947,True,True,True,False,5.0,52.0,57.0,,49.0,89,113,chimp(8):5;gorilla(11):4;orangutan(21):4;macaque(42):9;marmoset(64):25;guineapig(156):58;rat(156):55;mouse(156):52;rabbit(156):55;cow(169):57;sheep(169):56;pig(169):46;goat(169):58;bat(169):49;dog(169):52;ferret(169):50;panda(169):53;cat(169):57;horse(169):50;elephant(183):49;opossum(319):89;platypus(378):113,0.20322699036717246,105,False
rab_gtpase,RAB2B,17,651,115,77,44,19,192,0.391304347826087,0.009216589861751112,0.009216589861751112,52.69230769230769,orangutan,3,0.02608695652173913,True,True,False,True,,57.0,36.0,51.0,,77,115,orangutan(21):3;macaque(42):26;marmoset(64):6;guineapig(156):51;rat(156):55;mouse(156):57;cow(169):36;sheep(169):31;pig(169):70;bat(169):28;panda(169):46;cat(169):40;horse(169):28;armadillo(180):51;opossum(319):77;platypus(378):115,0.191043160770535,106,False
rab_gtpase,RAB14,21,648,60,40,16,4,100,0.0,0.00462962962962965,0.00462962962962965,38.06666666666667,chimp,1,0.016666666666666666,True,True,True,False,1.0,36.0,57.0,,25.0,40,60,chimp(8):1;gorilla(11):3;orangutan(21):99;macaque(42):4;marmoset(64):10;guineapig(156):32;rat(156):33;mouse(156):36;rabbit(156):25;cow(169):57;sheep(169):69;pig(169):25;goat(169):74;bat(169):24;ferret(169):20;panda(169):27;horse(169):24;elephant(183):25;opossum(319):40;platypus(378):60,0.1801587976249676,107,False
ras_gtpases,RAP2B,21,552,57,48,25,15,105,0.2631578947368421,0.005434782608695676,0.005434782608695676,28.6875,chimp,1,0.017543859649122806,True,True,False,True,1.0,36.0,34.0,17.0,,48,57,chimp(8):1;gorilla(11):4;orangutan(21):3;macaque(42):7;guineapig(156):27;rat(156):39;mouse(156):36;rabbit(156):15;cow(169):34;sheep(169):32;pig(169):27;goat(169):33;dog(169):21;ferret(169):21;panda(169):21;cat(169):17;horse(169):14;armadillo(180):17;opossum(319):48;platypus(378):57,0.17643983373139396,108,False
arf_gtpase,ARFRP1,20,606,106,130,17,19,236,0.3018867924528302,0.004950495049504955,0.004950495049504955,73.73333333333333,gorilla,6,0.05660377358490566,True,True,True,False,,69.0,61.0,,64.0,130,106,gorilla(11):6;orangutan(21):6;macaque(42):52;marmoset(64):35;guineapig(156):68;rat(156):121;mouse(156):69;cow(169):61;sheep(169):55;pig(169):61;goat(169):54;bat(169):62;dog(169):59;ferret(169):82;panda(169):59;cat(169):55;elephant(183):64;opossum(319):130;platypus(378):106,0.17104288690027708,109,False
rab_gtpase,RAB23,19,714,99,83,29,13,182,0.2222222222222222,0.004201680672268893,0.004201680672268893,74.21428571428571,chimp,4,0.04040404040404041,True,True,True,False,4.0,93.0,74.0,,39.0,83,99,chimp(8):4;orangutan(21):4;macaque(42):15;marmoset(64):17;guineapig(156):81;rat(156):89;mouse(156):93;cow(169):74;sheep(169):74;pig(169):77;goat(169):72;bat(169):53;dog(169):44;cat(169):105;horse(169):56;elephant(183):39;opossum(319):83;platypus(378):99,0.149246492798427,110,False
rab_gtpase,RAB17,21,639,200,202,53,39,402,0.7,0.014084507042253502,0.014084507042253502,142.5625,chimp,7,0.035,True,True,False,False,7.0,141.0,183.0,,,202,200,chimp(8):7;gorilla(11):15;orangutan(21):20;marmoset(64):58;guineapig(156):134;rat(156):119;mouse(156):141;rabbit(156):152;cow(169):183;sheep(169):121;pig(169):150;goat(169):118;bat(169):97;dog(169):130;ferret(169):114;panda(169):113;cat(169):167;horse(169):140;opossum(319):202;platypus(378):200,0.11478762894562866,111,False
rab_gtpase,RAB26,17,771,177,161,70,51,338,0.5819209039548022,0.0077821011673151474,0.0077821011673151474,108.75,gorilla,3,0.01694915254237288,True,True,False,False,,120.0,99.0,,,161,177,gorilla(11):3;orangutan(21):18;macaque(42):48;marmoset(64):49;guineapig(156):103;rat(156):109;mouse(156):120;cow(169):99;sheep(169):102;pig(169):89;goat(169):100;dog(169):71;cat(169):111;horse(169):63;opossum(319):161;platypus(378):177,0.0715815365968942,112,False
hox,HOXB4,19,756,133,121,71,49,254,0.5639097744360902,0.051587301587301626,0.051587301587301626,42.42857142857143,chimp,1,0.007518796992481203,True,True,False,True,1.0,44.0,28.0,34.0,,121,133,chimp(8):1;orangutan(21):8;macaque(42):8;marmoset(64):27;rat(156):50;mouse(156):44;cow(169):28;sheep(169):26;pig(169):27;goat(169):27;dog(169):25;ferret(169):18;panda(169):19;cat(169):22;horse(169):20;armadillo(180):34;opossum(319):121;platypus(378):133,0.0664354675138982,113,False
peroxiredoxin,PRDX4,16,816,300,160,162,62,460,0.71,0.044117647058823484,0.044117647058823484,119.81818181818181,chimp,2,0.006666666666666667,True,True,False,False,2.0,109.0,104.0,,,160,300,chimp(8):2;orangutan(21):5;macaque(42):54;marmoset(64):186;rat(156):102;mouse(156):109;rabbit(156):81;cow(169):104;pig(169):99;goat(169):78;dog(169):88;panda(169):92;cat(169):105;opossum(319):160;platypus(378):300,0.03363109963155575,114,False
ras_gtpases,RAP2C,21,552,54,59,15,22,113,0.16666666666666666,0.005434782608695676,0.005434782608695676,22.41176470588235,orangutan,2,0.037037037037037035,True,True,True,False,,28.0,13.0,,13.0,59,54,orangutan(21):2;macaque(42):4;marmoset(64):56;guineapig(156):13;rat(156):25;mouse(156):28;rabbit(156):12;cow(169):13;sheep(169):14;pig(169):11;goat(169):14;bat(169):11;dog(169):14;ferret(169):9;panda(169):13;cat(169):69;horse(169):9;elephant(183):13;opossum(319):59;platypus(378):54,0.026655005279720173,115,False
adrenoceptor,ADRB2,21,1242,304,256,122,90,560,0.631578947368421,0.033816425120772986,0.07729468599033817,161.26666666666668,chimp,45,0.14802631578947367,True,True,True,True,45.0,175.0,122.0,125.0,152.0,256,304,chimp(8):45;gorilla(11):5;orangutan(21):17;macaque(42):25;marmoset(64):78;guineapig(156):145;rat(156):158;mouse(156):175;cow(169):122;sheep(169):123;pig(169):156;bat(169):134;dog(169):157;panda(169):146;cat(169):126;horse(169):140;armadillo(180):125;elephant(183):152;opossum(319):256;platypus(378):304,0.025507471079404653,116,False
hox,HOXA3,19,1332,254,289,41,87,543,0.468503937007874,0.04729729729729726,0.04729729729729726,156.57142857142858,gorilla,10,0.03937007874015748,True,True,False,False,,148.0,148.0,,,289,254,gorilla(11):10;orangutan(21):16;macaque(42):38;marmoset(64):60;guineapig(156):158;rat(156):153;mouse(156):148;cow(169):148;sheep(169):145;pig(169):128;goat(169):154;bat(169):131;dog(169):113;panda(169):153;cat(169):109;horse(169):109;opossum(319):289;platypus(378):254,0.011616985070332597,117,False
ras_gtpases,HRAS,16,570,121,69,31,9,190,0.5702479338842975,0.0052631578947368585,0.0052631578947368585,71.0909090909091,chimp,6,0.049586776859504134,True,True,False,True,6.0,70.0,74.0,75.0,,69,121,chimp(8):6;orangutan(21):15;macaque(42):27;marmoset(64):35;guineapig(156):68;mouse(156):70;cow(169):74;sheep(169):60;pig(169):75;goat(169):62;dog(169):70;horse(169):38;armadillo(180):75;opossum(319):69;platypus(378):121,0.00042136668842190916,118,False
hox,HOXA7,19,693,127,137,23,32,264,0.41732283464566927,0.030303030303030276,0.030303030303030276,61.214285714285715,gorilla,6,0.047244094488188976,True,True,False,True,,69.0,56.0,39.0,,137,127,gorilla(11):6;orangutan(21):11;macaque(42):18;marmoset(64):27;rat(156):69;mouse(156):69;rabbit(156):47;cow(169):56;sheep(169):54;pig(169):49;goat(169):55;dog(169):38;panda(169):41;cat(169):35;horse(169):41;armadillo(180):39;opossum(319):137;platypus(378):127,-0.0002760687542426865,119,False
matrix_metalloproteinase,MMP13,21,1416,337,292,110,84,629,0.6172106824925816,0.006355932203389814,0.006355932203389814,184.8,chimp,68,0.20178041543026706,True,True,True,False,68.0,208.0,146.0,,135.0,292,337,chimp(8):68;gorilla(11):74;orangutan(21):75;macaque(42):32;marmoset(64):82;guineapig(156):174;rat(156):208;mouse(156):208;rabbit(156):149;cow(169):146;sheep(169):146;pig(169):129;goat(169):196;dog(169):143;ferret(169):194;cat(169):191;horse(169):124;elephant(183):135;opossum(319):292;platypus(378):337,-0.023282712874560157,120,False
rab_gtpase,RAB8A,19,624,77,72,21,11,149,0.09090909090909091,0.004807692307692291,0.004807692307692291,61.07692307692308,chimp,4,0.05194805194805195,True,True,True,False,4.0,49.0,78.0,,49.0,72,77,chimp(8):4;gorilla(11):3;orangutan(21):117;macaque(42):8;marmoset(64):18;rat(156):47;mouse(156):49;cow(169):78;sheep(169):30;pig(169):78;goat(169):30;dog(169):103;ferret(169):26;cat(169):88;horse(169):67;elephant(183):49;opossum(319):72;platypus(378):77,-0.05000886420328951,121,False
glutathione_s_transferase,HPGDS,18,600,171,131,73,45,302,0.5789473684210527,0.0050000000000000044,0.0050000000000000044,87.0,chimp,5,0.029239766081871343,True,True,False,False,5.0,106.0,71.0,,,131,171,chimp(8):5;orangutan(21):10;macaque(42):15;marmoset(64):27;guineapig(156):82;rat(156):100;mouse(156):106;rabbit(156):83;cow(169):71;pig(169):65;goat(169):69;dog(169):64;panda(169):63;cat(169):62;horse(169):64;opossum(319):131;platypus(378):171,-0.07604573604398979,122,False
rho_gtpase,RHOJ,19,645,120,108,35,45,228,0.4166666666666667,0.009302325581395321,0.009302325581395321,67.15384615384616,chimp,1,0.008333333333333333,True,True,False,False,1.0,78.0,46.0,,,108,120,chimp(8):1;gorilla(11):4;orangutan(21):7;macaque(42):14;marmoset(64):15;rat(156):74;mouse(156):78;cow(169):46;sheep(169):51;pig(169):51;goat(169):50;dog(169):44;ferret(169):38;panda(169):39;cat(169):50;horse(169):124;opossum(319):108;platypus(378):120,-0.12043024242472616,123,False
adrenoceptor,ADRB3,20,1227,211,277,77,123,488,0.5071090047393365,0.08801955990220045,0.08801955990220045,181.78571428571428,chimp,12,0.05687203791469194,True,True,True,False,12.0,227.0,171.0,,191.0,277,211,chimp(8):12;gorilla(11):13;orangutan(21):21;macaque(42):113;marmoset(64):85;rat(156):220;mouse(156):227;rabbit(156):169;cow(169):171;sheep(169):155;pig(169):166;goat(169):161;dog(169):161;ferret(169):168;panda(169):148;horse(169):120;elephant(183):191;opossum(319):277;platypus(378):211,-0.14001086123566403,124,False
aldehyde_dehydrogenase,ALDH7A1,17,1620,296,288,96,95,584,0.3547297297297297,0.0018518518518518823,0.007407407407407418,193.85714285714286,chimp,35,0.11824324324324324,True,True,False,False,35.0,234.0,144.0,,,288,296,chimp(8):35;macaque(42):28;guineapig(156):196;rat(156):283;mouse(156):234;cow(169):144;sheep(169):175;pig(169):148;goat(169):152;bat(169):146;dog(169):181;panda(169):162;cat(169):178;horse(169):131;opossum(319):288;platypus(378):296,-0.14283728168933013,125,False
ras_gtpases,DIRAS1,19,597,55,69,10,21,124,0.4727272727272727,0.005025125628140725,0.005025125628140725,44.357142857142854,chimp,3,0.05454545454545454,True,True,True,False,3.0,59.0,42.0,,45.0,69,55,chimp(8):3;gorilla(11):3;orangutan(21):5;marmoset(64):16;rat(156):60;mouse(156):59;cow(169):42;sheep(169):40;pig(169):41;goat(169):41;dog(169):33;ferret(169):31;panda(169):34;cat(169):31;horse(169):40;elephant(183):45;opossum(319):69;platypus(378):55,-0.14390956941837638,126,False
arf_gtpase,ARL10,19,735,212,195,101,89,407,0.7122641509433962,0.03673469387755102,0.0897959183673469,96.46153846153847,chimp,6,0.02830188679245283,True,True,True,False,6.0,95.0,68.0,,92.0,195,212,chimp(8):6;gorilla(11):77;orangutan(21):10;macaque(42):30;marmoset(64):38;guineapig(156):67;rat(156):96;mouse(156):95;cow(169):68;sheep(169):77;pig(169):67;goat(169):74;dog(169):63;panda(169):98;horse(169):50;elephant(183):92;opossum(319):195;platypus(378):212,-0.15709246969445254,127,False
udp_glucuronosyltransferase,UGT8,18,1626,290,238,121,88,528,0.3448275862068966,0.0018450184501844769,0.0627306273062731,146.76923076923077,chimp,9,0.03103448275862069,True,True,False,False,9.0,162.0,119.0,,,238,290,chimp(8):9;orangutan(21):16;macaque(42):30;marmoset(64):44;guineapig(156):171;rat(156):161;mouse(156):162;cow(169):119;sheep(169):126;pig(169):109;goat(169):131;dog(169):92;panda(169):109;cat(169):83;horse(169):117;opossum(319):238;platypus(378):290,-0.16718565069209634,128,False
rab_gtpase,RAB40C,17,846,96,154,13,50,250,0.09375,0.0035460992907800915,0.0035460992907800915,95.08333333333333,gorilla,9,0.09375,True,True,True,False,,80.0,174.0,,83.0,154,96,gorilla(11):9;orangutan(21):9;macaque(42):18;marmoset(64):35;guineapig(156):79;mouse(156):80;cow(169):174;sheep(169):61;pig(169):68;goat(169):88;dog(169):65;panda(169):60;cat(169):133;elephant(183):83;opossum(319):154;platypus(378):96,-0.17800447965224633,129,False
ras_gtpases,RALA,17,621,82,171,17,79,253,0.024390243902439025,0.004830917874396157,0.004830917874396157,61.84615384615385,chimp,2,0.024390243902439025,True,True,False,False,2.0,45.0,50.0,,,171,82,chimp(8):2;orangutan(21):6;macaque(42):7;rat(156):39;mouse(156):45;rabbit(156):39;cow(169):50;sheep(169):48;pig(169):63;goat(169):47;bat(169):28;dog(169):27;cat(169):34;horse(169):131;opossum(319):171;platypus(378):82,-0.19108814850046624,130,False
ras_gtpases,NRAS,19,570,116,91,67,43,207,0.45689655172413796,0.015789473684210575,0.06315789473684208,41.714285714285715,chimp,1,0.008620689655172414,True,True,True,False,1.0,47.0,27.0,,29.0,91,116,chimp(8):1;orangutan(21):3;macaque(42):3;marmoset(64):55;guineapig(156):30;rat(156):62;mouse(156):47;cow(169):27;sheep(169):25;pig(169):23;goat(169):26;bat(169):28;dog(169):24;panda(169):27;horse(169):29;elephant(183):29;opossum(319):91;platypus(378):116,-0.2109343455159868,131,False
rab_gtpase,RAB27B,18,657,99,88,23,28,187,0.21212121212121213,0.004566210045662156,0.004566210045662156,65.84615384615384,chimp,1,0.010101010101010102,True,True,False,False,1.0,72.0,62.0,,,88,99,chimp(8):1;orangutan(21):5;macaque(42):10;marmoset(64):22;rat(156):78;mouse(156):72;cow(169):62;sheep(169):67;pig(169):60;goat(169):66;bat(169):54;dog(169):55;panda(169):52;cat(169):54;horse(169):49;opossum(319):88;platypus(378):99,-0.2169739183710071,132,False
adrenoceptor,ADRB1,15,1434,263,278,129,132,541,0.6653992395437263,0.05857740585774063,0.05857740585774063,154.7,chimp,10,0.03802281368821293,True,True,False,False,10.0,132.0,133.0,,,278,263,chimp(8):10;orangutan(21):23;macaque(42):33;marmoset(64):62;guineapig(156):176;rat(156):132;mouse(156):132;cow(169):133;pig(169):119;goat(169):125;cat(169):90;horse(169):99;opossum(319):278;platypus(378):263,-0.22033420191308362,133,False
ras_gtpases,RRAS,19,657,146,119,48,50,265,0.5684931506849316,0.0273972602739726,0.0273972602739726,88.57142857142857,chimp,1,0.00684931506849315,True,True,False,False,1.0,77.0,61.0,,,119,146,chimp(8):1;gorilla(11):7;macaque(42):14;marmoset(64):26;guineapig(156):58;rat(156):77;mouse(156):77;cow(169):61;sheep(169):58;pig(169):51;goat(169):59;dog(169):152;ferret(169):58;panda(169):59;cat(169):152;horse(169):113;opossum(319):119;platypus(378):146,-0.22356716123504572,134,False
hox,HOXB9,17,753,133,103,69,48,236,0.44360902255639095,0.01195219123505975,0.01195219123505975,48.416666666666664,chimp,2,0.015037593984962405,True,True,False,False,2.0,31.0,12.0,,,103,133,chimp(8):2;orangutan(21):2;macaque(42):6;marmoset(64):8;guineapig(156):49;rat(156):178;mouse(156):31;cow(169):12;sheep(169):15;pig(169):11;goat(169):13;dog(169):12;cat(169):12;horse(169):12;opossum(319):103;platypus(378):133,-0.2408198779518676,135,False
rab_gtpase,RAB7B,20,600,151,149,38,37,300,0.5231788079470199,0.020000000000000018,0.020000000000000018,104.0,chimp,5,0.033112582781456956,True,True,False,False,5.0,87.0,108.0,,,149,151,chimp(8):5;orangutan(21):10;macaque(42):16;marmoset(64):66;guineapig(156):87;rat(156):125;mouse(156):87;rabbit(156):166;cow(169):108;pig(169):69;goat(169):75;bat(169):75;dog(169):88;ferret(169):68;panda(169):138;cat(169):78;horse(169):96;opossum(319):149;platypus(378):151,-0.24449793729272795,136,False
rho_gtpase,RHOV,20,711,121,188,43,115,309,0.36363636363636365,0.00421940928270037,0.029535864978902926,67.06666666666666,chimp,4,0.03305785123966942,True,True,False,False,4.0,74.0,55.0,,,188,121,chimp(8):4;orangutan(21):6;macaque(42):15;marmoset(64):20;guineapig(156):66;rat(156):67;mouse(156):74;rabbit(156):52;cow(169):55;sheep(169):54;pig(169):50;goat(169):51;dog(169):48;ferret(169):50;panda(169):47;cat(169):42;horse(169):41;opossum(319):188;platypus(378):121,-0.3339852896599529,137,False
rab_gtpase,RAB22A,15,585,92,85,30,26,177,0.2826086956521739,0.00512820512820511,0.00512820512820511,65.0,chimp,1,0.010869565217391304,True,True,False,False,1.0,105.0,38.0,,,85,92,chimp(8):1;orangutan(21):4;marmoset(64):10;rat(156):65;mouse(156):105;cow(169):38;sheep(169):44;pig(169):101;goat(169):45;panda(169):46;cat(169):45;horse(169):49;opossum(319):85;platypus(378):92,-0.33494950747320207,138,False
rab_gtpase,RAB39B,19,642,188,78,135,28,266,0.6329787234042553,0.04205607476635509,0.04205607476635509,40.857142857142854,gorilla,0,0.0,True,True,False,False,,15.0,35.0,,,78,188,gorilla(11):0;orangutan(21):2;macaque(42):1;marmoset(64):5;guineapig(156):14;mouse(156):15;rabbit(156):19;cow(169):35;sheep(169):36;pig(169):37;goat(169):36;bat(169):20;dog(169):36;ferret(169):25;panda(169):15;cat(169):18;opossum(319):78;platypus(378):188,-0.3366717747311182,139,False
rab_gtpase,RAB18,17,621,71,63,29,24,134,0.11267605633802817,0.004830917874396157,0.009661835748792313,38.72727272727273,chimp,0,0.0,True,True,False,False,0.0,37.0,,,,63,71,chimp(8):0;gorilla(11):1;orangutan(21):16;macaque(42):14;marmoset(64):28;guineapig(156):27;rat(156):50;mouse(156):37;sheep(169):33;pig(169):23;goat(169):31;dog(169):30;cat(169):39;horse(169):22;opossum(319):63;platypus(378):71,-0.3599812813845343,140,False
globins,CYGB,18,573,96,74,40,30,170,0.375,0.005235602094240788,0.005235602094240788,52.53846153846154,chimp,2,0.020833333333333332,True,True,False,False,2.0,56.0,34.0,,,74,96,chimp(8):2;gorilla(11):74;orangutan(21):87;marmoset(64):20;guineapig(156):45;rat(156):51;mouse(156):56;rabbit(156):125;cow(169):34;sheep(169):28;goat(169):29;dog(169):28;ferret(169):36;panda(169):35;cat(169):46;opossum(319):74;platypus(378):96,-0.3660585173669601,141,False
rab_gtpase,RAB19,19,654,147,139,47,55,286,0.46258503401360546,0.04587155963302747,0.04587155963302747,94.66666666666667,orangutan,11,0.07482993197278912,True,True,False,True,,89.0,90.0,88.0,,139,147,orangutan(21):11;macaque(42):20;marmoset(64):32;guineapig(156):117;rat(156):91;mouse(156):89;cow(169):90;sheep(169):97;pig(169):82;goat(169):96;bat(169):69;dog(169):84;panda(169):75;cat(169):87;horse(169):69;armadillo(180):88;opossum(319):139;platypus(378):147,-0.3701179054538255,142,False
glutaredoxin,GLRX,15,321,105,84,38,29,189,0.6285714285714286,0.009345794392523366,0.009345794392523366,64.11111111111111,chimp,2,0.01904761904761905,True,True,False,False,2.0,40.0,,,,84,105,chimp(8):2;gorilla(11):1;orangutan(21):4;macaque(42):5;marmoset(64):17;guineapig(156):57;mouse(156):40;dog(169):78;ferret(169):44;panda(169):47;cat(169):37;horse(169):85;opossum(319):84;platypus(378):105,-0.42482098786979516,143,False
hox,HOXA10,18,1233,235,270,87,126,505,0.5659574468085107,0.058394160583941646,0.058394160583941646,127.64285714285714,gorilla,14,0.059574468085106386,True,True,False,False,,131.0,92.0,,,270,235,gorilla(11):14;macaque(42):46;marmoset(64):49;rat(156):121;mouse(156):131;rabbit(156):88;cow(169):92;sheep(169):94;pig(169):86;goat(169):95;dog(169):89;ferret(169):96;panda(169):97;cat(169):92;horse(169):201;opossum(319):270;platypus(378):235,-0.42936341423267993,144,False
rab_gtpase,RAB33B,17,690,117,94,54,45,211,0.39316239316239315,0.02608695652173909,0.0304347826086957,68.5,chimp,1,0.008547008547008548,True,True,False,False,1.0,86.0,50.0,,,94,117,chimp(8):1;orangutan(21):6;macaque(42):13;marmoset(64):30;guineapig(156):143;rat(156):86;mouse(156):86;cow(169):50;sheep(169):41;pig(169):32;goat(169):40;dog(169):48;panda(169):53;horse(169):32;opossum(319):94;platypus(378):117,-0.47418509741606624,145,False
hox,HOXA11,18,942,147,138,46,60,285,0.47619047619047616,0.006369426751592355,0.022292993630573243,69.78571428571429,orangutan,7,0.047619047619047616,True,True,False,False,,42.0,111.0,,,138,147,orangutan(21):7;macaque(42):12;marmoset(64):25;guineapig(156):29;rat(156):46;mouse(156):42;rabbit(156):46;cow(169):111;sheep(169):39;pig(169):34;goat(169):42;dog(169):129;panda(169):36;cat(169):37;horse(169):101;opossum(319):138;platypus(378):147,-0.49225232787435336,146,False
phosphodiesterase,PDE6G,17,264,41,47,17,14,88,0.1951219512195122,0.011363636363636354,0.011363636363636354,28.75,chimp,0,0.0,True,True,False,False,0.0,27.0,22.0,,,47,41,chimp(8):0;orangutan(21):2;macaque(42):7;marmoset(64):10;guineapig(156):25;rat(156):29;mouse(156):27;cow(169):22;sheep(169):22;pig(169):19;goat(169):22;dog(169):46;panda(169):21;horse(169):24;opossum(319):47;platypus(378):41,-0.5063114291887414,147,False
rho_gtpase,RHOU,17,777,177,132,79,55,309,0.519774011299435,0.0424710424710425,0.0424710424710425,95.45454545454545,chimp,5,0.02824858757062147,True,True,False,False,5.0,109.0,86.0,,,132,177,chimp(8):5;gorilla(11):15;orangutan(21):12;macaque(42):17;marmoset(64):24;rat(156):115;mouse(156):109;cow(169):86;sheep(169):82;pig(169):86;goat(169):83;dog(169):57;cat(169):63;horse(169):60;opossum(319):132;platypus(378):177,-0.524167434187109,148,False
ras_gtpases,RASL11B,17,747,164,129,54,50,293,0.5,0.052208835341365445,0.052208835341365445,99.27272727272727,chimp,3,0.018292682926829267,True,True,False,False,3.0,103.0,77.0,,,129,164,chimp(8):3;gorilla(11):3;orangutan(21):7;macaque(42):22;marmoset(64):159;mouse(156):103;rabbit(156):98;cow(169):77;sheep(169):85;pig(169):83;goat(169):85;dog(169):66;panda(169):138;cat(169):64;opossum(319):129;platypus(378):164,-0.5972939698163247,149,False
hox,HOXA13,15,1167,181,141,103,56,322,0.44751381215469616,0.010282776349614386,0.010282776349614386,94.81818181818181,orangutan,15,0.08287292817679558,True,True,False,False,,96.0,74.0,,,141,181,orangutan(21):15;macaque(42):8;marmoset(64):49;rat(156):104;mouse(156):96;cow(169):74;sheep(169):76;pig(169):73;goat(169):75;dog(169):65;cat(169):83;horse(169):75;opossum(319):141;platypus(378):181,-0.6342383673522322,150,False
hox,HOXD13,19,1032,188,204,56,62,392,0.3617021276595745,0.05813953488372092,0.05813953488372092,114.07142857142857,chimp,10,0.05319148936170213,True,True,False,False,10.0,130.0,110.0,,,204,188,chimp(8):10;orangutan(21):18;macaque(42):31;marmoset(64):49;rat(156):126;mouse(156):130;rabbit(156):35;cow(169):110;sheep(169):105;pig(169):95;goat(169):106;dog(169):99;ferret(169):107;panda(169):87;cat(169):100;horse(169):105;opossum(319):204;platypus(378):188,-0.6536160329368331,151,False
globins,NGB,18,456,127,104,77,39,231,0.6771653543307087,0.052631578947368474,0.052631578947368474,52.57142857142857,chimp,1,0.007874015748031496,True,True,False,False,1.0,52.0,75.0,,,104,127,chimp(8):1;orangutan(21):8;macaque(42):13;guineapig(156):41;rat(156):59;mouse(156):52;cow(169):75;sheep(169):28;pig(169):32;goat(169):33;bat(169):39;dog(169):40;ferret(169):38;panda(169):34;horse(169):34;opossum(319):104;platypus(378):127,-0.654583407448796,152,False
rab_gtpase,RAB10,18,603,94,45,50,9,139,0.43617021276595747,0.02985074626865669,0.02985074626865669,40.07142857142857,orangutan,1,0.010638297872340425,True,True,False,False,,28.0,19.0,,,45,94,orangutan(21):1;macaque(42):2;marmoset(64):12;guineapig(156):93;rat(156):28;mouse(156):28;cow(169):19;sheep(169):17;pig(169):46;goat(169):17;bat(169):19;dog(169):16;panda(169):20;cat(169):64;horse(169):55;opossum(319):45;platypus(378):94,-0.6569158407096539,153,False
arf_gtpase,ARL4C,19,606,35,38,20,17,73,0.17142857142857143,0.08910891089108908,0.08910891089108908,20.857142857142858,chimp,2,0.05714285714285714,True,True,True,True,2.0,26.0,17.0,11.0,11.0,38,35,chimp(8):2;gorilla(11):1;orangutan(21):13;marmoset(64):10;rat(156):25;mouse(156):26;rabbit(156):19;cow(169):17;sheep(169):17;goat(169):18;dog(169):20;ferret(169):12;panda(169):21;horse(169):22;armadillo(180):11;elephant(183):11;opossum(319):38;platypus(378):35,-0.7001224024522278,154,False
rab_gtpase,RAB2A,15,639,69,35,35,9,104,0.3333333333333333,0.028169014084507005,0.028169014084507005,43.1,chimp,0,0.0,True,True,False,False,0.0,51.0,25.0,,,35,69,chimp(8):0;orangutan(21):2;macaque(42):4;marmoset(64):36;rat(156):49;mouse(156):51;cow(169):25;sheep(169):52;pig(169):47;goat(169):29;panda(169):27;horse(169):47;opossum(319):35;platypus(378):69,-0.7158792608042488,155,False
hox,HOXD4,21,768,145,148,23,28,293,0.5517241379310345,0.0703125,0.07421875,84.33333333333333,chimp,2,0.013793103448275862,True,True,False,False,2.0,73.0,71.0,,,148,145,chimp(8):2;gorilla(11):5;orangutan(21):12;macaque(42):24;marmoset(64):40;guineapig(156):79;rat(156):71;mouse(156):73;cow(169):71;sheep(169):71;pig(169):70;goat(169):72;bat(169):72;dog(169):67;ferret(169):72;panda(169):66;cat(169):69;horse(169):119;opossum(319):148;platypus(378):145,-0.7193872765765582,156,False
rho_gtpase,RHOC,20,582,84,59,18,15,143,0.10714285714285714,0.005154639175257714,0.005154639175257714,49.5625,chimp,17,0.20238095238095238,True,True,True,True,17.0,46.0,43.0,51.0,36.0,59,84,chimp(8):17;gorilla(11):0;marmoset(64):123;guineapig(156):40;rat(156):44;mouse(156):46;rabbit(156):103;cow(169):43;pig(169):40;goat(169):32;bat(169):44;dog(169):40;ferret(169):47;panda(169):47;horse(169):37;armadillo(180):51;elephant(183):36;opossum(319):59;platypus(378):84,-0.7530611137485063,157,False
ras_gtpases,RHEB,16,555,54,42,13,10,96,0.05555555555555555,0.00540540540540535,0.00540540540540535,51.583333333333336,gorilla,2,0.037037037037037035,True,True,False,False,,41.0,,,,42,54,gorilla(11):2;orangutan(21):1;marmoset(64):36;rat(156):63;mouse(156):41;rabbit(156):20;sheep(169):30;goat(169):49;bat(169):61;dog(169):86;ferret(169):58;panda(169):50;cat(169):65;opossum(319):42;platypus(378):54,-0.7646980242906662,158,False
histone_deacetylase_classI,HDAC8,15,1134,268,216,257,102,484,0.5634328358208955,0.02645502645502651,0.02645502645502651,107.0,chimp,38,0.1417910447761194,True,True,False,False,38.0,103.0,71.0,,,216,268,chimp(8):38;orangutan(21):18;marmoset(64):35;rat(156):110;mouse(156):103;cow(169):71;sheep(169):73;pig(169):65;dog(169):59;panda(169):56;cat(169):54;horse(169):102;opossum(319):216;platypus(378):268,-0.904170440616746,159,False
arf_gtpase,ARL8A,21,561,47,46,15,16,93,0.0,0.005347593582887722,0.0802139037433155,61.733333333333334,chimp,2,0.0425531914893617,True,True,False,True,2.0,42.0,114.0,41.0,,46,47,chimp(8):2;gorilla(11):1;orangutan(21):4;macaque(42):39;marmoset(64):13;guineapig(156):68;rat(156):39;mouse(156):42;rabbit(156):74;cow(169):114;sheep(169):75;pig(169):100;goat(169):40;dog(169):20;panda(169):53;cat(169):93;horse(169):74;armadillo(180):41;opossum(319):46;platypus(378):47,-0.9753181237931717,160,False
hox,HOXD1,21,987,214,235,80,89,449,0.6822429906542056,0.18541033434650456,0.18541033434650456,149.53333333333333,chimp,4,0.018691588785046728,True,True,False,True,4.0,176.0,139.0,136.0,,235,214,chimp(8):4;gorilla(11):10;orangutan(21):13;macaque(42):47;marmoset(64):69;rat(156):170;mouse(156):176;rabbit(156):128;cow(169):139;sheep(169):147;pig(169):133;goat(169):147;dog(169):155;ferret(169):126;panda(169):121;cat(169):102;horse(169):114;armadillo(180):136;opossum(319):235;platypus(378):214,-1.055181353955974,161,False
hox,HOXD8,16,873,92,117,25,44,209,0.44565217391304346,0.07216494845360821,0.07216494845360821,58.90909090909091,chimp,2,0.021739130434782608,True,True,False,False,2.0,75.0,53.0,,,117,92,chimp(8):2;orangutan(21):13;macaque(42):21;marmoset(64):32;mouse(156):75;rabbit(156):31;cow(169):53;sheep(169):53;pig(169):58;goat(169):54;ferret(169):17;cat(169):50;horse(169):48;opossum(319):117;platypus(378):92,-1.1230320758827226,162,False
serine_protease,PRSS57,15,849,295,280,161,100,575,0.7796610169491526,0.12720848056537104,0.12720848056537104,200.27272727272728,chimp,18,0.061016949152542375,True,True,False,False,18.0,229.0,180.0,,,280,295,chimp(8):18;orangutan(21):42;marmoset(64):97;rat(156):219;mouse(156):229;cow(169):180;sheep(169):163;pig(169):167;dog(169):180;panda(169):163;cat(169):185;horse(169):142;opossum(319):280;platypus(378):295,-1.1545811246999036,163,False
adam_metallopeptidase,ADAM8,16,2475,905,584,352,210,1489,0.7535911602209945,0.029090909090909056,0.35878787878787877,623.8333333333334,chimp,33,0.036464088397790057,True,True,False,False,33.0,660.0,576.0,,,584,905,chimp(8):33;gorilla(11):44;macaque(42):157;guineapig(156):633;rat(156):662;mouse(156):660;rabbit(156):601;cow(169):576;sheep(169):580;pig(169):548;goat(169):593;dog(169):567;cat(169):577;opossum(319):584;platypus(378):905,-1.194512096387153,164,False
metallothionein,MT4,21,189,34,27,12,7,61,0.5,0.015873015873015928,0.015873015873015928,23.0,chimp,3,0.08823529411764706,True,True,False,False,3.0,25.0,24.0,,,27,34,chimp(8):3;gorilla(11):3;orangutan(21):6;macaque(42):6;marmoset(64):9;guineapig(156):23;rat(156):25;mouse(156):25;rabbit(156):18;cow(169):24;sheep(169):24;pig(169):18;goat(169):25;bat(169):23;dog(169):20;ferret(169):21;panda(169):19;cat(169):19;opossum(319):27;platypus(378):34,-1.3086940719956517,165,False
arf_gtpase,ARL6,17,561,87,75,34,25,162,0.367816091954023,0.005347593582887722,0.005347593582887722,48.5,chimp,11,0.12643678160919541,True,True,False,False,11.0,59.0,40.0,,,75,87,chimp(8):11;gorilla(11):12;orangutan(21):2;marmoset(64):25;rat(156):56;mouse(156):59;rabbit(156):34;cow(169):40;sheep(169):42;pig(169):30;goat(169):44;dog(169):37;ferret(169):40;cat(169):38;opossum(319):75;platypus(378):87,-1.3450438796664765,166,False
hox,HOXA4,15,963,217,286,100,180,503,0.6912442396313364,0.03738317757009346,0.17757009345794394,123.0,orangutan,15,0.06912442396313365,True,True,True,False,,135.0,91.0,,100.0,286,217,orangutan(21):15;macaque(42):27;marmoset(64):43;rat(156):143;mouse(156):135;cow(169):91;sheep(169):89;goat(169):87;dog(169):78;ferret(169):77;panda(169):50;elephant(183):100;opossum(319):286;platypus(378):217,-1.4115294570285335,167,False
serotonin_receptor,HTR7,15,1440,297,226,154,106,523,0.5589225589225589,0.16249999999999998,0.16249999999999998,151.16666666666666,chimp,9,0.030303030303030304,True,True,False,False,9.0,128.0,182.0,,,226,297,chimp(8):9;macaque(42):40;rat(156):176;mouse(156):128;cow(169):182;sheep(169):166;pig(169):117;goat(169):110;dog(169):108;panda(169):97;cat(169):112;horse(169):95;opossum(319):226;platypus(378):297,-1.4504985680090066,168,False
phosphodiesterase,PDE6H,21,252,82,60,33,28,142,0.6097560975609756,0.0714285714285714,0.09523809523809523,34.733333333333334,chimp,2,0.024390243902439025,True,True,False,False,2.0,36.0,28.0,,,60,82,chimp(8):2;gorilla(11):3;orangutan(21):5;macaque(42):33;marmoset(64):9;guineapig(156):22;rat(156):74;mouse(156):36;cow(169):28;sheep(169):27;pig(169):22;goat(169):27;bat(169):23;dog(169):40;ferret(169):25;panda(169):19;cat(169):19;horse(169):17;opossum(319):60;platypus(378):82,-1.478528066801285,169,False
phosphodiesterase,PDE1C,16,2130,504,372,234,154,876,0.39285714285714285,0.011267605633802802,0.15774647887323945,262.90909090909093,chimp,77,0.1527777777777778,True,True,False,False,77.0,238.0,240.0,,,372,504,chimp(8):77;orangutan(21):99;macaque(42):110;marmoset(64):124;rat(156):288;mouse(156):238;cow(169):240;sheep(169):241;pig(169):160;goat(169):211;dog(169):236;cat(169):199;horse(169):203;opossum(319):372;platypus(378):504,-1.4803322376513375,170,False
glutathione_peroxidase,GPX6,17,666,185,205,69,91,390,0.6864864864864865,0.15315315315315314,0.15315315315315314,112.0,chimp,7,0.03783783783783784,True,True,False,False,7.0,126.0,,,,205,185,chimp(8):7;orangutan(21):17;macaque(42):28;guineapig(156):58;rat(156):149;mouse(156):126;rabbit(156):106;sheep(169):82;pig(169):78;goat(169):81;dog(169):88;panda(169):83;cat(169):114;horse(169):101;opossum(319):205;platypus(378):185,-1.717092886243282,171,False
rab_gtpase,RAB12,18,1023,111,143,36,64,254,0.36036036036036034,0.1407624633431085,0.1407624633431085,88.75,chimp,3,0.02702702702702703,True,True,False,False,3.0,92.0,96.0,,,143,111,chimp(8):3;gorilla(11):1;orangutan(21):10;macaque(42):27;marmoset(64):41;rat(156):91;mouse(156):92;rabbit(156):140;cow(169):96;pig(169):91;goat(169):70;bat(169):37;dog(169):60;cat(169):78;horse(169):56;opossum(319):143;platypus(378):111,-1.8194429864214934,172,False
rab_gtpase,RAB20,17,705,123,143,34,50,266,0.5284552845528455,0.09787234042553195,0.09787234042553195,133.30769230769232,orangutan,12,0.0975609756097561,True,True,False,False,,124.0,191.0,,,143,123,orangutan(21):12;macaque(42):28;marmoset(64):42;guineapig(156):136;rat(156):124;mouse(156):124;cow(169):191;sheep(169):198;pig(169):121;goat(169):132;bat(169):101;dog(169):107;cat(169):122;horse(169):111;opossum(319):143;platypus(378):123,-1.918060380221849,173,False
rab_gtpase,RAB30,20,612,126,73,81,27,199,0.4603174603174603,0.26960784313725494,0.26960784313725494,39.2,chimp,0,0.0,True,True,True,True,0.0,36.0,27.0,32.0,20.0,73,126,chimp(8):0;orangutan(21):2;macaque(42):5;marmoset(64):5;guineapig(156):27;rat(156):35;mouse(156):36;cow(169):27;sheep(169):29;pig(169):31;goat(169):58;dog(169):23;panda(169):23;cat(169):26;horse(169):22;armadillo(180):32;elephant(183):20;opossum(319):73;platypus(378):126,-1.9955264206612,174,False
arf_gtpase,ARL9,16,798,296,246,156,93,542,0.8209459459459459,0.21804511278195493,0.21804511278195493,126.33333333333333,orangutan,11,0.037162162162162164,True,True,False,False,,71.0,126.0,,,246,296,orangutan(21):11;macaque(42):28;marmoset(64):47;rat(156):178;mouse(156):71;rabbit(156):63;cow(169):126;sheep(169):130;pig(169):64;goat(169):75;dog(169):134;panda(169):100;horse(169):33;opossum(319):246;platypus(378):296,-2.100734247458441,175,False
hox,HOXD11,16,1017,142,186,64,82,328,0.4859154929577465,0.15339233038348088,0.15339233038348088,86.72727272727273,chimp,9,0.06338028169014084,True,True,False,False,9.0,98.0,64.0,,,186,142,chimp(8):9;orangutan(21):17;macaque(42):29;marmoset(64):33;rat(156):92;mouse(156):98;rabbit(156):73;cow(169):64;sheep(169):63;pig(169):58;goat(169):69;cat(169):59;horse(169):50;opossum(319):186;platypus(378):142,-2.140278583361481,176,False
hox,HOXD9,15,1059,188,224,66,84,412,0.6063829787234043,0.17280453257790374,0.17280453257790374,116.75,macaque,25,0.13297872340425532,True,True,True,False,,99.0,85.0,,104.0,224,188,macaque(42):25;marmoset(64):46;guineapig(156):79;rat(156):99;mouse(156):99;cow(169):85;sheep(169):89;dog(169):167;panda(169):91;cat(169):89;horse(169):87;elephant(183):104;opossum(319):224;platypus(378):188,-2.1656458648950245,177,False
sulfotransferase,SULT1C3,17,915,308,301,50,42,609,0.737012987012987,0.02950819672131144,0.02950819672131144,291.14285714285717,chimp,158,0.512987012987013,True,True,True,True,158.0,295.0,309.0,176.0,281.0,301,308,chimp(8):158;macaque(42):99;rat(156):301;mouse(156):295;rabbit(156):301;cow(169):309;sheep(169):306;pig(169):313;goat(169):306;dog(169):289;cat(169):311;horse(169):279;armadillo(180):176;elephant(183):281;opossum(319):301;platypus(378):308,-2.5831272609813665,178,False
cytochrome_p450,CYP27C1,16,1614,375,217,163,71,592,0.5093333333333333,0.0018587360594795044,0.30855018587360594,214.63636363636363,chimp,6,0.016,True,True,False,False,6.0,,206.0,,,217,375,chimp(8):6;orangutan(21):27;macaque(42):26;marmoset(64):63;rabbit(156):228;cow(169):206;sheep(169):209;goat(169):142;dog(169):209;ferret(169):141;panda(169):133;cat(169):235;horse(169):266;opossum(319):217;platypus(378):375,-2.8651840060857747,179,False
ectonucleotide_pyrophosphatase,ENPP2,17,2592,529,220,227,72,749,0.30812854442344045,0.00694444444444442,0.42361111111111116,280.3333333333333,chimp,16,0.030245746691871456,True,True,False,False,16.0,323.0,284.0,,,220,529,chimp(8):16;orangutan(21):36;macaque(42):77;marmoset(64):109;rat(156):338;mouse(156):323;cow(169):284;sheep(169):301;pig(169):209;goat(169):339;dog(169):226;panda(169):218;cat(169):204;horse(169):173;opossum(319):220;platypus(378):529,-3.9180724658923567,180,False
adamts_metallopeptidase,ADAMTS4,22,2514,301,503,141,194,804,0.6212624584717608,0.5918854415274464,0.5918854415274464,288.3125,chimp,13,0.04318936877076412,True,True,False,True,13.0,316.0,261.0,246.0,,503,301,chimp(8):13;gorilla(11):17;orangutan(21):29;macaque(42):52;marmoset(64):105;guineapig(156):276;rat(156):322;mouse(156):316;rabbit(156):260;cow(169):261;sheep(169):261;pig(169):240;goat(169):268;dog(169):309;ferret(169):309;panda(169):259;cat(169):279;horse(169):203;armadillo(180):246;opossum(319):503;platypus(378):301,-5.158620866963742,181,False
flavin_monooxygenase,FMO2,20,1608,190,364,67,150,554,0.4842105263157895,0.4850746268656716,0.4850746268656716,225.14285714285714,chimp,10,0.05263157894736842,True,True,False,False,10.0,285.0,214.0,,,364,190,chimp(8):10;gorilla(11):12;orangutan(21):24;macaque(42):48;marmoset(64):71;rat(156):291;mouse(156):285;cow(169):214;sheep(169):205;pig(169):194;goat(169):205;bat(169):209;dog(169):205;ferret(169):220;panda(169):200;cat(169):207;horse(169):163;opossum(319):364;platypus(378):190,-5.3103941332139115,182,False
nadph_oxidase,DUOX2,20,4647,967,397,392,174,1364,0.5884177869700103,0.009683666881859287,0.7127178825048419,601.5,chimp,27,0.027921406411582212,True,True,False,False,27.0,701.0,569.0,,,397,967,chimp(8):27;gorilla(11):44;orangutan(21):69;macaque(42):150;marmoset(64):285;guineapig(156):663;rat(156):708;mouse(156):701;rabbit(156):566;cow(169):569;sheep(169):574;pig(169):577;goat(169):564;dog(169):579;ferret(169):532;cat(169):522;horse(169):502;opossum(319):397;platypus(378):967,-5.611928127963154,183,False
histamine_receptor,HRH1,20,1464,730,777,220,124,1507,0.8753424657534247,0.08196721311475408,0.08196721311475408,767.8,chimp,819,1.121917808219178,True,True,False,True,819.0,777.0,745.0,770.0,,777,730,chimp(8):819;orangutan(21):823;macaque(42):815;marmoset(64):816;guineapig(156):769;rat(156):767;mouse(156):777;rabbit(156):785;cow(169):745;sheep(169):748;pig(169):770;goat(169):750;dog(169):801;panda(169):778;cat(169):780;horse(169):770;armadillo(180):770;opossum(319):777;platypus(378):730,-6.658668010611739,184,False
rho_gtpase,RHOBTB1,19,2091,415,159,198,84,574,0.3469879518072289,0.022955523672883782,0.6829268292682926,246.69230769230768,chimp,12,0.02891566265060241,True,True,False,False,12.0,353.0,234.0,,,159,415,chimp(8):12;gorilla(11):1;orangutan(21):34;macaque(42):62;marmoset(64):182;guineapig(156):209;rat(156):347;mouse(156):353;cow(169):234;pig(169):229;goat(169):233;bat(169):221;dog(169):217;panda(169):211;cat(169):198;horse(169):181;opossum(319):159;platypus(378):415,-7.450194090967234,185,False
m14_carboxypeptidase,CPO,21,1125,538,382,119,108,920,0.8773234200743495,0.20533333333333337,0.3546666666666667,492.1333333333333,chimp,502,0.9330855018587361,True,True,True,True,502.0,462.0,535.0,514.0,563.0,382,538,chimp(8):502;gorilla(11):525;orangutan(21):499;macaque(42):510;marmoset(64):541;guineapig(156):430;rat(156):490;mouse(156):462;rabbit(156):507;cow(169):535;sheep(169):541;goat(169):540;dog(169):449;panda(169):468;cat(169):519;horse(169):444;armadillo(180):514;elephant(183):563;opossum(319):382;platypus(378):538,-9.236719565112256,186,False
nitric_oxide_synthase,NOS2,23,3462,279,169,50,29,448,0.8064516129032258,0.8370883882149047,0.8873483535528597,199.47058823529412,chimp,195,0.6989247311827957,True,True,True,True,195.0,201.0,196.0,193.0,187.0,169,279,chimp(8):195;gorilla(11):193;orangutan(21):205;macaque(42):187;marmoset(64):186;guineapig(156):165;rat(156):204;mouse(156):201;rabbit(156):208;cow(169):196;sheep(169):190;pig(169):207;goat(169):190;dog(169):209;ferret(169):194;panda(169):190;cat(169):218;horse(169):191;armadillo(180):193;elephant(183):187;opossum(319):169;platypus(378):279,-14.816226692364024,187,False
rab_gtpase,RAB15,15,639,90,82,28,32,172,0.25555555555555554,0.0046948356807511304,0.0046948356807511304,53.8,chimp,151,1.6777777777777778,True,True,False,False,151.0,53.0,,,,82,90,chimp(8):151;orangutan(21):7;macaque(42):12;marmoset(64):118;rat(156):56;mouse(156):53;rabbit(156):47;sheep(169):51;pig(169):41;goat(169):50;panda(169):36;horse(169):32;opossum(319):82;platypus(378):90,-15.023915014858948,188,False
